Sample_ID,Timestamp_UTC,Operator_ID,Jurisdiction_Unit,Physical_Form,Reagent_Type,Reagent_Lot_ID,Ambient_Illuminance_Lux,Ambient_Temp_Celsius,QC_Status,Ref_Card_DeltaE00,Calibrated_L_t0s,Calibrated_a_t0s,Calibrated_b_t0s,Calibrated_L_t15s,Calibrated_a_t15s,Calibrated_b_t15s,Calibrated_L_t30s,Calibrated_a_t30s,Calibrated_b_t30s,Calibrated_L_t60s,Calibrated_a_t60s,Calibrated_b_t60s,Delta_E_Total_t60,Reaction_Velocity_dE_dt,ML_Model_ID,ML_Confidence_Score,Presumptive_ML_Result,Validation_Status,Lab_Specimen_ID,Lab_Analytical_Method,Lab_Confirmed_Substance,Lab_Purity_Percent,Lab_Adulterants_Detected,Field_vs_Lab_Match_Status,Dataset_Split_Assignment
FS-2026-00001,2026-03-01T08:28:00Z,OP-FORENSIC-102,District_Lab_North,Pressed Tablet (Crushed),Mecke Reagent (Selenious Acid/Sulfuric Acid),LOT-2026-MECK-208,564,19.8,PASS,0.755,86.85,2.0,1.0,86.34,2.87,0.46,85.43,0.2,0.72,84.63,2.25,0.6,2.27,0.0378,FieldSure-Narcotics-v2.1,0.968,NEG_NO_REACTION,VALIDATED_LAB_CONFIRMED,LAB-CONFIRM-80000,GC-MS (Gas Chromatography-Mass Spectrometry),Cocaine Hydrochloride,84.4,Lactose / Starch,TRUE_POSITIVE,TRAIN_SET
FS-2026-00002,2026-03-01T11:49:00Z,OP-FORENSIC-121,District_Lab_North,Plant Matter Extract,Mecke Reagent (Selenious Acid/Sulfuric Acid),LOT-2026-MECK-409,564,18.4,FAIL_GLARE,11.592,94.18,-1.12,2.71,,,,,,,,,,,,FieldSure-Narcotics-v2.1,0.183,ABSTAIN_FAIL_GLARE,UNVALIDATED_QC_ABSTAIN,LAB-CONFIRM-80001,GC-MS (Gas Chromatography-Mass Spectrometry),LSD (Lysergic Acid Diethylamide),35.74,Levamisole (8.2%),ABSTAINED_NO_PREDICTION,TRAIN_SET
FS-2026-00003,2026-03-01T13:16:00Z,OP-FORENSIC-116,District_Lab_North,Crystalline Powder,Marquis Reagent (Formaldehyde/Sulfuric Acid),LOT-2026-MARQ-687,564,23.2,PASS,0.998,86.26,-0.85,5.05,69.21,-8.33,-6.1,56.11,-15.02,-12.9,48.01,-19.01,-16.92,47.703,0.795,FieldSure-Narcotics-v2.1,0.939,POS_METHAMPHETAMINE,VALIDATED_LAB_CONFIRMED,LAB-CONFIRM-80002,LC-MS/MS (Liquid Chromatography-Tandem Mass Spectrometry),Methamphetamine HCl,80.14,Dimethylsulfone (18.4%),TRUE_POSITIVE,TRAIN_SET
FS-2026-00004,2026-03-01T22:32:00Z,OP-FORENSIC-100,Metropolitan_Task_Force,Crystalline Powder,Marquis Reagent (Formaldehyde/Sulfuric Acid),LOT-2026-MARQ-940,2363,25.2,PASS,1.273,94.07,1.79,1.67,93.08,3.5,2.5,92.53,0.06,2.97,91.85,0.53,3.22,2.986,0.0498,FieldSure-Narcotics-v2.1,0.965,NEG_NO_REACTION,VALIDATED_LAB_CONFIRMED,LAB-CONFIRM-80003,LC-MS/MS (Liquid Chromatography-Tandem Mass Spectrometry),Procaine / Benzocaine (Local Anesthetic),0.0,N/A (Inert Sample),TRUE_NEGATIVE,TRAIN_SET
FS-2026-00005,2026-03-02T01:08:00Z,OP-FORENSIC-111,State_Forensic_Field_Team,Crystalline Powder,Marquis Reagent (Formaldehyde/Sulfuric Acid),LOT-2026-MARQ-522,7589,24.9,PASS,1.057,87.9,1.35,2.56,76.71,-1.58,0.59,67.56,-7.8,-1.06,62.83,-8.99,-2.88,27.659,0.461,FieldSure-Narcotics-v2.1,0.989,POS_FENTANYL_WEAK,VALIDATED_LAB_CONFIRMED,LAB-CONFIRM-80004,FTIR (Fourier Transform Infrared Spectroscopy),Fentanyl HCl (Trace / Weak Response),9.49,Lactose / Starch,TRUE_POSITIVE,TRAIN_SET
FS-2026-00006,2026-03-02T05:24:00Z,OP-FORENSIC-105,Metropolitan_Task_Force,Crystalline Powder,Mandelin Reagent (Ammonium Vanadate/Sulfuric Acid),LOT-2026-MAND-882,7589,27.6,PASS,1.474,91.3,1.84,5.39,93.16,3.06,6.16,92.33,3.11,6.9,91.79,2.69,7.82,2.621,0.0437,FieldSure-Narcotics-v2.1,0.976,NEG_NO_REACTION,VALIDATED_LAB_CONFIRMED,LAB-CONFIRM-80005,GC-MS (Gas Chromatography-Mass Spectrometry),Heroin Hydrochloride,55.47,None (High Purity Grade),TRUE_POSITIVE,TRAIN_SET
FS-2026-00007,2026-03-02T07:41:00Z,OP-FORENSIC-120,District_Lab_North,Crystalline Powder,Mecke Reagent (Selenious Acid/Sulfuric Acid),LOT-2026-MECK-856,2363,26.0,PASS,1.344,89.72,1.17,1.67,87.19,0.78,1.16,87.09,0.84,1.66,87.4,2.11,0.92,2.613,0.0436,FieldSure-Narcotics-v2.1,0.956,NEG_NO_REACTION,VALIDATED_LAB_CONFIRMED,LAB-CONFIRM-80006,GC-MS (Gas Chromatography-Mass Spectrometry),Delta-9-THC,31.39,None (High Purity Grade),TRUE_POSITIVE,TRAIN_SET
FS-2026-00008,2026-03-02T13:31:00Z,OP-FORENSIC-105,Border_Control_Post_3,Pressed Tablet (Crushed),Duquenois-Levine Reagent (Vanillin/Acetaldehyde),LOT-2026-DUQN-637,564,28.4,PASS,0.489,95.99,-0.43,3.88,83.05,9.59,4.72,75.34,15.12,7.32,70.75,18.5,9.27,32.007,0.5334,FieldSure-Narcotics-v2.1,0.961,POS_CANNABINOID_THC,VALIDATED_LAB_CONFIRMED,LAB-CONFIRM-80007,GC-MS (Gas Chromatography-Mass Spectrometry),Delta-9-THC,53.43,Levamisole (8.2%),TRUE_POSITIVE,TRAIN_SET
FS-2026-00009,2026-03-02T16:39:00Z,OP-FORENSIC-123,Customs_Evidence_Unit,Pressed Tablet (Crushed),Marquis Reagent (Formaldehyde/Sulfuric Acid),LOT-2026-MARQ-897,2363,24.1,PASS,0.799,87.7,1.27,3.41,68.13,-9.44,9.21,52.66,-14.16,13.35,44.32,-18.07,15.82,49.09,0.8182,FieldSure-Narcotics-v2.1,0.946,POS_OPIATE_HEROIN,VALIDATED_LAB_CONFIRMED,LAB-CONFIRM-80008,LC-MS/MS (Liquid Chromatography-Tandem Mass Spectrometry),Heroin Hydrochloride,80.99,Dimethylsulfone (18.4%),TRUE_POSITIVE,TRAIN_SET
FS-2026-00010,2026-03-02T18:57:00Z,OP-FORENSIC-104,District_Lab_North,Pressed Tablet (Crushed),Mandelin Reagent (Ammonium Vanadate/Sulfuric Acid),LOT-2026-MAND-317,7589,17.4,PASS,1.734,90.73,1.71,4.3,90.4,0.86,5.71,88.17,2.31,5.1,86.63,2.22,7.65,5.319,0.0886,FieldSure-Narcotics-v2.1,0.992,NEG_NO_REACTION,VALIDATED_LAB_CONFIRMED,LAB-CONFIRM-80009,GC-MS (Gas Chromatography-Mass Spectrometry),Inert Cutting Agent (Lactose/Caffeine),0.0,N/A (Inert Sample),TRUE_NEGATIVE,TRAIN_SET
FS-2026-00011,2026-03-02T20:04:00Z,OP-FORENSIC-105,Border_Control_Post_3,Liquid Solution (Diluted),Simon's Reagent (Sodium Nitroprusside/Acetaldehyde),LOT-2026-SIMN-682,564,19.3,PASS,1.798,90.87,0.59,2.99,92.62,0.23,2.67,89.26,1.67,2.51,89.42,2.18,2.51,2.205,0.0368,FieldSure-Narcotics-v2.1,0.992,NEG_NO_REACTION,VALIDATED_LAB_CONFIRMED,LAB-CONFIRM-80010,GC-MS (Gas Chromatography-Mass Spectrometry),Inert Cutting Agent (Lactose/Caffeine),0.0,N/A (Inert Sample),TRUE_NEGATIVE,TRAIN_SET
FS-2026-00012,2026-03-03T00:09:00Z,OP-FORENSIC-100,Metropolitan_Task_Force,Off-White Powder,Mecke Reagent (Selenious Acid/Sulfuric Acid),LOT-2026-MECK-160,2363,25.5,PASS,1.693,88.44,0.02,1.63,88.78,0.7,1.58,88.47,0.54,1.56,87.77,0.71,1.3,1.017,0.017,FieldSure-Narcotics-v2.1,0.941,NEG_NO_REACTION,VALIDATED_LAB_CONFIRMED,LAB-CONFIRM-80011,LC-MS/MS (Liquid Chromatography-Tandem Mass Spectrometry),"3,4-MDMA (Ecstasy)",54.86,Phenacetin (11.0%),TRUE_POSITIVE,TRAIN_SET
FS-2026-00013,2026-03-03T03:07:00Z,OP-FORENSIC-104,State_Forensic_Field_Team,Crystalline Powder,Ehrlich Reagent (p-DMAB/HCl),LOT-2026-EHRL-269,564,20.3,PASS,1.003,89.23,2.32,4.42,86.67,2.9,7.12,85.69,3.92,5.11,85.41,2.88,7.14,4.723,0.0787,FieldSure-Narcotics-v2.1,0.957,NEG_NO_REACTION,VALIDATED_LAB_CONFIRMED,LAB-CONFIRM-80012,FTIR (Fourier Transform Infrared Spectroscopy),Heroin Hydrochloride,81.01,Lactose / Starch,TRUE_POSITIVE,TRAIN_SET
FS-2026-00014,2026-03-03T08:13:00Z,OP-FORENSIC-110,State_Forensic_Field_Team,Off-White Powder,Duquenois-Levine Reagent (Vanillin/Acetaldehyde),LOT-2026-DUQN-958,7589,22.1,PASS,0.592,95.53,-0.62,1.88,94.6,-0.98,1.62,92.72,-0.85,0.58,92.03,-0.97,1.22,3.579,0.0596,FieldSure-Narcotics-v2.1,0.995,NEG_NO_REACTION,VALIDATED_LAB_CONFIRMED,LAB-CONFIRM-80013,GC-MS (Gas Chromatography-Mass Spectrometry),"3,4-MDMA (Ecstasy)",57.18,Lactose / Starch,TRUE_POSITIVE,TRAIN_SET
FS-2026-00015,2026-03-03T15:17:00Z,OP-FORENSIC-107,District_Lab_North,Liquid Solution (Diluted),Duquenois-Levine Reagent (Vanillin/Acetaldehyde),LOT-2026-DUQN-180,564,29.0,PASS,0.932,91.58,0.68,1.38,75.41,6.26,10.29,65.13,8.58,17.72,57.98,11.95,21.25,40.63,0.6772,FieldSure-Narcotics-v2.1,0.947,POS_CANNABINOID_THC,VALIDATED_LAB_CONFIRMED,LAB-CONFIRM-80014,GC-MS (Gas Chromatography-Mass Spectrometry),Delta-9-THC,61.92,Dimethylsulfone (18.4%),TRUE_POSITIVE,TRAIN_SET
FS-2026-00016,2026-03-03T19:02:00Z,OP-FORENSIC-121,Customs_Evidence_Unit,Tar/Sticky Resin,Scott Reagent (Cobalt Thiocyanate Phase),LOT-2026-SCOT-375,2363,17.3,PASS,0.877,92.29,0.74,1.98,77.21,-8.08,16.79,63.53,-14.61,27.68,56.79,-19.33,34.42,52.11,0.8685,FieldSure-Narcotics-v2.1,0.93,POS_COCAINE,VALIDATED_LAB_CONFIRMED,LAB-CONFIRM-80015,GC-MS (Gas Chromatography-Mass Spectrometry),Cocaine Hydrochloride,88.44,Levamisole (8.2%),TRUE_POSITIVE,TRAIN_SET
FS-2026-00017,2026-03-03T21:39:00Z,OP-FORENSIC-117,Metropolitan_Task_Force,Crystalline Powder,Simon's Reagent (Sodium Nitroprusside/Acetaldehyde),LOT-2026-SIMN-232,564,21.8,PASS,0.691,86.87,1.59,2.61,86.39,2.11,4.64,84.11,1.2,3.84,84.66,1.82,3.75,2.497,0.0416,FieldSure-Narcotics-v2.1,0.913,NEG_NO_REACTION,VALIDATED_LAB_CONFIRMED,LAB-CONFIRM-80016,LC-MS/MS (Liquid Chromatography-Tandem Mass Spectrometry),Cocaine Hydrochloride,84.42,Caffeine (14.5%),TRUE_POSITIVE,TRAIN_SET
FS-2026-00018,2026-03-04T01:35:00Z,OP-FORENSIC-117,State_Forensic_Field_Team,Off-White Powder,Simon's Reagent (Sodium Nitroprusside/Acetaldehyde),LOT-2026-SIMN-363,564,16.4,PASS,0.808,86.26,0.72,5.92,85.75,-0.03,5.87,84.04,1.01,6.86,84.2,1.09,7.39,2.558,0.0426,FieldSure-Narcotics-v2.1,0.936,NEG_NO_REACTION,VALIDATED_LAB_CONFIRMED,LAB-CONFIRM-80017,GC-MS (Gas Chromatography-Mass Spectrometry),"3,4-MDMA (Ecstasy)",77.95,Dimethylsulfone (18.4%),TRUE_POSITIVE,TRAIN_SET
FS-2026-00019,2026-03-04T02:25:00Z,OP-FORENSIC-115,Metropolitan_Task_Force,Crystalline Powder,Ehrlich Reagent (p-DMAB/HCl),LOT-2026-EHRL-528,2363,22.5,PASS,1.583,93.7,-0.91,1.36,94.6,0.14,0.38,93.3,-1.38,1.74,93.95,-1.29,1.01,0.574,0.0096,FieldSure-Narcotics-v2.1,0.945,NEG_NO_REACTION,VALIDATED_LAB_CONFIRMED,LAB-CONFIRM-80018,GC-MS (Gas Chromatography-Mass Spectrometry),Methamphetamine HCl,75.7,Caffeine (14.5%),TRUE_POSITIVE,TRAIN_SET
FS-2026-00020,2026-03-04T03:39:00Z,OP-FORENSIC-101,Metropolitan_Task_Force,Pressed Tablet (Crushed),Mandelin Reagent (Ammonium Vanadate/Sulfuric Acid),LOT-2026-MAND-782,564,28.6,PASS,1.79,95.44,-0.04,3.93,95.69,0.53,4.38,95.38,0.12,3.34,94.97,0.01,3.22,0.853,0.0142,FieldSure-Narcotics-v2.1,0.901,NEG_NO_REACTION,VALIDATED_LAB_CONFIRMED,LAB-CONFIRM-80019,GC-MS (Gas Chromatography-Mass Spectrometry),"3,4-MDMA (Ecstasy)",53.45,Caffeine (14.5%),TRUE_POSITIVE,TRAIN_SET
FS-2026-00021,2026-03-04T06:36:00Z,OP-FORENSIC-110,State_Forensic_Field_Team,Liquid Solution (Diluted),Mecke Reagent (Selenious Acid/Sulfuric Acid),LOT-2026-MECK-266,2363,28.5,PASS,1.058,95.91,0.96,4.08,93.9,1.19,4.78,94.01,-0.76,2.94,93.7,0.32,3.76,2.323,0.0387,FieldSure-Narcotics-v2.1,0.92,NEG_NO_REACTION,VALIDATED_LAB_CONFIRMED,LAB-CONFIRM-80020,GC-MS (Gas Chromatography-Mass Spectrometry),Inert Cutting Agent (Lactose/Caffeine),0.0,N/A (Inert Sample),TRUE_NEGATIVE,TRAIN_SET
FS-2026-00022,2026-03-04T07:27:00Z,OP-FORENSIC-111,State_Forensic_Field_Team,Crystalline Powder,Ehrlich Reagent (p-DMAB/HCl),LOT-2026-EHRL-149,564,29.0,PASS,0.773,86.14,0.73,1.18,86.44,1.64,3.22,84.67,1.97,2.5,84.17,1.61,1.52,2.184,0.0364,FieldSure-Narcotics-v2.1,0.895,NEG_NO_REACTION,VALIDATED_LAB_CONFIRMED,LAB-CONFIRM-80021,GC-MS (Gas Chromatography-Mass Spectrometry),Delta-9-THC,52.3,Caffeine (14.5%),TRUE_POSITIVE,TRAIN_SET
FS-2026-00023,2026-03-04T23:06:00Z,OP-FORENSIC-116,District_Lab_North,Pressed Tablet (Crushed),Scott Reagent (Cobalt Thiocyanate Phase),LOT-2026-SCOT-466,564,21.8,PASS,0.93,91.84,1.42,5.95,91.88,1.19,7.05,91.72,1.21,7.27,91.74,0.12,6.4,1.379,0.023,FieldSure-Narcotics-v2.1,0.987,NEG_NO_REACTION,VALIDATED_LAB_CONFIRMED,LAB-CONFIRM-80022,GC-MS (Gas Chromatography-Mass Spectrometry),"3,4-MDMA (Ecstasy)",81.23,Levamisole (8.2%),TRUE_POSITIVE,TRAIN_SET
FS-2026-00024,2026-03-04T23:10:00Z,OP-FORENSIC-119,Customs_Evidence_Unit,Tar/Sticky Resin,Scott Reagent (Cobalt Thiocyanate Phase),LOT-2026-SCOT-846,564,32.0,PASS,0.797,86.26,0.24,4.37,74.82,-12.03,-1.29,63.71,-20.8,-4.55,58.48,-26.97,-6.59,40.401,0.6734,FieldSure-Narcotics-v2.1,0.924,POS_COCAINE,VALIDATED_LAB_CONFIRMED,LAB-CONFIRM-80023,GC-MS (Gas Chromatography-Mass Spectrometry),Cocaine Hydrochloride,82.74,Levamisole (8.2%),TRUE_POSITIVE,TRAIN_SET
FS-2026-00025,2026-03-05T01:08:00Z,OP-FORENSIC-111,Customs_Evidence_Unit,Crystalline Powder,Marquis Reagent (Formaldehyde/Sulfuric Acid),LOT-2026-MARQ-209,7589,20.4,PASS,0.47,87.62,0.3,4.35,89.12,0.39,3.7,88.14,-0.03,3.97,87.58,0.76,3.92,0.631,0.0105,FieldSure-Narcotics-v2.1,0.99,NEG_NO_REACTION,VALIDATED_LAB_CONFIRMED,LAB-CONFIRM-80024,LC-MS/MS (Liquid Chromatography-Tandem Mass Spectrometry),Inert Cutting Agent (Lactose/Caffeine),0.0,N/A (Inert Sample),TRUE_NEGATIVE,TRAIN_SET
FS-2026-00026,2026-03-05T03:01:00Z,OP-FORENSIC-106,Border_Control_Post_3,Pressed Tablet (Crushed),Duquenois-Levine Reagent (Vanillin/Acetaldehyde),LOT-2026-DUQN-763,7589,21.7,FAIL_GEOMETRY,7.122,92.78,1.74,1.35,,,,,,,,,,,,FieldSure-Narcotics-v2.1,0.157,ABSTAIN_FAIL_GEOMETRY,UNVALIDATED_QC_ABSTAIN,LAB-CONFIRM-80025,GC-MS (Gas Chromatography-Mass Spectrometry),Cocaine Hydrochloride,74.58,Lactose / Starch,ABSTAINED_NO_PREDICTION,TRAIN_SET
FS-2026-00027,2026-03-05T06:38:00Z,OP-FORENSIC-112,State_Forensic_Field_Team,Liquid Solution (Diluted),Mandelin Reagent (Ammonium Vanadate/Sulfuric Acid),LOT-2026-MAND-460,564,23.9,PASS,1.209,86.04,1.32,6.0,84.97,0.48,6.75,85.49,0.24,6.7,86.01,0.53,6.61,0.999,0.0167,FieldSure-Narcotics-v2.1,0.896,NEG_NO_REACTION,VALIDATED_LAB_CONFIRMED,LAB-CONFIRM-80026,GC-MS (Gas Chromatography-Mass Spectrometry),Methamphetamine HCl,66.2,Levamisole (8.2%),TRUE_POSITIVE,TRAIN_SET
FS-2026-00028,2026-03-05T06:56:00Z,OP-FORENSIC-108,Metropolitan_Task_Force,Pressed Tablet (Crushed),Ehrlich Reagent (p-DMAB/HCl),LOT-2026-EHRL-959,564,28.4,PASS,0.963,86.61,-0.98,5.72,85.37,-0.79,5.83,83.81,-2.11,5.53,84.37,-1.8,5.73,2.385,0.0397,FieldSure-Narcotics-v2.1,0.905,NEG_NO_REACTION,VALIDATED_LAB_CONFIRMED,LAB-CONFIRM-80027,GC-MS (Gas Chromatography-Mass Spectrometry),Heroin Hydrochloride,74.32,Caffeine (14.5%),TRUE_POSITIVE,TRAIN_SET
FS-2026-00029,2026-03-05T07:00:00Z,OP-FORENSIC-104,Metropolitan_Task_Force,Off-White Powder,Duquenois-Levine Reagent (Vanillin/Acetaldehyde),LOT-2026-DUQN-981,7589,16.8,PASS,0.884,94.35,0.32,2.89,92.16,1.06,4.9,90.37,0.35,5.62,90.56,0.77,4.44,4.119,0.0686,FieldSure-Narcotics-v2.1,0.972,NEG_NO_REACTION,VALIDATED_LAB_CONFIRMED,LAB-CONFIRM-80028,LC-MS/MS (Liquid Chromatography-Tandem Mass Spectrometry),LSD (Lysergic Acid Diethylamide),48.72,Caffeine (14.5%),TRUE_POSITIVE,TRAIN_SET
FS-2026-00030,2026-03-05T07:16:00Z,OP-FORENSIC-114,District_Lab_North,Crystalline Powder,Simon's Reagent (Sodium Nitroprusside/Acetaldehyde),LOT-2026-SIMN-752,564,33.2,PASS,0.933,86.59,1.97,5.85,84.97,1.17,4.74,84.35,2.31,6.26,82.84,1.96,5.73,3.752,0.0625,FieldSure-Narcotics-v2.1,0.955,NEG_NO_REACTION,VALIDATED_LAB_CONFIRMED,LAB-CONFIRM-80029,GC-MS (Gas Chromatography-Mass Spectrometry),LSD (Lysergic Acid Diethylamide),41.85,Levamisole (8.2%),TRUE_POSITIVE,TRAIN_SET
FS-2026-00031,2026-03-05T12:18:00Z,OP-FORENSIC-108,Metropolitan_Task_Force,Pressed Tablet (Crushed),Mecke Reagent (Selenious Acid/Sulfuric Acid),LOT-2026-MECK-677,7589,20.7,FAIL_GEOMETRY,9.461,91.34,-0.18,2.52,,,,,,,,,,,,FieldSure-Narcotics-v2.1,0.153,ABSTAIN_FAIL_GEOMETRY,UNVALIDATED_QC_ABSTAIN,LAB-CONFIRM-80030,LC-MS/MS (Liquid Chromatography-Tandem Mass Spectrometry),LSD (Lysergic Acid Diethylamide),42.17,Phenacetin (11.0%),ABSTAINED_NO_PREDICTION,TRAIN_SET
FS-2026-00032,2026-03-05T13:17:00Z,OP-FORENSIC-114,Metropolitan_Task_Force,Crystalline Powder,Mandelin Reagent (Ammonium Vanadate/Sulfuric Acid),LOT-2026-MAND-835,2363,25.1,PASS,1.615,88.81,0.53,2.19,88.76,0.39,2.52,86.6,1.6,2.06,86.7,-0.03,2.09,2.185,0.0364,FieldSure-Narcotics-v2.1,0.931,NEG_NO_REACTION,VALIDATED_LAB_CONFIRMED,LAB-CONFIRM-80031,GC-MS (Gas Chromatography-Mass Spectrometry),Heroin Hydrochloride,80.18,Lactose / Starch,TRUE_POSITIVE,TRAIN_SET
FS-2026-00033,2026-03-05T15:51:00Z,OP-FORENSIC-100,Metropolitan_Task_Force,Off-White Powder,Duquenois-Levine Reagent (Vanillin/Acetaldehyde),LOT-2026-DUQN-257,564,19.4,PASS,0.824,88.82,-1.36,1.21,87.08,-2.4,2.31,89.47,-1.44,4.06,88.37,-0.85,3.42,2.312,0.0385,FieldSure-Narcotics-v2.1,0.894,NEG_NO_REACTION,VALIDATED_LAB_CONFIRMED,LAB-CONFIRM-80032,GC-MS (Gas Chromatography-Mass Spectrometry),Cocaine Hydrochloride,94.16,Caffeine (14.5%),TRUE_POSITIVE,TRAIN_SET
FS-2026-00034,2026-03-05T23:05:00Z,OP-FORENSIC-114,State_Forensic_Field_Team,Pressed Tablet (Crushed),Mandelin Reagent (Ammonium Vanadate/Sulfuric Acid),LOT-2026-MAND-806,2363,23.5,PASS,0.669,87.8,-0.31,3.56,86.79,1.11,2.77,86.04,0.69,3.24,85.37,1.03,2.34,3.031,0.0505,FieldSure-Narcotics-v2.1,0.957,NEG_NO_REACTION,VALIDATED_LAB_CONFIRMED,LAB-CONFIRM-80033,GC-MS (Gas Chromatography-Mass Spectrometry),Methamphetamine HCl,84.28,Levamisole (8.2%),TRUE_POSITIVE,TRAIN_SET
FS-2026-00035,2026-03-05T23:34:00Z,OP-FORENSIC-118,State_Forensic_Field_Team,Crystalline Powder,Ehrlich Reagent (p-DMAB/HCl),LOT-2026-EHRL-784,564,21.3,PASS,1.098,90.38,-0.94,5.57,89.9,-1.55,7.08,90.21,-1.03,7.64,91.24,-0.68,8.14,2.723,0.0454,FieldSure-Narcotics-v2.1,0.964,NEG_NO_REACTION,VALIDATED_LAB_CONFIRMED,LAB-CONFIRM-80034,GC-MS (Gas Chromatography-Mass Spectrometry),Inert Cutting Agent (Lactose/Caffeine),0.0,N/A (Inert Sample),TRUE_NEGATIVE,TRAIN_SET
FS-2026-00036,2026-03-06T03:08:00Z,OP-FORENSIC-122,State_Forensic_Field_Team,Off-White Powder,Mecke Reagent (Selenious Acid/Sulfuric Acid),LOT-2026-MECK-114,564,22.9,PASS,0.956,91.05,-0.96,3.43,89.86,-2.28,5.24,88.53,-2.25,4.69,88.54,-2.68,5.44,3.647,0.0608,FieldSure-Narcotics-v2.1,0.948,NEG_NO_REACTION,VALIDATED_LAB_CONFIRMED,LAB-CONFIRM-80035,GC-MS (Gas Chromatography-Mass Spectrometry),Delta-9-THC,47.16,Dimethylsulfone (18.4%),TRUE_POSITIVE,TRAIN_SET
FS-2026-00037,2026-03-06T03:51:00Z,OP-FORENSIC-124,District_Lab_North,Pressed Tablet (Crushed),Marquis Reagent (Formaldehyde/Sulfuric Acid),LOT-2026-MARQ-189,564,20.2,PASS,0.905,86.89,1.61,4.84,86.35,1.86,5.94,87.36,1.52,5.27,86.71,1.39,4.27,0.637,0.0106,FieldSure-Narcotics-v2.1,0.99,NEG_NO_REACTION,VALIDATED_LAB_CONFIRMED,LAB-CONFIRM-80036,GC-MS (Gas Chromatography-Mass Spectrometry),Procaine / Benzocaine (Local Anesthetic),0.0,N/A (Inert Sample),TRUE_NEGATIVE,TRAIN_SET
FS-2026-00038,2026-03-06T07:27:00Z,OP-FORENSIC-123,Metropolitan_Task_Force,Tar/Sticky Resin,Ehrlich Reagent (p-DMAB/HCl),LOT-2026-EHRL-289,564,16.2,PASS,0.439,88.3,2.11,2.79,88.24,2.28,2.69,86.4,1.81,3.36,86.82,2.59,3.85,1.883,0.0314,FieldSure-Narcotics-v2.1,0.955,NEG_NO_REACTION,VALIDATED_LAB_CONFIRMED,LAB-CONFIRM-80037,LC-MS/MS (Liquid Chromatography-Tandem Mass Spectrometry),"3,4-MDMA (Ecstasy)",60.21,None (High Purity Grade),TRUE_POSITIVE,TRAIN_SET
FS-2026-00039,2026-03-06T07:34:00Z,OP-FORENSIC-112,District_Lab_North,Crystalline Powder,Duquenois-Levine Reagent (Vanillin/Acetaldehyde),LOT-2026-DUQN-913,2363,28.6,PASS,1.636,91.03,-0.22,1.26,91.58,-0.42,2.77,90.06,0.87,4.49,89.78,1.01,3.61,2.932,0.0489,FieldSure-Narcotics-v2.1,0.894,NEG_NO_REACTION,VALIDATED_LAB_CONFIRMED,LAB-CONFIRM-80038,GC-MS (Gas Chromatography-Mass Spectrometry),LSD (Lysergic Acid Diethylamide),18.67,Lactose / Starch,TRUE_POSITIVE,TRAIN_SET
FS-2026-00040,2026-03-06T19:02:00Z,OP-FORENSIC-104,Metropolitan_Task_Force,Tar/Sticky Resin,Mecke Reagent (Selenious Acid/Sulfuric Acid),LOT-2026-MECK-581,564,26.3,PASS,0.926,93.7,-0.97,3.67,92.11,0.53,3.26,91.61,-1.66,4.67,90.7,-3.2,4.94,3.948,0.0658,FieldSure-Narcotics-v2.1,0.893,NEG_NO_REACTION,VALIDATED_LAB_CONFIRMED,LAB-CONFIRM-80039,LC-MS/MS (Liquid Chromatography-Tandem Mass Spectrometry),Procaine / Benzocaine (Local Anesthetic),0.0,N/A (Inert Sample),TRUE_NEGATIVE,TRAIN_SET
FS-2026-00041,2026-03-06T20:16:00Z,OP-FORENSIC-103,Metropolitan_Task_Force,Pressed Tablet (Crushed),Simon's Reagent (Sodium Nitroprusside/Acetaldehyde),LOT-2026-SIMN-202,564,26.6,PASS,1.425,86.16,0.13,3.19,87.43,-0.23,3.1,86.54,1.0,3.49,86.34,1.11,4.47,1.622,0.027,FieldSure-Narcotics-v2.1,0.934,NEG_NO_REACTION,VALIDATED_LAB_CONFIRMED,LAB-CONFIRM-80040,LC-MS/MS (Liquid Chromatography-Tandem Mass Spectrometry),Fentanyl HCl (Trace / Weak Response),14.61,Phenacetin (11.0%),TRUE_POSITIVE,TRAIN_SET
FS-2026-00042,2026-03-06T22:23:00Z,OP-FORENSIC-100,Customs_Evidence_Unit,Crystalline Powder,Duquenois-Levine Reagent (Vanillin/Acetaldehyde),LOT-2026-DUQN-669,7589,30.1,PASS,1.001,91.02,-0.64,2.59,89.49,-2.28,2.03,91.14,-2.58,3.56,92.05,-1.85,2.96,1.632,0.0272,FieldSure-Narcotics-v2.1,0.987,NEG_NO_REACTION,VALIDATED_LAB_CONFIRMED,LAB-CONFIRM-80041,LC-MS/MS (Liquid Chromatography-Tandem Mass Spectrometry),Methamphetamine HCl,73.03,Caffeine (14.5%),TRUE_POSITIVE,TRAIN_SET
FS-2026-00043,2026-03-06T22:44:00Z,OP-FORENSIC-115,Customs_Evidence_Unit,Pressed Tablet (Crushed),Scott Reagent (Cobalt Thiocyanate Phase),LOT-2026-SCOT-232,564,23.2,PASS,1.145,92.95,2.35,2.83,91.4,2.2,4.11,90.24,2.74,6.58,89.66,4.22,6.1,5.001,0.0834,FieldSure-Narcotics-v2.1,0.906,NEG_NO_REACTION,VALIDATED_LAB_CONFIRMED,LAB-CONFIRM-80042,GC-MS (Gas Chromatography-Mass Spectrometry),Inert Cutting Agent (Lactose/Caffeine),0.0,N/A (Inert Sample),TRUE_NEGATIVE,TRAIN_SET
FS-2026-00044,2026-03-07T00:00:00Z,OP-FORENSIC-121,Customs_Evidence_Unit,Crystalline Powder,Mecke Reagent (Selenious Acid/Sulfuric Acid),LOT-2026-MECK-317,2363,23.5,PASS,0.966,89.67,1.79,1.24,89.24,2.94,3.16,90.15,2.37,2.98,90.31,3.36,4.31,3.507,0.0584,FieldSure-Narcotics-v2.1,0.955,NEG_NO_REACTION,VALIDATED_LAB_CONFIRMED,LAB-CONFIRM-80043,LC-MS/MS (Liquid Chromatography-Tandem Mass Spectrometry),"3,4-MDMA (Ecstasy)",64.09,Caffeine (14.5%),TRUE_POSITIVE,TRAIN_SET
FS-2026-00045,2026-03-07T01:47:00Z,OP-FORENSIC-101,District_Lab_North,Liquid Solution (Diluted),Duquenois-Levine Reagent (Vanillin/Acetaldehyde),LOT-2026-DUQN-439,564,22.6,PASS,0.506,94.13,0.07,4.61,94.41,0.63,6.42,92.73,0.97,5.58,92.3,1.1,4.75,2.105,0.0351,FieldSure-Narcotics-v2.1,0.992,NEG_NO_REACTION,VALIDATED_LAB_CONFIRMED,LAB-CONFIRM-80044,LC-MS/MS (Liquid Chromatography-Tandem Mass Spectrometry),Heroin Hydrochloride,64.45,Levamisole (8.2%),TRUE_POSITIVE,TRAIN_SET
FS-2026-00046,2026-03-07T04:30:00Z,OP-FORENSIC-120,District_Lab_North,Pressed Tablet (Crushed),Scott Reagent (Cobalt Thiocyanate Phase),LOT-2026-SCOT-510,564,22.2,PASS,0.794,87.07,1.88,4.6,87.61,0.61,5.32,86.75,2.58,6.37,87.28,1.2,7.24,2.734,0.0456,FieldSure-Narcotics-v2.1,0.989,NEG_NO_REACTION,VALIDATED_LAB_CONFIRMED,LAB-CONFIRM-80045,GC-MS (Gas Chromatography-Mass Spectrometry),Delta-9-THC,64.77,Levamisole (8.2%),TRUE_POSITIVE,TRAIN_SET
FS-2026-00047,2026-03-07T09:08:00Z,OP-FORENSIC-107,Metropolitan_Task_Force,Pressed Tablet (Crushed),Marquis Reagent (Formaldehyde/Sulfuric Acid),LOT-2026-MARQ-952,7589,30.4,PASS,1.551,91.74,0.77,4.21,73.0,-2.26,15.47,57.43,-7.69,23.07,50.33,-9.75,27.85,48.829,0.8138,FieldSure-Narcotics-v2.1,0.957,POS_MDMA,VALIDATED_LAB_CONFIRMED,LAB-CONFIRM-80046,FTIR (Fourier Transform Infrared Spectroscopy),"3,4-MDMA (Ecstasy)",69.75,Lactose / Starch,TRUE_POSITIVE,TRAIN_SET
FS-2026-00048,2026-03-07T09:26:00Z,OP-FORENSIC-124,District_Lab_North,Off-White Powder,Mecke Reagent (Selenious Acid/Sulfuric Acid),LOT-2026-MECK-263,2363,22.1,PASS,0.753,86.87,-0.91,4.21,85.54,-0.61,3.66,86.35,-2.52,4.11,86.7,-2.11,3.94,1.242,0.0207,FieldSure-Narcotics-v2.1,0.996,NEG_NO_REACTION,VALIDATED_LAB_CONFIRMED,LAB-CONFIRM-80047,LC-MS/MS (Liquid Chromatography-Tandem Mass Spectrometry),Heroin Hydrochloride,75.7,Caffeine (14.5%),TRUE_POSITIVE,TRAIN_SET
FS-2026-00049,2026-03-07T15:40:00Z,OP-FORENSIC-117,Customs_Evidence_Unit,Off-White Powder,Duquenois-Levine Reagent (Vanillin/Acetaldehyde),LOT-2026-DUQN-664,7589,23.4,PASS,1.346,87.6,1.41,1.98,85.76,2.47,2.7,86.26,0.52,2.77,85.47,0.25,3.32,2.771,0.0462,FieldSure-Narcotics-v2.1,0.98,NEG_NO_REACTION,VALIDATED_LAB_CONFIRMED,LAB-CONFIRM-80048,GC-MS (Gas Chromatography-Mass Spectrometry),Procaine / Benzocaine (Local Anesthetic),0.0,N/A (Inert Sample),TRUE_NEGATIVE,TRAIN_SET
FS-2026-00050,2026-03-07T19:28:00Z,OP-FORENSIC-100,Customs_Evidence_Unit,Pressed Tablet (Crushed),Duquenois-Levine Reagent (Vanillin/Acetaldehyde),LOT-2026-DUQN-367,564,21.5,PASS,1.503,88.18,-0.13,2.11,69.17,12.61,14.15,51.74,21.44,24.09,43.45,26.64,30.49,59.353,0.9892,FieldSure-Narcotics-v2.1,0.985,POS_CANNABINOID_THC,VALIDATED_LAB_CONFIRMED,LAB-CONFIRM-80049,LC-MS/MS (Liquid Chromatography-Tandem Mass Spectrometry),Delta-9-THC,50.56,Dimethylsulfone (18.4%),TRUE_POSITIVE,TRAIN_SET
FS-2026-00051,2026-03-07T19:34:00Z,OP-FORENSIC-108,District_Lab_North,Liquid Solution (Diluted),Marquis Reagent (Formaldehyde/Sulfuric Acid),LOT-2026-MARQ-232,7589,27.0,PASS,0.466,90.36,2.4,2.44,91.35,1.85,3.67,90.87,2.13,5.22,91.01,1.61,4.06,1.916,0.0319,FieldSure-Narcotics-v2.1,0.935,NEG_NO_REACTION,VALIDATED_LAB_CONFIRMED,LAB-CONFIRM-80050,LC-MS/MS (Liquid Chromatography-Tandem Mass Spectrometry),Inert Cutting Agent (Lactose/Caffeine),0.0,N/A (Inert Sample),TRUE_NEGATIVE,TRAIN_SET
FS-2026-00052,2026-03-08T00:38:00Z,OP-FORENSIC-103,Metropolitan_Task_Force,Tar/Sticky Resin,Scott Reagent (Cobalt Thiocyanate Phase),LOT-2026-SCOT-623,2363,23.0,PASS,1.054,88.17,0.99,4.21,73.41,8.22,8.73,59.31,14.44,11.37,52.37,17.24,13.75,40.456,0.6743,FieldSure-Narcotics-v2.1,0.897,FALSE_POS_LOCAL_ANESTHETIC,VALIDATED_LAB_CONFIRMED,LAB-CONFIRM-80051,GC-MS (Gas Chromatography-Mass Spectrometry),Procaine / Benzocaine (Local Anesthetic),0.0,N/A (Inert Sample),TRUE_POSITIVE,TRAIN_SET
FS-2026-00053,2026-03-08T01:36:00Z,OP-FORENSIC-100,Metropolitan_Task_Force,Crystalline Powder,Mecke Reagent (Selenious Acid/Sulfuric Acid),LOT-2026-MECK-735,2363,22.4,PASS,1.829,92.9,-0.03,4.62,92.52,-0.45,5.75,90.09,-0.38,5.85,89.46,0.17,5.54,3.567,0.0594,FieldSure-Narcotics-v2.1,0.952,NEG_NO_REACTION,VALIDATED_LAB_CONFIRMED,LAB-CONFIRM-80052,GC-MS (Gas Chromatography-Mass Spectrometry),Delta-9-THC,44.09,Lactose / Starch,TRUE_POSITIVE,TRAIN_SET
FS-2026-00054,2026-03-08T02:30:00Z,OP-FORENSIC-108,Metropolitan_Task_Force,Off-White Powder,Mecke Reagent (Selenious Acid/Sulfuric Acid),LOT-2026-MECK-739,564,25.6,PASS,1.729,93.73,1.84,3.6,92.21,1.09,4.1,92.5,2.66,5.4,92.06,3.12,5.67,2.952,0.0492,FieldSure-Narcotics-v2.1,0.931,NEG_NO_REACTION,VALIDATED_LAB_CONFIRMED,LAB-CONFIRM-80053,LC-MS/MS (Liquid Chromatography-Tandem Mass Spectrometry),Inert Cutting Agent (Lactose/Caffeine),0.0,N/A (Inert Sample),TRUE_NEGATIVE,TRAIN_SET
FS-2026-00055,2026-03-08T03:30:00Z,OP-FORENSIC-109,Metropolitan_Task_Force,Crystalline Powder,Ehrlich Reagent (p-DMAB/HCl),LOT-2026-EHRL-966,7589,26.4,FAIL_GEOMETRY,6.179,90.37,-1.24,3.34,,,,,,,,,,,,FieldSure-Narcotics-v2.1,0.215,ABSTAIN_FAIL_GEOMETRY,UNVALIDATED_QC_ABSTAIN,LAB-CONFIRM-80054,GC-MS (Gas Chromatography-Mass Spectrometry),Delta-9-THC,56.68,Lactose / Starch,ABSTAINED_NO_PREDICTION,TRAIN_SET
FS-2026-00056,2026-03-08T04:54:00Z,OP-FORENSIC-116,Border_Control_Post_3,Crystalline Powder,Mecke Reagent (Selenious Acid/Sulfuric Acid),LOT-2026-MECK-304,2363,23.5,PASS,0.667,92.7,2.32,4.17,91.33,2.41,6.13,90.54,2.91,7.11,90.18,2.73,7.11,3.894,0.0649,FieldSure-Narcotics-v2.1,0.937,NEG_NO_REACTION,VALIDATED_LAB_CONFIRMED,LAB-CONFIRM-80055,GC-MS (Gas Chromatography-Mass Spectrometry),Inert Cutting Agent (Lactose/Caffeine),0.0,N/A (Inert Sample),TRUE_NEGATIVE,TRAIN_SET
FS-2026-00057,2026-03-08T05:24:00Z,OP-FORENSIC-103,Border_Control_Post_3,Pressed Tablet (Crushed),Ehrlich Reagent (p-DMAB/HCl),LOT-2026-EHRL-125,2363,22.3,PASS,1.528,95.63,2.19,3.34,76.16,-4.44,-8.85,62.69,-11.27,-16.79,54.01,-13.57,-21.94,51.183,0.853,FieldSure-Narcotics-v2.1,0.979,POS_INDOLE_LSD,VALIDATED_LAB_CONFIRMED,LAB-CONFIRM-80056,GC-MS (Gas Chromatography-Mass Spectrometry),LSD (Lysergic Acid Diethylamide),25.07,Levamisole (8.2%),TRUE_POSITIVE,TRAIN_SET
FS-2026-00058,2026-03-08T05:28:00Z,OP-FORENSIC-114,Customs_Evidence_Unit,Pressed Tablet (Crushed),Duquenois-Levine Reagent (Vanillin/Acetaldehyde),LOT-2026-DUQN-960,7589,24.4,PASS,0.867,86.35,1.64,5.28,83.67,0.53,6.05,84.71,2.19,6.36,83.43,1.9,5.65,2.955,0.0492,FieldSure-Narcotics-v2.1,0.919,NEG_NO_REACTION,VALIDATED_LAB_CONFIRMED,LAB-CONFIRM-80057,LC-MS/MS (Liquid Chromatography-Tandem Mass Spectrometry),"3,4-MDMA (Ecstasy)",75.5,Caffeine (14.5%),TRUE_POSITIVE,TRAIN_SET
FS-2026-00059,2026-03-08T13:38:00Z,OP-FORENSIC-104,Metropolitan_Task_Force,Off-White Powder,Ehrlich Reagent (p-DMAB/HCl),LOT-2026-EHRL-642,2363,25.8,PASS,1.041,88.42,0.87,5.59,88.11,-0.55,4.53,88.54,-0.2,6.07,88.01,0.79,4.99,0.731,0.0122,FieldSure-Narcotics-v2.1,0.924,NEG_NO_REACTION,VALIDATED_LAB_CONFIRMED,LAB-CONFIRM-80058,GC-MS (Gas Chromatography-Mass Spectrometry),Cocaine Hydrochloride,75.62,Lactose / Starch,TRUE_POSITIVE,TRAIN_SET
FS-2026-00060,2026-03-08T13:49:00Z,OP-FORENSIC-114,Border_Control_Post_3,Pressed Tablet (Crushed),Mandelin Reagent (Ammonium Vanadate/Sulfuric Acid),LOT-2026-MAND-937,2363,22.2,PASS,0.93,91.01,-0.09,3.16,89.75,-0.55,2.57,88.65,0.22,3.41,86.88,-0.13,3.53,4.147,0.0691,FieldSure-Narcotics-v2.1,0.984,NEG_NO_REACTION,VALIDATED_LAB_CONFIRMED,LAB-CONFIRM-80059,LC-MS/MS (Liquid Chromatography-Tandem Mass Spectrometry),Procaine / Benzocaine (Local Anesthetic),0.0,N/A (Inert Sample),TRUE_NEGATIVE,TRAIN_SET
FS-2026-00061,2026-03-08T16:19:00Z,OP-FORENSIC-112,Metropolitan_Task_Force,Crystalline Powder,Scott Reagent (Cobalt Thiocyanate Phase),LOT-2026-SCOT-230,2363,23.7,PASS,0.61,91.47,-0.5,2.8,90.43,-2.43,3.21,90.07,-1.52,3.57,89.49,-1.3,4.31,2.615,0.0436,FieldSure-Narcotics-v2.1,0.99,NEG_NO_REACTION,VALIDATED_LAB_CONFIRMED,LAB-CONFIRM-80060,GC-MS (Gas Chromatography-Mass Spectrometry),LSD (Lysergic Acid Diethylamide),20.17,Lactose / Starch,TRUE_POSITIVE,TRAIN_SET
FS-2026-00062,2026-03-08T19:00:00Z,OP-FORENSIC-123,Metropolitan_Task_Force,Crystalline Powder,Marquis Reagent (Formaldehyde/Sulfuric Acid),LOT-2026-MARQ-408,2363,23.2,PASS,0.487,88.3,0.97,3.35,75.21,1.08,-7.7,67.52,-0.95,-16.13,61.97,-1.29,-20.74,35.759,0.596,FieldSure-Narcotics-v2.1,0.946,POS_OPIATE_HEROIN,VALIDATED_LAB_CONFIRMED,LAB-CONFIRM-80061,LC-MS/MS (Liquid Chromatography-Tandem Mass Spectrometry),Heroin Hydrochloride,49.04,None (High Purity Grade),TRUE_POSITIVE,TRAIN_SET
FS-2026-00063,2026-03-08T22:10:00Z,OP-FORENSIC-109,State_Forensic_Field_Team,Crystalline Powder,Mecke Reagent (Selenious Acid/Sulfuric Acid),LOT-2026-MECK-142,564,21.8,FAIL_GLARE,9.585,91.48,2.43,5.39,,,,,,,,,,,,FieldSure-Narcotics-v2.1,0.083,ABSTAIN_FAIL_GLARE,UNVALIDATED_QC_ABSTAIN,LAB-CONFIRM-80062,GC-MS (Gas Chromatography-Mass Spectrometry),Cocaine Hydrochloride,90.65,Dimethylsulfone (18.4%),ABSTAINED_NO_PREDICTION,TRAIN_SET
FS-2026-00064,2026-03-08T23:39:00Z,OP-FORENSIC-116,State_Forensic_Field_Team,Crystalline Powder,Marquis Reagent (Formaldehyde/Sulfuric Acid),LOT-2026-MARQ-247,2363,26.6,FAIL_BLUR,6.943,95.91,1.84,4.71,,,,,,,,,,,,FieldSure-Narcotics-v2.1,0.24,ABSTAIN_FAIL_BLUR,UNVALIDATED_QC_ABSTAIN,LAB-CONFIRM-80063,GC-MS (Gas Chromatography-Mass Spectrometry),Cocaine Hydrochloride,89.83,Phenacetin (11.0%),ABSTAINED_NO_PREDICTION,TRAIN_SET
FS-2026-00065,2026-03-09T00:18:00Z,OP-FORENSIC-100,Border_Control_Post_3,Liquid Solution (Diluted),Duquenois-Levine Reagent (Vanillin/Acetaldehyde),LOT-2026-DUQN-400,564,20.7,PASS,1.202,89.4,1.8,2.41,75.66,15.87,11.35,67.48,28.63,18.61,61.9,36.07,24.2,49.046,0.8174,FieldSure-Narcotics-v2.1,0.896,POS_CANNABINOID_THC,VALIDATED_LAB_CONFIRMED,LAB-CONFIRM-80064,GC-MS (Gas Chromatography-Mass Spectrometry),Delta-9-THC,37.02,Levamisole (8.2%),TRUE_POSITIVE,TRAIN_SET
FS-2026-00066,2026-03-09T01:30:00Z,OP-FORENSIC-105,Customs_Evidence_Unit,Crystalline Powder,Marquis Reagent (Formaldehyde/Sulfuric Acid),LOT-2026-MARQ-898,2363,27.0,FAIL_GLARE,7.983,90.96,0.07,3.68,,,,,,,,,,,,FieldSure-Narcotics-v2.1,0.232,ABSTAIN_FAIL_GLARE,UNVALIDATED_QC_ABSTAIN,LAB-CONFIRM-80065,LC-MS/MS (Liquid Chromatography-Tandem Mass Spectrometry),Delta-9-THC,47.22,Dimethylsulfone (18.4%),ABSTAINED_NO_PREDICTION,TRAIN_SET
FS-2026-00067,2026-03-09T07:45:00Z,OP-FORENSIC-123,Customs_Evidence_Unit,Pressed Tablet (Crushed),Mecke Reagent (Selenious Acid/Sulfuric Acid),LOT-2026-MECK-145,564,19.4,PASS,1.248,94.25,2.45,1.96,95.37,2.2,4.59,93.19,2.75,4.55,93.52,2.86,4.47,2.646,0.0441,FieldSure-Narcotics-v2.1,0.994,NEG_NO_REACTION,VALIDATED_LAB_CONFIRMED,LAB-CONFIRM-80066,GC-MS (Gas Chromatography-Mass Spectrometry),"3,4-MDMA (Ecstasy)",54.87,None (High Purity Grade),TRUE_POSITIVE,TRAIN_SET
FS-2026-00068,2026-03-09T08:30:00Z,OP-FORENSIC-121,District_Lab_North,Off-White Powder,Scott Reagent (Cobalt Thiocyanate Phase),LOT-2026-SCOT-931,564,28.3,FAIL_BLUR,5.592,94.37,1.01,3.3,,,,,,,,,,,,FieldSure-Narcotics-v2.1,0.082,ABSTAIN_FAIL_BLUR,UNVALIDATED_QC_ABSTAIN,LAB-CONFIRM-80067,LC-MS/MS (Liquid Chromatography-Tandem Mass Spectrometry),Cocaine Hydrochloride,86.65,Dimethylsulfone (18.4%),ABSTAINED_NO_PREDICTION,TRAIN_SET
FS-2026-00069,2026-03-09T09:21:00Z,OP-FORENSIC-120,District_Lab_North,Crystalline Powder,Duquenois-Levine Reagent (Vanillin/Acetaldehyde),LOT-2026-DUQN-769,564,18.4,PASS,1.275,89.95,1.23,5.48,89.22,-0.22,6.32,87.31,1.33,6.43,86.71,-0.14,7.94,4.293,0.0716,FieldSure-Narcotics-v2.1,0.98,NEG_NO_REACTION,VALIDATED_LAB_CONFIRMED,LAB-CONFIRM-80068,GC-MS (Gas Chromatography-Mass Spectrometry),Inert Cutting Agent (Lactose/Caffeine),0.0,N/A (Inert Sample),TRUE_NEGATIVE,TRAIN_SET
FS-2026-00070,2026-03-09T12:59:00Z,OP-FORENSIC-104,State_Forensic_Field_Team,Crystalline Powder,Duquenois-Levine Reagent (Vanillin/Acetaldehyde),LOT-2026-DUQN-525,564,18.0,FAIL_GEOMETRY,6.726,95.44,2.39,3.39,,,,,,,,,,,,FieldSure-Narcotics-v2.1,0.024,ABSTAIN_FAIL_GEOMETRY,UNVALIDATED_QC_ABSTAIN,LAB-CONFIRM-80069,GC-MS (Gas Chromatography-Mass Spectrometry),Inert Cutting Agent (Lactose/Caffeine),0.0,N/A (Inert Sample),ABSTAINED_NO_PREDICTION,TRAIN_SET
FS-2026-00071,2026-03-09T15:14:00Z,OP-FORENSIC-113,Metropolitan_Task_Force,Crystalline Powder,Simon's Reagent (Sodium Nitroprusside/Acetaldehyde),LOT-2026-SIMN-583,564,28.8,PASS,1.152,90.61,1.85,4.28,89.99,2.52,4.99,90.46,0.12,4.63,91.15,0.95,5.35,1.499,0.025,FieldSure-Narcotics-v2.1,0.958,NEG_NO_REACTION,VALIDATED_LAB_CONFIRMED,LAB-CONFIRM-80070,FTIR (Fourier Transform Infrared Spectroscopy),Methamphetamine HCl,71.84,Caffeine (14.5%),TRUE_POSITIVE,TRAIN_SET
FS-2026-00072,2026-03-09T15:30:00Z,OP-FORENSIC-114,State_Forensic_Field_Team,Crystalline Powder,Marquis Reagent (Formaldehyde/Sulfuric Acid),LOT-2026-MARQ-896,2363,19.4,PASS,1.714,95.47,1.26,3.89,95.63,2.07,4.57,95.16,1.19,3.4,95.62,0.38,3.56,0.952,0.0159,FieldSure-Narcotics-v2.1,0.957,NEG_NO_REACTION,VALIDATED_LAB_CONFIRMED,LAB-CONFIRM-80071,LC-MS/MS (Liquid Chromatography-Tandem Mass Spectrometry),Delta-9-THC,50.68,Dimethylsulfone (18.4%),TRUE_POSITIVE,TRAIN_SET
FS-2026-00073,2026-03-09T15:38:00Z,OP-FORENSIC-108,Metropolitan_Task_Force,Off-White Powder,Mandelin Reagent (Ammonium Vanadate/Sulfuric Acid),LOT-2026-MAND-655,7589,20.5,PASS,0.539,95.25,1.99,1.76,95.07,2.04,3.66,95.49,1.77,3.75,96.23,1.71,2.29,1.149,0.0192,FieldSure-Narcotics-v2.1,0.92,NEG_NO_REACTION,VALIDATED_LAB_CONFIRMED,LAB-CONFIRM-80072,LC-MS/MS (Liquid Chromatography-Tandem Mass Spectrometry),Inert Cutting Agent (Lactose/Caffeine),0.0,N/A (Inert Sample),TRUE_NEGATIVE,TRAIN_SET
FS-2026-00074,2026-03-09T19:53:00Z,OP-FORENSIC-100,Metropolitan_Task_Force,Crystalline Powder,Mandelin Reagent (Ammonium Vanadate/Sulfuric Acid),LOT-2026-MAND-791,564,21.1,PASS,0.706,91.53,-0.47,2.84,89.7,-0.67,5.67,89.71,0.05,3.74,89.03,-0.97,4.28,2.928,0.0488,FieldSure-Narcotics-v2.1,0.913,NEG_NO_REACTION,VALIDATED_LAB_CONFIRMED,LAB-CONFIRM-80073,LC-MS/MS (Liquid Chromatography-Tandem Mass Spectrometry),Cocaine Hydrochloride,87.74,Dimethylsulfone (18.4%),TRUE_POSITIVE,TRAIN_SET
FS-2026-00075,2026-03-09T22:35:00Z,OP-FORENSIC-105,Metropolitan_Task_Force,Liquid Solution (Diluted),Duquenois-Levine Reagent (Vanillin/Acetaldehyde),LOT-2026-DUQN-452,7589,19.8,PASS,1.727,90.86,0.54,5.67,90.94,0.68,6.92,89.86,-0.13,6.89,89.66,0.11,7.36,2.117,0.0353,FieldSure-Narcotics-v2.1,0.957,NEG_NO_REACTION,VALIDATED_LAB_CONFIRMED,LAB-CONFIRM-80074,GC-MS (Gas Chromatography-Mass Spectrometry),Procaine / Benzocaine (Local Anesthetic),0.0,N/A (Inert Sample),TRUE_NEGATIVE,TRAIN_SET
FS-2026-00076,2026-03-09T23:10:00Z,OP-FORENSIC-100,Border_Control_Post_3,Pressed Tablet (Crushed),Mecke Reagent (Selenious Acid/Sulfuric Acid),LOT-2026-MECK-524,2363,24.8,FAIL_GLARE,10.635,91.56,-0.2,4.62,,,,,,,,,,,,FieldSure-Narcotics-v2.1,0.04,ABSTAIN_FAIL_GLARE,UNVALIDATED_QC_ABSTAIN,LAB-CONFIRM-80075,GC-MS (Gas Chromatography-Mass Spectrometry),LSD (Lysergic Acid Diethylamide),54.71,None (High Purity Grade),ABSTAINED_NO_PREDICTION,TRAIN_SET
FS-2026-00077,2026-03-10T01:09:00Z,OP-FORENSIC-105,Border_Control_Post_3,Tar/Sticky Resin,Duquenois-Levine Reagent (Vanillin/Acetaldehyde),LOT-2026-DUQN-151,564,30.7,PASS,0.968,90.07,2.21,4.67,90.45,3.58,4.8,90.25,3.8,6.03,89.55,4.06,5.1,1.969,0.0328,FieldSure-Narcotics-v2.1,0.958,NEG_NO_REACTION,VALIDATED_LAB_CONFIRMED,LAB-CONFIRM-80076,LC-MS/MS (Liquid Chromatography-Tandem Mass Spectrometry),Procaine / Benzocaine (Local Anesthetic),0.0,N/A (Inert Sample),TRUE_NEGATIVE,TRAIN_SET
FS-2026-00078,2026-03-10T01:44:00Z,OP-FORENSIC-115,State_Forensic_Field_Team,Liquid Solution (Diluted),Mecke Reagent (Selenious Acid/Sulfuric Acid),LOT-2026-MECK-129,564,25.7,PASS,1.807,95.84,-0.49,5.14,94.26,-1.06,5.68,94.28,-2.33,6.4,94.24,-0.97,7.37,2.786,0.0464,FieldSure-Narcotics-v2.1,0.932,NEG_NO_REACTION,VALIDATED_LAB_CONFIRMED,LAB-CONFIRM-80077,GC-MS (Gas Chromatography-Mass Spectrometry),Inert Cutting Agent (Lactose/Caffeine),0.0,N/A (Inert Sample),TRUE_NEGATIVE,TRAIN_SET
FS-2026-00079,2026-03-10T02:17:00Z,OP-FORENSIC-124,District_Lab_North,Crystalline Powder,Scott Reagent (Cobalt Thiocyanate Phase),LOT-2026-SCOT-384,7589,22.1,PASS,0.986,92.58,0.36,2.49,90.62,2.8,3.6,89.61,1.35,3.33,88.64,0.77,4.32,4.364,0.0727,FieldSure-Narcotics-v2.1,0.906,NEG_NO_REACTION,VALIDATED_LAB_CONFIRMED,LAB-CONFIRM-80078,LC-MS/MS (Liquid Chromatography-Tandem Mass Spectrometry),Delta-9-THC,53.29,Lactose / Starch,TRUE_POSITIVE,TRAIN_SET
FS-2026-00080,2026-03-10T03:49:00Z,OP-FORENSIC-119,Customs_Evidence_Unit,Pressed Tablet (Crushed),Duquenois-Levine Reagent (Vanillin/Acetaldehyde),LOT-2026-DUQN-420,7589,24.5,PASS,1.299,94.07,-0.87,4.34,94.32,-0.91,4.67,94.5,-1.52,4.93,93.92,-2.34,3.64,1.635,0.0272,FieldSure-Narcotics-v2.1,0.932,NEG_NO_REACTION,VALIDATED_LAB_CONFIRMED,LAB-CONFIRM-80079,GC-MS (Gas Chromatography-Mass Spectrometry),LSD (Lysergic Acid Diethylamide),41.77,Levamisole (8.2%),TRUE_POSITIVE,TRAIN_SET
FS-2026-00081,2026-03-10T09:33:00Z,OP-FORENSIC-100,Customs_Evidence_Unit,Crystalline Powder,Marquis Reagent (Formaldehyde/Sulfuric Acid),LOT-2026-MARQ-153,2363,28.5,PASS,0.951,89.58,2.47,2.63,86.74,1.94,2.15,87.01,4.16,1.74,86.36,2.99,1.86,3.351,0.0558,FieldSure-Narcotics-v2.1,0.919,NEG_NO_REACTION,VALIDATED_LAB_CONFIRMED,LAB-CONFIRM-80080,GC-MS (Gas Chromatography-Mass Spectrometry),LSD (Lysergic Acid Diethylamide),48.14,Lactose / Starch,TRUE_POSITIVE,TRAIN_SET
FS-2026-00082,2026-03-10T12:01:00Z,OP-FORENSIC-119,Border_Control_Post_3,Tar/Sticky Resin,Duquenois-Levine Reagent (Vanillin/Acetaldehyde),LOT-2026-DUQN-883,7589,18.5,PASS,0.508,92.81,-0.94,5.6,91.6,-0.12,4.13,90.04,-1.65,5.23,91.88,-1.27,4.4,1.554,0.0259,FieldSure-Narcotics-v2.1,0.947,NEG_NO_REACTION,VALIDATED_LAB_CONFIRMED,LAB-CONFIRM-80081,FTIR (Fourier Transform Infrared Spectroscopy),Procaine / Benzocaine (Local Anesthetic),0.0,N/A (Inert Sample),TRUE_NEGATIVE,TRAIN_SET
FS-2026-00083,2026-03-10T13:50:00Z,OP-FORENSIC-105,Metropolitan_Task_Force,Liquid Solution (Diluted),Simon's Reagent (Sodium Nitroprusside/Acetaldehyde),LOT-2026-SIMN-338,7589,28.4,PASS,1.756,90.75,-0.13,2.26,88.91,0.89,2.0,87.68,0.94,3.36,87.67,1.12,3.77,3.651,0.0608,FieldSure-Narcotics-v2.1,0.948,NEG_NO_REACTION,VALIDATED_LAB_CONFIRMED,LAB-CONFIRM-80082,GC-MS (Gas Chromatography-Mass Spectrometry),Inert Cutting Agent (Lactose/Caffeine),0.0,N/A (Inert Sample),TRUE_NEGATIVE,TRAIN_SET
FS-2026-00084,2026-03-10T14:53:00Z,OP-FORENSIC-116,Customs_Evidence_Unit,Tar/Sticky Resin,Ehrlich Reagent (p-DMAB/HCl),LOT-2026-EHRL-548,2363,22.4,PASS,0.548,95.93,1.23,5.84,77.49,-3.55,-5.06,62.71,-4.59,-15.28,54.26,-6.42,-20.16,49.708,0.8285,FieldSure-Narcotics-v2.1,0.905,POS_INDOLE_LSD,VALIDATED_LAB_CONFIRMED,LAB-CONFIRM-80083,GC-MS (Gas Chromatography-Mass Spectrometry),LSD (Lysergic Acid Diethylamide),59.97,Phenacetin (11.0%),TRUE_POSITIVE,TRAIN_SET
FS-2026-00085,2026-03-10T15:11:00Z,OP-FORENSIC-104,Border_Control_Post_3,Off-White Powder,Duquenois-Levine Reagent (Vanillin/Acetaldehyde),LOT-2026-DUQN-841,2363,14.3,FAIL_GLARE,8.85,87.55,0.16,3.32,,,,,,,,,,,,FieldSure-Narcotics-v2.1,0.198,ABSTAIN_FAIL_GLARE,UNVALIDATED_QC_ABSTAIN,LAB-CONFIRM-80084,FTIR (Fourier Transform Infrared Spectroscopy),Fentanyl HCl (Trace / Weak Response),10.35,Dimethylsulfone (18.4%),ABSTAINED_NO_PREDICTION,TRAIN_SET
FS-2026-00086,2026-03-10T20:58:00Z,OP-FORENSIC-109,Border_Control_Post_3,Pressed Tablet (Crushed),Simon's Reagent (Sodium Nitroprusside/Acetaldehyde),LOT-2026-SIMN-923,2363,18.9,FAIL_GLARE,8.899,91.7,-0.69,1.65,,,,,,,,,,,,FieldSure-Narcotics-v2.1,0.055,ABSTAIN_FAIL_GLARE,UNVALIDATED_QC_ABSTAIN,LAB-CONFIRM-80085,GC-MS (Gas Chromatography-Mass Spectrometry),Fentanyl HCl (Trace / Weak Response),5.85,Caffeine (14.5%),ABSTAINED_NO_PREDICTION,TRAIN_SET
FS-2026-00087,2026-03-10T21:16:00Z,OP-FORENSIC-122,Customs_Evidence_Unit,Pressed Tablet (Crushed),Mecke Reagent (Selenious Acid/Sulfuric Acid),LOT-2026-MECK-441,564,19.6,PASS,1.057,92.72,0.49,1.43,91.93,0.7,1.64,92.01,-0.12,2.01,92.1,1.02,2.84,1.629,0.0272,FieldSure-Narcotics-v2.1,0.939,NEG_NO_REACTION,VALIDATED_LAB_CONFIRMED,LAB-CONFIRM-80086,GC-MS (Gas Chromatography-Mass Spectrometry),Delta-9-THC,43.86,Caffeine (14.5%),TRUE_POSITIVE,TRAIN_SET
FS-2026-00088,2026-03-11T01:11:00Z,OP-FORENSIC-121,Border_Control_Post_3,Crystalline Powder,Simon's Reagent (Sodium Nitroprusside/Acetaldehyde),LOT-2026-SIMN-233,7589,17.3,PASS,0.948,95.82,-0.21,5.18,95.59,-1.31,5.52,95.94,-0.43,6.27,95.19,1.32,5.73,1.744,0.0291,FieldSure-Narcotics-v2.1,0.895,NEG_NO_REACTION,VALIDATED_LAB_CONFIRMED,LAB-CONFIRM-80087,FTIR (Fourier Transform Infrared Spectroscopy),"3,4-MDMA (Ecstasy)",71.39,Lactose / Starch,TRUE_POSITIVE,TRAIN_SET
FS-2026-00089,2026-03-11T04:19:00Z,OP-FORENSIC-114,District_Lab_North,Off-White Powder,Scott Reagent (Cobalt Thiocyanate Phase),LOT-2026-SCOT-340,7589,21.5,PASS,1.414,90.43,1.14,1.54,88.8,3.24,3.25,88.43,2.74,3.76,87.73,2.1,3.58,3.518,0.0586,FieldSure-Narcotics-v2.1,0.925,NEG_NO_REACTION,VALIDATED_LAB_CONFIRMED,LAB-CONFIRM-80088,LC-MS/MS (Liquid Chromatography-Tandem Mass Spectrometry),LSD (Lysergic Acid Diethylamide),35.13,Phenacetin (11.0%),TRUE_POSITIVE,TRAIN_SET
FS-2026-00090,2026-03-11T07:53:00Z,OP-FORENSIC-109,Metropolitan_Task_Force,Pressed Tablet (Crushed),Marquis Reagent (Formaldehyde/Sulfuric Acid),LOT-2026-MARQ-602,564,20.5,PASS,0.382,95.77,-0.02,2.77,95.93,0.64,3.75,96.04,-0.6,3.71,95.79,0.71,6.29,3.595,0.0599,FieldSure-Narcotics-v2.1,0.943,NEG_NO_REACTION,VALIDATED_LAB_CONFIRMED,LAB-CONFIRM-80089,GC-MS (Gas Chromatography-Mass Spectrometry),Delta-9-THC,49.23,None (High Purity Grade),TRUE_POSITIVE,TRAIN_SET
FS-2026-00091,2026-03-11T09:46:00Z,OP-FORENSIC-116,Customs_Evidence_Unit,Crystalline Powder,Mandelin Reagent (Ammonium Vanadate/Sulfuric Acid),LOT-2026-MAND-212,564,22.7,PASS,0.426,90.85,-1.25,1.93,90.73,-0.75,1.72,88.64,-1.58,3.65,89.7,-0.49,3.09,1.802,0.03,FieldSure-Narcotics-v2.1,0.901,NEG_NO_REACTION,VALIDATED_LAB_CONFIRMED,LAB-CONFIRM-80090,FTIR (Fourier Transform Infrared Spectroscopy),Methamphetamine HCl,90.63,Phenacetin (11.0%),TRUE_POSITIVE,TRAIN_SET
FS-2026-00092,2026-03-11T12:50:00Z,OP-FORENSIC-106,Metropolitan_Task_Force,Crystalline Powder,Marquis Reagent (Formaldehyde/Sulfuric Acid),LOT-2026-MARQ-905,7589,21.8,PASS,1.558,93.72,-0.28,4.96,92.34,-0.45,5.68,90.63,-2.1,6.33,90.67,-1.19,5.63,3.253,0.0542,FieldSure-Narcotics-v2.1,0.992,NEG_NO_REACTION,VALIDATED_LAB_CONFIRMED,LAB-CONFIRM-80091,GC-MS (Gas Chromatography-Mass Spectrometry),Inert Cutting Agent (Lactose/Caffeine),0.0,N/A (Inert Sample),TRUE_NEGATIVE,TRAIN_SET
FS-2026-00093,2026-03-11T13:01:00Z,OP-FORENSIC-111,Border_Control_Post_3,Crystalline Powder,Ehrlich Reagent (p-DMAB/HCl),LOT-2026-EHRL-128,564,26.3,PASS,1.848,95.06,1.1,2.62,94.28,2.0,2.81,94.73,2.39,3.88,95.24,1.51,4.94,2.363,0.0394,FieldSure-Narcotics-v2.1,0.92,NEG_NO_REACTION,VALIDATED_LAB_CONFIRMED,LAB-CONFIRM-80092,FTIR (Fourier Transform Infrared Spectroscopy),Inert Cutting Agent (Lactose/Caffeine),0.0,N/A (Inert Sample),TRUE_NEGATIVE,TRAIN_SET
FS-2026-00094,2026-03-11T17:24:00Z,OP-FORENSIC-110,State_Forensic_Field_Team,Off-White Powder,Mandelin Reagent (Ammonium Vanadate/Sulfuric Acid),LOT-2026-MAND-460,2363,20.8,PASS,1.335,90.42,1.03,4.37,90.82,0.03,3.57,89.89,-0.12,4.72,90.01,-0.19,5.25,1.559,0.026,FieldSure-Narcotics-v2.1,0.895,NEG_NO_REACTION,VALIDATED_LAB_CONFIRMED,LAB-CONFIRM-80093,GC-MS (Gas Chromatography-Mass Spectrometry),Cocaine Hydrochloride,78.2,Phenacetin (11.0%),TRUE_POSITIVE,TRAIN_SET
FS-2026-00095,2026-03-11T17:27:00Z,OP-FORENSIC-117,State_Forensic_Field_Team,Off-White Powder,Marquis Reagent (Formaldehyde/Sulfuric Acid),LOT-2026-MARQ-208,564,24.0,PASS,1.156,86.15,-1.4,2.39,84.81,-1.07,2.59,84.5,-1.28,3.56,83.62,-1.22,4.35,3.205,0.0534,FieldSure-Narcotics-v2.1,0.97,NEG_NO_REACTION,VALIDATED_LAB_CONFIRMED,LAB-CONFIRM-80094,GC-MS (Gas Chromatography-Mass Spectrometry),Inert Cutting Agent (Lactose/Caffeine),0.0,N/A (Inert Sample),TRUE_NEGATIVE,TRAIN_SET
FS-2026-00096,2026-03-11T19:46:00Z,OP-FORENSIC-121,State_Forensic_Field_Team,Pressed Tablet (Crushed),Duquenois-Levine Reagent (Vanillin/Acetaldehyde),LOT-2026-DUQN-683,7589,19.7,PASS,1.504,89.66,0.42,1.87,89.63,0.47,3.89,90.73,0.13,4.07,89.02,0.46,5.25,3.44,0.0573,FieldSure-Narcotics-v2.1,0.923,NEG_NO_REACTION,VALIDATED_LAB_CONFIRMED,LAB-CONFIRM-80095,GC-MS (Gas Chromatography-Mass Spectrometry),Fentanyl HCl (Trace / Weak Response),12.11,Levamisole (8.2%),TRUE_POSITIVE,TRAIN_SET
FS-2026-00097,2026-03-11T20:18:00Z,OP-FORENSIC-111,Customs_Evidence_Unit,Off-White Powder,Simon's Reagent (Sodium Nitroprusside/Acetaldehyde),LOT-2026-SIMN-445,564,27.2,PASS,1.374,93.63,0.95,4.26,91.79,2.49,5.2,91.11,2.86,5.37,91.18,2.27,5.24,2.95,0.0492,FieldSure-Narcotics-v2.1,0.932,NEG_NO_REACTION,VALIDATED_LAB_CONFIRMED,LAB-CONFIRM-80096,LC-MS/MS (Liquid Chromatography-Tandem Mass Spectrometry),Methamphetamine HCl,72.52,Levamisole (8.2%),TRUE_POSITIVE,TRAIN_SET
FS-2026-00098,2026-03-12T00:38:00Z,OP-FORENSIC-105,State_Forensic_Field_Team,Crystalline Powder,Scott Reagent (Cobalt Thiocyanate Phase),LOT-2026-SCOT-115,7589,24.5,PASS,0.688,93.55,1.76,5.2,91.97,1.04,4.57,91.57,1.89,5.08,91.42,1.91,4.84,2.165,0.0361,FieldSure-Narcotics-v2.1,0.921,NEG_NO_REACTION,VALIDATED_LAB_CONFIRMED,LAB-CONFIRM-80097,GC-MS (Gas Chromatography-Mass Spectrometry),"3,4-MDMA (Ecstasy)",54.17,None (High Purity Grade),TRUE_POSITIVE,TRAIN_SET
FS-2026-00099,2026-03-12T02:31:00Z,OP-FORENSIC-121,Metropolitan_Task_Force,Pressed Tablet (Crushed),Simon's Reagent (Sodium Nitroprusside/Acetaldehyde),LOT-2026-SIMN-851,564,22.7,PASS,0.656,87.07,1.68,3.34,86.26,1.27,2.63,84.85,0.37,4.38,85.19,1.8,4.05,2.013,0.0335,FieldSure-Narcotics-v2.1,0.947,NEG_NO_REACTION,VALIDATED_LAB_CONFIRMED,LAB-CONFIRM-80098,GC-MS (Gas Chromatography-Mass Spectrometry),Methamphetamine HCl,80.57,Levamisole (8.2%),TRUE_POSITIVE,TRAIN_SET
FS-2026-00100,2026-03-12T05:53:00Z,OP-FORENSIC-102,State_Forensic_Field_Team,Off-White Powder,Simon's Reagent (Sodium Nitroprusside/Acetaldehyde),LOT-2026-SIMN-342,564,22.8,PASS,1.739,93.86,1.86,5.4,93.23,1.91,5.47,91.56,1.56,5.72,91.04,1.34,6.54,3.086,0.0514,FieldSure-Narcotics-v2.1,0.967,NEG_NO_REACTION,VALIDATED_LAB_CONFIRMED,LAB-CONFIRM-80099,LC-MS/MS (Liquid Chromatography-Tandem Mass Spectrometry),LSD (Lysergic Acid Diethylamide),50.5,None (High Purity Grade),TRUE_POSITIVE,TRAIN_SET
FS-2026-00101,2026-03-12T06:16:00Z,OP-FORENSIC-116,Customs_Evidence_Unit,Tar/Sticky Resin,Mecke Reagent (Selenious Acid/Sulfuric Acid),LOT-2026-MECK-233,7589,31.6,PASS,0.752,90.09,1.22,3.76,88.66,0.11,3.79,86.88,0.33,2.92,86.35,0.6,3.83,3.792,0.0632,FieldSure-Narcotics-v2.1,0.957,NEG_NO_REACTION,VALIDATED_LAB_CONFIRMED,LAB-CONFIRM-80100,FTIR (Fourier Transform Infrared Spectroscopy),Cocaine Hydrochloride,87.72,Levamisole (8.2%),TRUE_POSITIVE,TRAIN_SET
FS-2026-00102,2026-03-12T10:35:00Z,OP-FORENSIC-102,Metropolitan_Task_Force,Tar/Sticky Resin,Ehrlich Reagent (p-DMAB/HCl),LOT-2026-EHRL-209,564,27.5,PASS,1.625,86.58,1.48,1.3,84.88,1.66,1.03,85.66,2.43,3.25,85.63,3.17,4.05,3.365,0.0561,FieldSure-Narcotics-v2.1,0.971,NEG_NO_REACTION,VALIDATED_LAB_CONFIRMED,LAB-CONFIRM-80101,LC-MS/MS (Liquid Chromatography-Tandem Mass Spectrometry),Inert Cutting Agent (Lactose/Caffeine),0.0,N/A (Inert Sample),TRUE_NEGATIVE,TRAIN_SET
FS-2026-00103,2026-03-12T11:04:00Z,OP-FORENSIC-120,Customs_Evidence_Unit,Paper Blotter Segment,Ehrlich Reagent (p-DMAB/HCl),LOT-2026-EHRL-516,564,26.0,PASS,0.514,89.44,-1.07,1.49,88.55,0.5,2.0,90.34,-0.63,2.79,89.56,-0.19,1.24,0.923,0.0154,FieldSure-Narcotics-v2.1,0.914,NEG_NO_REACTION,VALIDATED_LAB_CONFIRMED,LAB-CONFIRM-80102,FTIR (Fourier Transform Infrared Spectroscopy),Heroin Hydrochloride,65.0,Levamisole (8.2%),TRUE_POSITIVE,TRAIN_SET
FS-2026-00104,2026-03-12T12:51:00Z,OP-FORENSIC-102,Border_Control_Post_3,Crystalline Powder,Ehrlich Reagent (p-DMAB/HCl),LOT-2026-EHRL-244,564,26.5,FAIL_GEOMETRY,4.747,90.98,1.15,5.84,,,,,,,,,,,,FieldSure-Narcotics-v2.1,0.223,ABSTAIN_FAIL_GEOMETRY,UNVALIDATED_QC_ABSTAIN,LAB-CONFIRM-80103,LC-MS/MS (Liquid Chromatography-Tandem Mass Spectrometry),Procaine / Benzocaine (Local Anesthetic),0.0,N/A (Inert Sample),ABSTAINED_NO_PREDICTION,TRAIN_SET
FS-2026-00105,2026-03-12T13:02:00Z,OP-FORENSIC-102,District_Lab_North,Crystalline Powder,Scott Reagent (Cobalt Thiocyanate Phase),LOT-2026-SCOT-766,564,19.0,PASS,0.872,92.97,-0.53,5.41,91.77,0.23,6.19,91.86,0.11,6.54,92.44,0.99,6.92,2.207,0.0368,FieldSure-Narcotics-v2.1,0.966,NEG_NO_REACTION,VALIDATED_LAB_CONFIRMED,LAB-CONFIRM-80104,GC-MS (Gas Chromatography-Mass Spectrometry),Methamphetamine HCl,91.95,Caffeine (14.5%),TRUE_POSITIVE,TRAIN_SET
FS-2026-00106,2026-03-12T20:45:00Z,OP-FORENSIC-119,Customs_Evidence_Unit,Crystalline Powder,Ehrlich Reagent (p-DMAB/HCl),LOT-2026-EHRL-496,2363,23.4,PASS,1.108,90.77,0.09,4.23,89.13,-1.94,4.3,88.67,-0.9,3.79,87.92,-0.11,3.2,3.037,0.0506,FieldSure-Narcotics-v2.1,0.925,NEG_NO_REACTION,VALIDATED_LAB_CONFIRMED,LAB-CONFIRM-80105,FTIR (Fourier Transform Infrared Spectroscopy),Inert Cutting Agent (Lactose/Caffeine),0.0,N/A (Inert Sample),TRUE_NEGATIVE,TRAIN_SET
FS-2026-00107,2026-03-13T00:34:00Z,OP-FORENSIC-110,State_Forensic_Field_Team,Pressed Tablet (Crushed),Mecke Reagent (Selenious Acid/Sulfuric Acid),LOT-2026-MECK-802,2363,31.8,FAIL_GEOMETRY,9.907,89.17,0.36,5.96,,,,,,,,,,,,FieldSure-Narcotics-v2.1,0.083,ABSTAIN_FAIL_GEOMETRY,UNVALIDATED_QC_ABSTAIN,LAB-CONFIRM-80106,LC-MS/MS (Liquid Chromatography-Tandem Mass Spectrometry),Heroin Hydrochloride,42.64,None (High Purity Grade),ABSTAINED_NO_PREDICTION,TRAIN_SET
FS-2026-00108,2026-03-13T05:14:00Z,OP-FORENSIC-115,State_Forensic_Field_Team,Off-White Powder,Scott Reagent (Cobalt Thiocyanate Phase),LOT-2026-SCOT-869,2363,28.7,PASS,1.48,95.47,1.07,1.12,95.11,-0.08,2.19,95.12,0.8,2.01,95.05,-0.07,2.08,1.548,0.0258,FieldSure-Narcotics-v2.1,0.954,NEG_NO_REACTION,VALIDATED_LAB_CONFIRMED,LAB-CONFIRM-80107,GC-MS (Gas Chromatography-Mass Spectrometry),Delta-9-THC,70.7,Dimethylsulfone (18.4%),TRUE_POSITIVE,TRAIN_SET
FS-2026-00109,2026-03-13T07:35:00Z,OP-FORENSIC-107,Border_Control_Post_3,Pressed Tablet (Crushed),Duquenois-Levine Reagent (Vanillin/Acetaldehyde),LOT-2026-DUQN-326,2363,21.7,PASS,0.905,91.98,-0.65,4.05,90.55,-0.3,5.75,91.59,-2.16,5.49,91.44,-1.75,5.88,2.202,0.0367,FieldSure-Narcotics-v2.1,0.951,NEG_NO_REACTION,VALIDATED_LAB_CONFIRMED,LAB-CONFIRM-80108,LC-MS/MS (Liquid Chromatography-Tandem Mass Spectrometry),LSD (Lysergic Acid Diethylamide),56.07,Lactose / Starch,TRUE_POSITIVE,TRAIN_SET
FS-2026-00110,2026-03-13T09:47:00Z,OP-FORENSIC-123,Border_Control_Post_3,Tar/Sticky Resin,Ehrlich Reagent (p-DMAB/HCl),LOT-2026-EHRL-334,564,22.5,PASS,0.934,86.19,0.62,3.34,84.67,0.77,3.87,85.65,-0.5,3.11,85.96,-0.13,2.48,1.164,0.0194,FieldSure-Narcotics-v2.1,0.907,NEG_NO_REACTION,VALIDATED_LAB_CONFIRMED,LAB-CONFIRM-80109,GC-MS (Gas Chromatography-Mass Spectrometry),"3,4-MDMA (Ecstasy)",57.19,Lactose / Starch,TRUE_POSITIVE,TRAIN_SET
FS-2026-00111,2026-03-13T13:32:00Z,OP-FORENSIC-123,Customs_Evidence_Unit,Crystalline Powder,Duquenois-Levine Reagent (Vanillin/Acetaldehyde),LOT-2026-DUQN-798,2363,24.4,PASS,0.389,93.4,-1.14,5.02,91.22,-0.13,6.0,91.57,0.35,7.12,90.04,0.03,5.52,3.593,0.0599,FieldSure-Narcotics-v2.1,0.994,NEG_NO_REACTION,VALIDATED_LAB_CONFIRMED,LAB-CONFIRM-80110,GC-MS (Gas Chromatography-Mass Spectrometry),"3,4-MDMA (Ecstasy)",82.28,Levamisole (8.2%),TRUE_POSITIVE,TRAIN_SET
FS-2026-00112,2026-03-13T14:24:00Z,OP-FORENSIC-108,Metropolitan_Task_Force,Crystalline Powder,Scott Reagent (Cobalt Thiocyanate Phase),LOT-2026-SCOT-791,564,24.6,FAIL_EXPOSURE,7.254,88.15,0.43,4.8,,,,,,,,,,,,FieldSure-Narcotics-v2.1,0.119,ABSTAIN_FAIL_EXPOSURE,UNVALIDATED_QC_ABSTAIN,LAB-CONFIRM-80111,GC-MS (Gas Chromatography-Mass Spectrometry),Cocaine Hydrochloride,87.85,None (High Purity Grade),ABSTAINED_NO_PREDICTION,TRAIN_SET
FS-2026-00113,2026-03-13T15:17:00Z,OP-FORENSIC-123,State_Forensic_Field_Team,Pressed Tablet (Crushed),Mecke Reagent (Selenious Acid/Sulfuric Acid),LOT-2026-MECK-866,564,29.3,PASS,0.611,87.8,1.54,2.94,86.24,2.02,2.37,85.23,2.94,0.96,83.52,2.99,3.28,4.532,0.0755,FieldSure-Narcotics-v2.1,0.924,NEG_NO_REACTION,VALIDATED_LAB_CONFIRMED,LAB-CONFIRM-80112,FTIR (Fourier Transform Infrared Spectroscopy),Fentanyl HCl (Trace / Weak Response),2.97,Levamisole (8.2%),TRUE_POSITIVE,TRAIN_SET
FS-2026-00114,2026-03-13T15:48:00Z,OP-FORENSIC-116,State_Forensic_Field_Team,Paper Blotter Segment,Scott Reagent (Cobalt Thiocyanate Phase),LOT-2026-SCOT-614,2363,25.8,PASS,1.061,93.91,0.54,1.87,94.19,0.47,1.52,93.33,0.76,0.97,92.71,2.17,1.06,2.18,0.0363,FieldSure-Narcotics-v2.1,0.928,NEG_NO_REACTION,VALIDATED_LAB_CONFIRMED,LAB-CONFIRM-80113,GC-MS (Gas Chromatography-Mass Spectrometry),Delta-9-THC,48.72,None (High Purity Grade),TRUE_POSITIVE,TRAIN_SET
FS-2026-00115,2026-03-13T16:48:00Z,OP-FORENSIC-118,District_Lab_North,Off-White Powder,Scott Reagent (Cobalt Thiocyanate Phase),LOT-2026-SCOT-616,564,31.6,PASS,1.246,94.16,0.59,4.11,94.22,2.5,3.86,93.02,1.95,5.13,92.78,2.05,4.64,2.078,0.0346,FieldSure-Narcotics-v2.1,0.96,NEG_NO_REACTION,VALIDATED_LAB_CONFIRMED,LAB-CONFIRM-80114,GC-MS (Gas Chromatography-Mass Spectrometry),Fentanyl HCl (Trace / Weak Response),17.93,Caffeine (14.5%),TRUE_POSITIVE,TRAIN_SET
FS-2026-00116,2026-03-13T18:43:00Z,OP-FORENSIC-100,Customs_Evidence_Unit,Pressed Tablet (Crushed),Marquis Reagent (Formaldehyde/Sulfuric Acid),LOT-2026-MARQ-821,2363,17.2,PASS,0.373,89.12,-0.49,2.66,88.66,-0.2,3.96,87.65,-2.47,3.53,87.21,-0.49,3.62,2.138,0.0356,FieldSure-Narcotics-v2.1,0.987,NEG_NO_REACTION,VALIDATED_LAB_CONFIRMED,LAB-CONFIRM-80115,GC-MS (Gas Chromatography-Mass Spectrometry),LSD (Lysergic Acid Diethylamide),42.86,Lactose / Starch,TRUE_POSITIVE,TRAIN_SET
FS-2026-00117,2026-03-13T22:52:00Z,OP-FORENSIC-121,Metropolitan_Task_Force,Tar/Sticky Resin,Ehrlich Reagent (p-DMAB/HCl),LOT-2026-EHRL-212,564,27.6,PASS,1.677,86.47,-1.32,3.31,84.79,-0.91,2.88,84.49,-1.99,2.99,84.41,-1.9,3.0,2.162,0.036,FieldSure-Narcotics-v2.1,0.987,NEG_NO_REACTION,VALIDATED_LAB_CONFIRMED,LAB-CONFIRM-80116,LC-MS/MS (Liquid Chromatography-Tandem Mass Spectrometry),Delta-9-THC,54.89,Levamisole (8.2%),TRUE_POSITIVE,TRAIN_SET
FS-2026-00118,2026-03-13T23:56:00Z,OP-FORENSIC-107,Metropolitan_Task_Force,Off-White Powder,Mandelin Reagent (Ammonium Vanadate/Sulfuric Acid),LOT-2026-MAND-105,564,24.4,PASS,1.394,90.22,-1.27,4.58,88.8,-1.97,4.8,88.96,-2.9,3.8,87.7,-2.28,4.16,2.747,0.0458,FieldSure-Narcotics-v2.1,0.972,NEG_NO_REACTION,VALIDATED_LAB_CONFIRMED,LAB-CONFIRM-80117,GC-MS (Gas Chromatography-Mass Spectrometry),Inert Cutting Agent (Lactose/Caffeine),0.0,N/A (Inert Sample),TRUE_NEGATIVE,TRAIN_SET
FS-2026-00119,2026-03-14T00:57:00Z,OP-FORENSIC-106,State_Forensic_Field_Team,Off-White Powder,Scott Reagent (Cobalt Thiocyanate Phase),LOT-2026-SCOT-850,564,23.1,PASS,1.17,94.45,0.76,2.65,92.7,0.24,3.2,92.02,1.96,2.31,90.29,1.48,3.76,4.365,0.0728,FieldSure-Narcotics-v2.1,0.894,NEG_NO_REACTION,VALIDATED_LAB_CONFIRMED,LAB-CONFIRM-80118,LC-MS/MS (Liquid Chromatography-Tandem Mass Spectrometry),Heroin Hydrochloride,40.66,None (High Purity Grade),TRUE_POSITIVE,TRAIN_SET
FS-2026-00120,2026-03-14T03:24:00Z,OP-FORENSIC-106,State_Forensic_Field_Team,Pressed Tablet (Crushed),Mecke Reagent (Selenious Acid/Sulfuric Acid),LOT-2026-MECK-306,564,17.2,PASS,1.243,86.94,-0.05,5.9,85.93,0.13,5.6,85.93,0.32,5.05,84.53,0.41,5.85,2.454,0.0409,FieldSure-Narcotics-v2.1,0.947,NEG_NO_REACTION,VALIDATED_LAB_CONFIRMED,LAB-CONFIRM-80119,GC-MS (Gas Chromatography-Mass Spectrometry),Heroin Hydrochloride,46.16,Dimethylsulfone (18.4%),TRUE_POSITIVE,TRAIN_SET
FS-2026-00121,2026-03-14T06:28:00Z,OP-FORENSIC-105,State_Forensic_Field_Team,Crystalline Powder,Ehrlich Reagent (p-DMAB/HCl),LOT-2026-EHRL-826,2363,21.2,FAIL_GLARE,10.073,86.7,2.12,3.87,,,,,,,,,,,,FieldSure-Narcotics-v2.1,0.036,ABSTAIN_FAIL_GLARE,UNVALIDATED_QC_ABSTAIN,LAB-CONFIRM-80120,FTIR (Fourier Transform Infrared Spectroscopy),Fentanyl HCl (Trace / Weak Response),17.83,Lactose / Starch,ABSTAINED_NO_PREDICTION,TRAIN_SET
FS-2026-00122,2026-03-14T11:56:00Z,OP-FORENSIC-114,Metropolitan_Task_Force,Tar/Sticky Resin,Marquis Reagent (Formaldehyde/Sulfuric Acid),LOT-2026-MARQ-149,2363,24.9,PASS,1.741,89.82,0.85,3.09,89.25,0.26,4.74,87.65,1.08,4.62,86.73,2.38,5.14,4.011,0.0669,FieldSure-Narcotics-v2.1,0.984,NEG_NO_REACTION,VALIDATED_LAB_CONFIRMED,LAB-CONFIRM-80121,GC-MS (Gas Chromatography-Mass Spectrometry),Cocaine Hydrochloride,87.51,None (High Purity Grade),TRUE_POSITIVE,TRAIN_SET
FS-2026-00123,2026-03-14T13:56:00Z,OP-FORENSIC-120,Border_Control_Post_3,Pressed Tablet (Crushed),Mecke Reagent (Selenious Acid/Sulfuric Acid),LOT-2026-MECK-702,564,24.7,PASS,1.486,90.4,0.02,4.05,87.49,0.24,5.13,88.27,0.65,3.52,87.04,0.81,3.5,3.495,0.0582,FieldSure-Narcotics-v2.1,0.962,NEG_NO_REACTION,VALIDATED_LAB_CONFIRMED,LAB-CONFIRM-80122,GC-MS (Gas Chromatography-Mass Spectrometry),Procaine / Benzocaine (Local Anesthetic),0.0,N/A (Inert Sample),TRUE_NEGATIVE,TRAIN_SET
FS-2026-00124,2026-03-14T14:19:00Z,OP-FORENSIC-111,Customs_Evidence_Unit,Pressed Tablet (Crushed),Duquenois-Levine Reagent (Vanillin/Acetaldehyde),LOT-2026-DUQN-637,564,22.6,FAIL_GLARE,7.985,90.5,-1.33,2.37,,,,,,,,,,,,FieldSure-Narcotics-v2.1,0.26,ABSTAIN_FAIL_GLARE,UNVALIDATED_QC_ABSTAIN,LAB-CONFIRM-80123,LC-MS/MS (Liquid Chromatography-Tandem Mass Spectrometry),"3,4-MDMA (Ecstasy)",86.9,None (High Purity Grade),ABSTAINED_NO_PREDICTION,TRAIN_SET
FS-2026-00125,2026-03-14T17:36:00Z,OP-FORENSIC-119,State_Forensic_Field_Team,Off-White Powder,Duquenois-Levine Reagent (Vanillin/Acetaldehyde),LOT-2026-DUQN-371,564,20.9,PASS,1.7,89.16,1.27,5.43,89.36,0.54,6.41,87.87,1.52,6.45,86.54,-0.63,6.57,3.431,0.0572,FieldSure-Narcotics-v2.1,0.976,NEG_NO_REACTION,VALIDATED_LAB_CONFIRMED,LAB-CONFIRM-80124,GC-MS (Gas Chromatography-Mass Spectrometry),Fentanyl HCl (Trace / Weak Response),12.41,Phenacetin (11.0%),TRUE_POSITIVE,TRAIN_SET
FS-2026-00126,2026-03-14T23:50:00Z,OP-FORENSIC-119,District_Lab_North,Crystalline Powder,Mandelin Reagent (Ammonium Vanadate/Sulfuric Acid),LOT-2026-MAND-938,7589,17.5,PASS,1.263,95.17,-0.59,2.12,94.37,-1.01,2.11,95.86,-1.82,4.19,95.52,-1.38,3.74,1.836,0.0306,FieldSure-Narcotics-v2.1,0.938,NEG_NO_REACTION,VALIDATED_LAB_CONFIRMED,LAB-CONFIRM-80125,LC-MS/MS (Liquid Chromatography-Tandem Mass Spectrometry),Inert Cutting Agent (Lactose/Caffeine),0.0,N/A (Inert Sample),TRUE_NEGATIVE,TRAIN_SET
FS-2026-00127,2026-03-15T00:17:00Z,OP-FORENSIC-106,District_Lab_North,Crystalline Powder,Duquenois-Levine Reagent (Vanillin/Acetaldehyde),LOT-2026-DUQN-311,564,33.9,PASS,1.808,94.56,0.93,1.09,94.3,1.8,3.15,95.61,2.35,3.04,94.33,2.63,3.02,2.582,0.043,FieldSure-Narcotics-v2.1,0.893,NEG_NO_REACTION,VALIDATED_LAB_CONFIRMED,LAB-CONFIRM-80126,GC-MS (Gas Chromatography-Mass Spectrometry),Procaine / Benzocaine (Local Anesthetic),0.0,N/A (Inert Sample),TRUE_NEGATIVE,TRAIN_SET
FS-2026-00128,2026-03-15T07:42:00Z,OP-FORENSIC-104,Metropolitan_Task_Force,Crystalline Powder,Mecke Reagent (Selenious Acid/Sulfuric Acid),LOT-2026-MECK-297,7589,21.1,PASS,0.448,90.46,1.7,2.0,90.55,2.19,3.11,89.0,0.88,2.62,89.37,1.54,3.01,1.495,0.0249,FieldSure-Narcotics-v2.1,0.919,NEG_NO_REACTION,VALIDATED_LAB_CONFIRMED,LAB-CONFIRM-80127,GC-MS (Gas Chromatography-Mass Spectrometry),"3,4-MDMA (Ecstasy)",72.87,None (High Purity Grade),TRUE_POSITIVE,TRAIN_SET
FS-2026-00129,2026-03-15T14:49:00Z,OP-FORENSIC-124,Customs_Evidence_Unit,Crystalline Powder,Mandelin Reagent (Ammonium Vanadate/Sulfuric Acid),LOT-2026-MAND-292,564,16.5,PASS,0.653,88.66,0.26,4.24,86.76,1.19,4.72,86.63,0.72,6.77,86.52,1.4,5.58,2.77,0.0462,FieldSure-Narcotics-v2.1,0.922,NEG_NO_REACTION,VALIDATED_LAB_CONFIRMED,LAB-CONFIRM-80128,LC-MS/MS (Liquid Chromatography-Tandem Mass Spectrometry),Delta-9-THC,70.6,Lactose / Starch,TRUE_POSITIVE,TRAIN_SET
FS-2026-00130,2026-03-15T17:14:00Z,OP-FORENSIC-117,State_Forensic_Field_Team,Plant Matter Extract,Simon's Reagent (Sodium Nitroprusside/Acetaldehyde),LOT-2026-SIMN-747,564,22.9,PASS,1.173,86.74,1.98,5.6,86.12,3.04,7.29,84.84,0.38,8.25,84.15,0.42,8.44,4.148,0.0691,FieldSure-Narcotics-v2.1,0.963,NEG_NO_REACTION,VALIDATED_LAB_CONFIRMED,LAB-CONFIRM-80129,GC-MS (Gas Chromatography-Mass Spectrometry),Inert Cutting Agent (Lactose/Caffeine),0.0,N/A (Inert Sample),TRUE_NEGATIVE,TRAIN_SET
FS-2026-00131,2026-03-16T00:00:00Z,OP-FORENSIC-116,Border_Control_Post_3,Tar/Sticky Resin,Mecke Reagent (Selenious Acid/Sulfuric Acid),LOT-2026-MECK-297,564,24.9,PASS,0.923,88.77,0.36,5.43,88.04,0.37,6.75,86.62,-0.08,6.13,84.92,0.42,6.29,3.945,0.0658,FieldSure-Narcotics-v2.1,0.925,NEG_NO_REACTION,VALIDATED_LAB_CONFIRMED,LAB-CONFIRM-80130,GC-MS (Gas Chromatography-Mass Spectrometry),Cocaine Hydrochloride,81.86,Phenacetin (11.0%),TRUE_POSITIVE,TRAIN_SET
FS-2026-00132,2026-03-16T02:19:00Z,OP-FORENSIC-103,Border_Control_Post_3,Crystalline Powder,Scott Reagent (Cobalt Thiocyanate Phase),LOT-2026-SCOT-948,7589,22.7,PASS,1.029,89.57,0.89,2.41,73.58,9.9,3.63,61.76,14.7,4.26,54.77,17.9,5.99,38.9,0.6483,FieldSure-Narcotics-v2.1,0.987,FALSE_POS_LOCAL_ANESTHETIC,VALIDATED_LAB_CONFIRMED,LAB-CONFIRM-80131,LC-MS/MS (Liquid Chromatography-Tandem Mass Spectrometry),Procaine / Benzocaine (Local Anesthetic),0.0,N/A (Inert Sample),TRUE_POSITIVE,TRAIN_SET
FS-2026-00133,2026-03-16T05:49:00Z,OP-FORENSIC-112,Customs_Evidence_Unit,Off-White Powder,Mandelin Reagent (Ammonium Vanadate/Sulfuric Acid),LOT-2026-MAND-466,7589,14.6,PASS,1.679,95.29,-0.84,3.59,94.11,-2.23,6.03,91.17,-0.46,6.17,92.85,-1.45,5.64,3.245,0.0541,FieldSure-Narcotics-v2.1,0.979,NEG_NO_REACTION,VALIDATED_LAB_CONFIRMED,LAB-CONFIRM-80132,GC-MS (Gas Chromatography-Mass Spectrometry),Procaine / Benzocaine (Local Anesthetic),0.0,N/A (Inert Sample),TRUE_NEGATIVE,TRAIN_SET
FS-2026-00134,2026-03-16T08:15:00Z,OP-FORENSIC-114,Customs_Evidence_Unit,Crystalline Powder,Duquenois-Levine Reagent (Vanillin/Acetaldehyde),LOT-2026-DUQN-540,564,16.1,PASS,1.131,92.67,-0.45,4.81,92.49,-0.85,4.7,91.64,-1.39,5.53,92.36,-0.89,5.4,0.799,0.0133,FieldSure-Narcotics-v2.1,0.941,NEG_NO_REACTION,VALIDATED_LAB_CONFIRMED,LAB-CONFIRM-80133,GC-MS (Gas Chromatography-Mass Spectrometry),Inert Cutting Agent (Lactose/Caffeine),0.0,N/A (Inert Sample),TRUE_NEGATIVE,TRAIN_SET
FS-2026-00135,2026-03-16T11:03:00Z,OP-FORENSIC-105,State_Forensic_Field_Team,Liquid Solution (Diluted),Scott Reagent (Cobalt Thiocyanate Phase),LOT-2026-SCOT-671,7589,27.5,FAIL_EXPOSURE,9.039,86.61,1.61,3.76,,,,,,,,,,,,FieldSure-Narcotics-v2.1,0.056,ABSTAIN_FAIL_EXPOSURE,UNVALIDATED_QC_ABSTAIN,LAB-CONFIRM-80134,GC-MS (Gas Chromatography-Mass Spectrometry),Fentanyl HCl (Trace / Weak Response),6.95,Caffeine (14.5%),ABSTAINED_NO_PREDICTION,TRAIN_SET
FS-2026-00136,2026-03-16T16:42:00Z,OP-FORENSIC-103,State_Forensic_Field_Team,Off-White Powder,Scott Reagent (Cobalt Thiocyanate Phase),LOT-2026-SCOT-444,2363,18.7,PASS,1.843,87.47,-1.32,4.93,70.6,-13.68,-5.72,56.02,-23.87,-17.27,48.63,-29.17,-23.26,55.487,0.9248,FieldSure-Narcotics-v2.1,0.897,POS_COCAINE,VALIDATED_LAB_CONFIRMED,LAB-CONFIRM-80135,GC-MS (Gas Chromatography-Mass Spectrometry),Cocaine Hydrochloride,83.41,Levamisole (8.2%),TRUE_POSITIVE,TRAIN_SET
FS-2026-00137,2026-03-16T17:39:00Z,OP-FORENSIC-121,Customs_Evidence_Unit,Crystalline Powder,Mecke Reagent (Selenious Acid/Sulfuric Acid),LOT-2026-MECK-841,564,21.0,PASS,1.782,88.34,1.52,2.02,87.04,3.73,2.67,85.57,2.86,4.02,85.93,2.89,4.59,3.78,0.063,FieldSure-Narcotics-v2.1,0.932,NEG_NO_REACTION,VALIDATED_LAB_CONFIRMED,LAB-CONFIRM-80136,LC-MS/MS (Liquid Chromatography-Tandem Mass Spectrometry),Heroin Hydrochloride,55.74,Levamisole (8.2%),TRUE_POSITIVE,TRAIN_SET
FS-2026-00138,2026-03-16T18:30:00Z,OP-FORENSIC-101,District_Lab_North,Plant Matter Extract,Duquenois-Levine Reagent (Vanillin/Acetaldehyde),LOT-2026-DUQN-236,7589,21.1,PASS,0.935,86.27,0.99,2.83,85.72,1.42,4.19,84.1,2.4,2.85,83.95,-0.31,2.33,2.706,0.0451,FieldSure-Narcotics-v2.1,0.996,NEG_NO_REACTION,VALIDATED_LAB_CONFIRMED,LAB-CONFIRM-80137,LC-MS/MS (Liquid Chromatography-Tandem Mass Spectrometry),Heroin Hydrochloride,59.2,Phenacetin (11.0%),TRUE_POSITIVE,TRAIN_SET
FS-2026-00139,2026-03-16T19:04:00Z,OP-FORENSIC-120,Customs_Evidence_Unit,Off-White Powder,Mandelin Reagent (Ammonium Vanadate/Sulfuric Acid),LOT-2026-MAND-738,2363,27.8,FAIL_GLARE,12.741,91.25,-1.01,5.47,,,,,,,,,,,,FieldSure-Narcotics-v2.1,0.037,ABSTAIN_FAIL_GLARE,UNVALIDATED_QC_ABSTAIN,LAB-CONFIRM-80138,GC-MS (Gas Chromatography-Mass Spectrometry),Fentanyl HCl (Trace / Weak Response),16.84,Phenacetin (11.0%),ABSTAINED_NO_PREDICTION,TRAIN_SET
FS-2026-00140,2026-03-17T08:09:00Z,OP-FORENSIC-121,District_Lab_North,Off-White Powder,Mecke Reagent (Selenious Acid/Sulfuric Acid),LOT-2026-MECK-178,7589,20.7,PASS,0.527,90.86,0.5,5.19,90.85,-0.68,5.61,88.97,1.0,6.41,89.6,1.04,5.33,1.378,0.023,FieldSure-Narcotics-v2.1,0.982,NEG_NO_REACTION,VALIDATED_LAB_CONFIRMED,LAB-CONFIRM-80139,GC-MS (Gas Chromatography-Mass Spectrometry),Fentanyl HCl (Trace / Weak Response),9.83,Phenacetin (11.0%),TRUE_POSITIVE,TRAIN_SET
FS-2026-00141,2026-03-17T12:14:00Z,OP-FORENSIC-100,State_Forensic_Field_Team,Crystalline Powder,Duquenois-Levine Reagent (Vanillin/Acetaldehyde),LOT-2026-DUQN-340,7589,21.3,FAIL_EXPOSURE,12.032,92.71,-0.07,2.39,,,,,,,,,,,,FieldSure-Narcotics-v2.1,0.09,ABSTAIN_FAIL_EXPOSURE,UNVALIDATED_QC_ABSTAIN,LAB-CONFIRM-80140,LC-MS/MS (Liquid Chromatography-Tandem Mass Spectrometry),LSD (Lysergic Acid Diethylamide),17.03,Levamisole (8.2%),ABSTAINED_NO_PREDICTION,TRAIN_SET
FS-2026-00142,2026-03-17T13:10:00Z,OP-FORENSIC-105,State_Forensic_Field_Team,Pressed Tablet (Crushed),Mandelin Reagent (Ammonium Vanadate/Sulfuric Acid),LOT-2026-MAND-369,564,34.4,PASS,1.063,87.06,2.24,2.19,87.31,1.73,2.5,87.9,2.93,4.62,86.25,4.07,5.09,3.523,0.0587,FieldSure-Narcotics-v2.1,0.943,NEG_NO_REACTION,VALIDATED_LAB_CONFIRMED,LAB-CONFIRM-80141,GC-MS (Gas Chromatography-Mass Spectrometry),Methamphetamine HCl,77.24,Caffeine (14.5%),TRUE_POSITIVE,TRAIN_SET
FS-2026-00143,2026-03-17T13:41:00Z,OP-FORENSIC-100,Metropolitan_Task_Force,Crystalline Powder,Marquis Reagent (Formaldehyde/Sulfuric Acid),LOT-2026-MARQ-775,564,21.4,PASS,0.919,86.37,0.61,2.98,73.42,-12.73,15.92,64.39,-21.66,27.1,59.24,-28.18,32.73,49.497,0.825,FieldSure-Narcotics-v2.1,0.911,POS_MDMA,VALIDATED_LAB_CONFIRMED,LAB-CONFIRM-80142,LC-MS/MS (Liquid Chromatography-Tandem Mass Spectrometry),"3,4-MDMA (Ecstasy)",58.4,Lactose / Starch,TRUE_POSITIVE,TRAIN_SET
FS-2026-00144,2026-03-17T19:35:00Z,OP-FORENSIC-106,District_Lab_North,Tar/Sticky Resin,Scott Reagent (Cobalt Thiocyanate Phase),LOT-2026-SCOT-769,564,24.6,FAIL_GLARE,4.837,93.42,-0.37,5.71,,,,,,,,,,,,FieldSure-Narcotics-v2.1,0.159,ABSTAIN_FAIL_GLARE,UNVALIDATED_QC_ABSTAIN,LAB-CONFIRM-80143,GC-MS (Gas Chromatography-Mass Spectrometry),Heroin Hydrochloride,66.95,Dimethylsulfone (18.4%),ABSTAINED_NO_PREDICTION,TRAIN_SET
FS-2026-00145,2026-03-17T21:38:00Z,OP-FORENSIC-101,Border_Control_Post_3,Crystalline Powder,Duquenois-Levine Reagent (Vanillin/Acetaldehyde),LOT-2026-DUQN-237,7589,22.3,PASS,1.59,90.54,-1.47,5.9,92.08,-2.44,6.15,90.64,-1.97,6.7,90.52,-1.44,7.65,1.75,0.0292,FieldSure-Narcotics-v2.1,0.95,NEG_NO_REACTION,VALIDATED_LAB_CONFIRMED,LAB-CONFIRM-80144,GC-MS (Gas Chromatography-Mass Spectrometry),Procaine / Benzocaine (Local Anesthetic),0.0,N/A (Inert Sample),TRUE_NEGATIVE,TRAIN_SET
FS-2026-00146,2026-03-17T22:55:00Z,OP-FORENSIC-100,State_Forensic_Field_Team,Crystalline Powder,Marquis Reagent (Formaldehyde/Sulfuric Acid),LOT-2026-MARQ-290,7589,20.3,PASS,0.527,95.87,2.44,3.8,71.54,-6.47,-0.72,51.64,-11.5,-0.32,40.58,-15.66,-3.5,58.633,0.9772,FieldSure-Narcotics-v2.1,0.985,POS_MDMA,VALIDATED_LAB_CONFIRMED,LAB-CONFIRM-80145,LC-MS/MS (Liquid Chromatography-Tandem Mass Spectrometry),"3,4-MDMA (Ecstasy)",53.89,None (High Purity Grade),TRUE_POSITIVE,TRAIN_SET
FS-2026-00147,2026-03-18T01:30:00Z,OP-FORENSIC-115,Customs_Evidence_Unit,Pressed Tablet (Crushed),Mecke Reagent (Selenious Acid/Sulfuric Acid),LOT-2026-MECK-366,2363,27.3,PASS,1.453,89.25,-0.59,3.84,88.99,-1.22,2.97,87.92,-1.94,3.31,86.14,-2.19,3.45,3.519,0.0586,FieldSure-Narcotics-v2.1,0.972,NEG_NO_REACTION,VALIDATED_LAB_CONFIRMED,LAB-CONFIRM-80146,FTIR (Fourier Transform Infrared Spectroscopy),"3,4-MDMA (Ecstasy)",66.43,Phenacetin (11.0%),TRUE_POSITIVE,TRAIN_SET
FS-2026-00148,2026-03-18T02:18:00Z,OP-FORENSIC-120,Metropolitan_Task_Force,Liquid Solution (Diluted),Marquis Reagent (Formaldehyde/Sulfuric Acid),LOT-2026-MARQ-755,2363,18.9,PASS,0.462,94.89,-0.88,4.34,93.7,0.24,5.34,92.28,-0.75,3.61,91.51,-0.76,3.58,3.466,0.0578,FieldSure-Narcotics-v2.1,0.977,NEG_NO_REACTION,VALIDATED_LAB_CONFIRMED,LAB-CONFIRM-80147,GC-MS (Gas Chromatography-Mass Spectrometry),Delta-9-THC,30.67,Dimethylsulfone (18.4%),TRUE_POSITIVE,TRAIN_SET
FS-2026-00149,2026-03-18T03:46:00Z,OP-FORENSIC-109,District_Lab_North,Crystalline Powder,Duquenois-Levine Reagent (Vanillin/Acetaldehyde),LOT-2026-DUQN-484,564,28.7,PASS,0.442,93.51,2.4,5.22,93.06,4.2,4.9,94.06,4.25,4.67,94.28,4.31,4.58,2.157,0.036,FieldSure-Narcotics-v2.1,0.968,NEG_NO_REACTION,VALIDATED_LAB_CONFIRMED,LAB-CONFIRM-80148,GC-MS (Gas Chromatography-Mass Spectrometry),Inert Cutting Agent (Lactose/Caffeine),0.0,N/A (Inert Sample),TRUE_NEGATIVE,TRAIN_SET
FS-2026-00150,2026-03-18T04:36:00Z,OP-FORENSIC-102,Metropolitan_Task_Force,Crystalline Powder,Simon's Reagent (Sodium Nitroprusside/Acetaldehyde),LOT-2026-SIMN-523,2363,25.4,PASS,0.978,95.97,-0.1,3.03,95.02,0.43,4.47,95.19,0.61,5.98,93.32,0.28,6.14,4.104,0.0684,FieldSure-Narcotics-v2.1,0.899,NEG_NO_REACTION,VALIDATED_LAB_CONFIRMED,LAB-CONFIRM-80149,GC-MS (Gas Chromatography-Mass Spectrometry),Inert Cutting Agent (Lactose/Caffeine),0.0,N/A (Inert Sample),TRUE_NEGATIVE,TRAIN_SET
FS-2026-00151,2026-03-18T06:49:00Z,OP-FORENSIC-120,Border_Control_Post_3,Crystalline Powder,Marquis Reagent (Formaldehyde/Sulfuric Acid),LOT-2026-MARQ-649,7589,22.6,PASS,0.353,90.63,2.15,5.66,88.81,1.79,3.89,88.72,1.24,5.45,87.49,0.91,5.25,3.401,0.0567,FieldSure-Narcotics-v2.1,0.955,NEG_NO_REACTION,VALIDATED_LAB_CONFIRMED,LAB-CONFIRM-80150,GC-MS (Gas Chromatography-Mass Spectrometry),Delta-9-THC,50.89,Dimethylsulfone (18.4%),TRUE_POSITIVE,TRAIN_SET
FS-2026-00152,2026-03-18T07:15:00Z,OP-FORENSIC-114,State_Forensic_Field_Team,Tar/Sticky Resin,Simon's Reagent (Sodium Nitroprusside/Acetaldehyde),LOT-2026-SIMN-967,564,27.1,PASS,0.885,94.99,0.06,1.69,93.3,0.59,3.02,93.67,0.41,5.38,95.2,1.55,4.64,3.312,0.0552,FieldSure-Narcotics-v2.1,0.99,NEG_NO_REACTION,VALIDATED_LAB_CONFIRMED,LAB-CONFIRM-80151,GC-MS (Gas Chromatography-Mass Spectrometry),Cocaine Hydrochloride,73.23,None (High Purity Grade),TRUE_POSITIVE,TRAIN_SET
FS-2026-00153,2026-03-18T08:55:00Z,OP-FORENSIC-119,Metropolitan_Task_Force,Off-White Powder,Marquis Reagent (Formaldehyde/Sulfuric Acid),LOT-2026-MARQ-892,564,29.5,PASS,1.358,89.4,-1.26,4.55,89.87,-0.98,5.0,88.15,0.09,4.76,87.4,0.11,5.0,2.466,0.0411,FieldSure-Narcotics-v2.1,0.958,NEG_NO_REACTION,VALIDATED_LAB_CONFIRMED,LAB-CONFIRM-80152,GC-MS (Gas Chromatography-Mass Spectrometry),Procaine / Benzocaine (Local Anesthetic),0.0,N/A (Inert Sample),TRUE_NEGATIVE,TRAIN_SET
FS-2026-00154,2026-03-18T09:36:00Z,OP-FORENSIC-123,State_Forensic_Field_Team,Crystalline Powder,Mecke Reagent (Selenious Acid/Sulfuric Acid),LOT-2026-MECK-859,564,26.2,PASS,1.664,95.0,0.67,5.22,94.46,1.55,5.11,95.11,2.43,5.13,95.59,1.56,5.95,1.293,0.0216,FieldSure-Narcotics-v2.1,0.982,NEG_NO_REACTION,VALIDATED_LAB_CONFIRMED,LAB-CONFIRM-80153,GC-MS (Gas Chromatography-Mass Spectrometry),Fentanyl HCl (Trace / Weak Response),11.64,Phenacetin (11.0%),TRUE_POSITIVE,TRAIN_SET
FS-2026-00155,2026-03-18T11:23:00Z,OP-FORENSIC-110,Customs_Evidence_Unit,Off-White Powder,Duquenois-Levine Reagent (Vanillin/Acetaldehyde),LOT-2026-DUQN-445,564,27.7,PASS,1.623,92.12,1.01,1.66,91.82,1.6,3.77,91.95,2.22,4.45,91.91,2.37,4.1,2.801,0.0467,FieldSure-Narcotics-v2.1,0.983,NEG_NO_REACTION,VALIDATED_LAB_CONFIRMED,LAB-CONFIRM-80154,LC-MS/MS (Liquid Chromatography-Tandem Mass Spectrometry),Procaine / Benzocaine (Local Anesthetic),0.0,N/A (Inert Sample),TRUE_NEGATIVE,TRAIN_SET
FS-2026-00156,2026-03-18T11:43:00Z,OP-FORENSIC-121,Metropolitan_Task_Force,Crystalline Powder,Mandelin Reagent (Ammonium Vanadate/Sulfuric Acid),LOT-2026-MAND-716,564,30.7,PASS,1.616,91.2,1.39,4.38,87.98,1.84,4.07,89.52,3.36,4.41,88.23,2.1,3.86,3.098,0.0516,FieldSure-Narcotics-v2.1,0.896,NEG_NO_REACTION,VALIDATED_LAB_CONFIRMED,LAB-CONFIRM-80155,FTIR (Fourier Transform Infrared Spectroscopy),Procaine / Benzocaine (Local Anesthetic),0.0,N/A (Inert Sample),TRUE_NEGATIVE,TRAIN_SET
FS-2026-00157,2026-03-18T13:27:00Z,OP-FORENSIC-110,Metropolitan_Task_Force,Crystalline Powder,Mecke Reagent (Selenious Acid/Sulfuric Acid),LOT-2026-MECK-617,564,25.9,PASS,1.202,90.86,0.38,3.3,89.4,1.22,2.7,90.34,0.63,2.78,88.88,2.25,3.78,2.765,0.0461,FieldSure-Narcotics-v2.1,0.971,NEG_NO_REACTION,VALIDATED_LAB_CONFIRMED,LAB-CONFIRM-80156,FTIR (Fourier Transform Infrared Spectroscopy),Procaine / Benzocaine (Local Anesthetic),0.0,N/A (Inert Sample),TRUE_NEGATIVE,TRAIN_SET
FS-2026-00158,2026-03-18T14:45:00Z,OP-FORENSIC-101,Metropolitan_Task_Force,Tar/Sticky Resin,Simon's Reagent (Sodium Nitroprusside/Acetaldehyde),LOT-2026-SIMN-275,564,29.6,PASS,0.856,92.82,0.3,3.55,89.13,0.58,3.88,91.8,0.22,5.34,90.86,-0.9,6.46,3.708,0.0618,FieldSure-Narcotics-v2.1,0.934,NEG_NO_REACTION,VALIDATED_LAB_CONFIRMED,LAB-CONFIRM-80157,GC-MS (Gas Chromatography-Mass Spectrometry),Inert Cutting Agent (Lactose/Caffeine),0.0,N/A (Inert Sample),TRUE_NEGATIVE,TRAIN_SET
FS-2026-00159,2026-03-18T19:38:00Z,OP-FORENSIC-101,State_Forensic_Field_Team,Pressed Tablet (Crushed),Duquenois-Levine Reagent (Vanillin/Acetaldehyde),LOT-2026-DUQN-545,564,29.1,PASS,1.848,89.99,1.17,2.93,90.08,-0.1,3.69,88.71,-0.46,3.05,89.04,0.07,2.68,1.475,0.0246,FieldSure-Narcotics-v2.1,0.919,NEG_NO_REACTION,VALIDATED_LAB_CONFIRMED,LAB-CONFIRM-80158,GC-MS (Gas Chromatography-Mass Spectrometry),Procaine / Benzocaine (Local Anesthetic),0.0,N/A (Inert Sample),TRUE_NEGATIVE,TRAIN_SET
FS-2026-00160,2026-03-18T20:04:00Z,OP-FORENSIC-106,State_Forensic_Field_Team,Pressed Tablet (Crushed),Ehrlich Reagent (p-DMAB/HCl),LOT-2026-EHRL-671,2363,19.7,PASS,0.784,91.13,-1.44,1.83,91.57,-0.53,2.25,91.32,-1.6,0.87,91.35,-2.02,0.85,1.16,0.0193,FieldSure-Narcotics-v2.1,0.993,NEG_NO_REACTION,VALIDATED_LAB_CONFIRMED,LAB-CONFIRM-80159,GC-MS (Gas Chromatography-Mass Spectrometry),Inert Cutting Agent (Lactose/Caffeine),0.0,N/A (Inert Sample),TRUE_NEGATIVE,TRAIN_SET
FS-2026-00161,2026-03-18T22:24:00Z,OP-FORENSIC-109,Customs_Evidence_Unit,Pressed Tablet (Crushed),Marquis Reagent (Formaldehyde/Sulfuric Acid),LOT-2026-MARQ-159,7589,27.4,PASS,1.032,87.23,-1.46,3.79,86.09,-2.59,3.94,85.89,-0.87,3.38,84.15,-1.35,2.59,3.307,0.0551,FieldSure-Narcotics-v2.1,0.987,NEG_NO_REACTION,VALIDATED_LAB_CONFIRMED,LAB-CONFIRM-80160,LC-MS/MS (Liquid Chromatography-Tandem Mass Spectrometry),Inert Cutting Agent (Lactose/Caffeine),0.0,N/A (Inert Sample),TRUE_NEGATIVE,TRAIN_SET
FS-2026-00162,2026-03-19T00:24:00Z,OP-FORENSIC-112,State_Forensic_Field_Team,Pressed Tablet (Crushed),Marquis Reagent (Formaldehyde/Sulfuric Acid),LOT-2026-MARQ-432,564,22.3,PASS,0.439,91.72,0.7,4.22,90.02,0.42,6.49,89.18,0.85,6.1,89.15,-0.21,5.57,3.042,0.0507,FieldSure-Narcotics-v2.1,0.936,NEG_NO_REACTION,VALIDATED_LAB_CONFIRMED,LAB-CONFIRM-80161,LC-MS/MS (Liquid Chromatography-Tandem Mass Spectrometry),Delta-9-THC,63.23,Dimethylsulfone (18.4%),TRUE_POSITIVE,TRAIN_SET
FS-2026-00163,2026-03-19T02:52:00Z,OP-FORENSIC-106,Metropolitan_Task_Force,Crystalline Powder,Ehrlich Reagent (p-DMAB/HCl),LOT-2026-EHRL-781,564,15.2,FAIL_BLUR,5.937,86.96,-1.4,5.29,,,,,,,,,,,,FieldSure-Narcotics-v2.1,0.215,ABSTAIN_FAIL_BLUR,UNVALIDATED_QC_ABSTAIN,LAB-CONFIRM-80162,GC-MS (Gas Chromatography-Mass Spectrometry),Fentanyl HCl (Trace / Weak Response),16.16,Levamisole (8.2%),ABSTAINED_NO_PREDICTION,TRAIN_SET
FS-2026-00164,2026-03-19T03:16:00Z,OP-FORENSIC-109,Metropolitan_Task_Force,Crystalline Powder,Marquis Reagent (Formaldehyde/Sulfuric Acid),LOT-2026-MARQ-308,564,24.0,PASS,0.767,93.59,-1.04,4.8,75.52,12.81,6.88,60.27,22.06,8.77,52.23,28.93,11.32,51.491,0.8582,FieldSure-Narcotics-v2.1,0.974,POS_FENTANYL_WEAK,VALIDATED_LAB_CONFIRMED,LAB-CONFIRM-80163,LC-MS/MS (Liquid Chromatography-Tandem Mass Spectrometry),Fentanyl HCl (Trace / Weak Response),16.03,Levamisole (8.2%),TRUE_POSITIVE,TRAIN_SET
FS-2026-00165,2026-03-19T06:15:00Z,OP-FORENSIC-121,Customs_Evidence_Unit,Crystalline Powder,Marquis Reagent (Formaldehyde/Sulfuric Acid),LOT-2026-MARQ-369,564,23.3,PASS,1.712,94.09,0.72,4.34,78.88,11.49,18.51,65.54,17.6,29.28,58.88,22.15,35.84,51.877,0.8646,FieldSure-Narcotics-v2.1,0.966,POS_OPIATE_HEROIN,VALIDATED_LAB_CONFIRMED,LAB-CONFIRM-80164,GC-MS (Gas Chromatography-Mass Spectrometry),Heroin Hydrochloride,46.21,Dimethylsulfone (18.4%),TRUE_POSITIVE,TRAIN_SET
FS-2026-00166,2026-03-19T06:24:00Z,OP-FORENSIC-110,District_Lab_North,Crystalline Powder,Duquenois-Levine Reagent (Vanillin/Acetaldehyde),LOT-2026-DUQN-682,564,19.7,FAIL_BLUR,10.461,94.65,-1.26,4.12,,,,,,,,,,,,FieldSure-Narcotics-v2.1,0.252,ABSTAIN_FAIL_BLUR,UNVALIDATED_QC_ABSTAIN,LAB-CONFIRM-80165,GC-MS (Gas Chromatography-Mass Spectrometry),"3,4-MDMA (Ecstasy)",83.84,Caffeine (14.5%),ABSTAINED_NO_PREDICTION,TRAIN_SET
FS-2026-00167,2026-03-19T06:37:00Z,OP-FORENSIC-110,State_Forensic_Field_Team,Plant Matter Extract,Scott Reagent (Cobalt Thiocyanate Phase),LOT-2026-SCOT-153,7589,28.8,PASS,1.789,94.14,-0.77,4.87,93.42,-0.45,4.25,91.77,0.99,3.41,92.05,0.28,4.94,2.34,0.039,FieldSure-Narcotics-v2.1,0.912,NEG_NO_REACTION,VALIDATED_LAB_CONFIRMED,LAB-CONFIRM-80166,LC-MS/MS (Liquid Chromatography-Tandem Mass Spectrometry),Methamphetamine HCl,85.93,Dimethylsulfone (18.4%),TRUE_POSITIVE,TRAIN_SET
FS-2026-00168,2026-03-19T09:13:00Z,OP-FORENSIC-106,State_Forensic_Field_Team,Tar/Sticky Resin,Ehrlich Reagent (p-DMAB/HCl),LOT-2026-EHRL-322,2363,30.3,PASS,0.851,93.43,-0.16,3.06,92.11,0.13,3.62,90.45,0.87,2.3,90.0,-0.26,2.44,3.487,0.0581,FieldSure-Narcotics-v2.1,0.976,NEG_NO_REACTION,VALIDATED_LAB_CONFIRMED,LAB-CONFIRM-80167,GC-MS (Gas Chromatography-Mass Spectrometry),Methamphetamine HCl,91.32,Phenacetin (11.0%),TRUE_POSITIVE,TRAIN_SET
FS-2026-00169,2026-03-19T11:25:00Z,OP-FORENSIC-110,State_Forensic_Field_Team,Crystalline Powder,Simon's Reagent (Sodium Nitroprusside/Acetaldehyde),LOT-2026-SIMN-297,564,27.9,FAIL_BLUR,7.715,92.95,-0.37,2.13,,,,,,,,,,,,FieldSure-Narcotics-v2.1,0.05,ABSTAIN_FAIL_BLUR,UNVALIDATED_QC_ABSTAIN,LAB-CONFIRM-80168,GC-MS (Gas Chromatography-Mass Spectrometry),Delta-9-THC,69.47,Phenacetin (11.0%),ABSTAINED_NO_PREDICTION,TRAIN_SET
FS-2026-00170,2026-03-19T15:22:00Z,OP-FORENSIC-123,Customs_Evidence_Unit,Crystalline Powder,Duquenois-Levine Reagent (Vanillin/Acetaldehyde),LOT-2026-DUQN-464,2363,23.3,PASS,1.233,89.06,-0.06,4.66,73.96,-0.88,13.52,61.5,-3.88,21.12,54.08,-4.55,24.1,40.27,0.6712,FieldSure-Narcotics-v2.1,0.932,POS_CANNABINOID_THC,VALIDATED_LAB_CONFIRMED,LAB-CONFIRM-80169,GC-MS (Gas Chromatography-Mass Spectrometry),Delta-9-THC,72.04,Phenacetin (11.0%),TRUE_POSITIVE,TRAIN_SET
FS-2026-00171,2026-03-19T18:01:00Z,OP-FORENSIC-101,Border_Control_Post_3,Paper Blotter Segment,Ehrlich Reagent (p-DMAB/HCl),LOT-2026-EHRL-719,564,25.1,FAIL_GLARE,5.128,94.2,1.27,2.99,,,,,,,,,,,,FieldSure-Narcotics-v2.1,0.175,ABSTAIN_FAIL_GLARE,UNVALIDATED_QC_ABSTAIN,LAB-CONFIRM-80170,GC-MS (Gas Chromatography-Mass Spectrometry),Cocaine Hydrochloride,91.7,Levamisole (8.2%),ABSTAINED_NO_PREDICTION,TRAIN_SET
FS-2026-00172,2026-03-19T18:11:00Z,OP-FORENSIC-110,District_Lab_North,Plant Matter Extract,Simon's Reagent (Sodium Nitroprusside/Acetaldehyde),LOT-2026-SIMN-329,564,34.3,PASS,1.744,93.11,-0.03,4.86,91.94,-0.74,5.5,90.99,-0.25,4.38,90.01,-0.42,5.57,3.204,0.0534,FieldSure-Narcotics-v2.1,0.956,NEG_NO_REACTION,VALIDATED_LAB_CONFIRMED,LAB-CONFIRM-80171,GC-MS (Gas Chromatography-Mass Spectrometry),Cocaine Hydrochloride,85.91,None (High Purity Grade),TRUE_POSITIVE,TRAIN_SET
FS-2026-00173,2026-03-19T23:24:00Z,OP-FORENSIC-104,Metropolitan_Task_Force,Off-White Powder,Ehrlich Reagent (p-DMAB/HCl),LOT-2026-EHRL-369,564,24.1,PASS,0.716,92.0,0.55,1.37,90.89,-0.48,4.0,90.76,0.59,3.02,89.81,1.68,3.35,3.161,0.0527,FieldSure-Narcotics-v2.1,0.953,NEG_NO_REACTION,VALIDATED_LAB_CONFIRMED,LAB-CONFIRM-80172,LC-MS/MS (Liquid Chromatography-Tandem Mass Spectrometry),"3,4-MDMA (Ecstasy)",51.41,None (High Purity Grade),TRUE_POSITIVE,TRAIN_SET
FS-2026-00174,2026-03-20T01:37:00Z,OP-FORENSIC-106,District_Lab_North,Crystalline Powder,Duquenois-Levine Reagent (Vanillin/Acetaldehyde),LOT-2026-DUQN-355,7589,25.4,FAIL_EXPOSURE,7.518,92.31,1.42,3.25,,,,,,,,,,,,FieldSure-Narcotics-v2.1,0.129,ABSTAIN_FAIL_EXPOSURE,UNVALIDATED_QC_ABSTAIN,LAB-CONFIRM-80173,GC-MS (Gas Chromatography-Mass Spectrometry),Cocaine Hydrochloride,77.07,Phenacetin (11.0%),ABSTAINED_NO_PREDICTION,TRAIN_SET
FS-2026-00175,2026-03-20T03:44:00Z,OP-FORENSIC-103,Customs_Evidence_Unit,Pressed Tablet (Crushed),Simon's Reagent (Sodium Nitroprusside/Acetaldehyde),LOT-2026-SIMN-553,2363,25.9,FAIL_GLARE,5.097,90.07,2.21,3.4,,,,,,,,,,,,FieldSure-Narcotics-v2.1,0.203,ABSTAIN_FAIL_GLARE,UNVALIDATED_QC_ABSTAIN,LAB-CONFIRM-80174,LC-MS/MS (Liquid Chromatography-Tandem Mass Spectrometry),Cocaine Hydrochloride,73.55,Levamisole (8.2%),ABSTAINED_NO_PREDICTION,TRAIN_SET
FS-2026-00176,2026-03-20T05:03:00Z,OP-FORENSIC-121,Metropolitan_Task_Force,Crystalline Powder,Ehrlich Reagent (p-DMAB/HCl),LOT-2026-EHRL-556,2363,21.3,FAIL_GLARE,7.283,95.11,0.53,5.26,,,,,,,,,,,,FieldSure-Narcotics-v2.1,0.1,ABSTAIN_FAIL_GLARE,UNVALIDATED_QC_ABSTAIN,LAB-CONFIRM-80175,LC-MS/MS (Liquid Chromatography-Tandem Mass Spectrometry),"3,4-MDMA (Ecstasy)",66.64,Dimethylsulfone (18.4%),ABSTAINED_NO_PREDICTION,TRAIN_SET
FS-2026-00177,2026-03-20T08:14:00Z,OP-FORENSIC-104,Metropolitan_Task_Force,Pressed Tablet (Crushed),Duquenois-Levine Reagent (Vanillin/Acetaldehyde),LOT-2026-DUQN-819,564,27.0,FAIL_GEOMETRY,10.555,89.2,-1.45,5.5,,,,,,,,,,,,FieldSure-Narcotics-v2.1,0.271,ABSTAIN_FAIL_GEOMETRY,UNVALIDATED_QC_ABSTAIN,LAB-CONFIRM-80176,GC-MS (Gas Chromatography-Mass Spectrometry),Inert Cutting Agent (Lactose/Caffeine),0.0,N/A (Inert Sample),ABSTAINED_NO_PREDICTION,TRAIN_SET
FS-2026-00178,2026-03-20T08:46:00Z,OP-FORENSIC-105,District_Lab_North,Liquid Solution (Diluted),Ehrlich Reagent (p-DMAB/HCl),LOT-2026-EHRL-769,2363,33.2,PASS,1.056,88.36,1.19,4.77,85.22,0.9,5.91,85.08,1.11,5.56,84.47,1.07,5.83,4.034,0.0672,FieldSure-Narcotics-v2.1,0.97,NEG_NO_REACTION,VALIDATED_LAB_CONFIRMED,LAB-CONFIRM-80177,GC-MS (Gas Chromatography-Mass Spectrometry),Cocaine Hydrochloride,72.2,Dimethylsulfone (18.4%),TRUE_POSITIVE,TRAIN_SET
FS-2026-00179,2026-03-20T12:04:00Z,OP-FORENSIC-113,Metropolitan_Task_Force,Crystalline Powder,Ehrlich Reagent (p-DMAB/HCl),LOT-2026-EHRL-371,564,28.6,PASS,1.418,87.9,-0.24,1.8,85.52,-1.62,3.05,85.13,0.52,2.18,85.87,0.58,2.03,2.201,0.0367,FieldSure-Narcotics-v2.1,0.924,NEG_NO_REACTION,VALIDATED_LAB_CONFIRMED,LAB-CONFIRM-80178,GC-MS (Gas Chromatography-Mass Spectrometry),Procaine / Benzocaine (Local Anesthetic),0.0,N/A (Inert Sample),TRUE_NEGATIVE,TRAIN_SET
FS-2026-00180,2026-03-20T12:57:00Z,OP-FORENSIC-111,State_Forensic_Field_Team,Crystalline Powder,Scott Reagent (Cobalt Thiocyanate Phase),LOT-2026-SCOT-101,564,22.9,PASS,1.731,88.54,0.42,1.17,88.02,-0.78,1.16,87.88,-0.84,1.24,87.62,-0.36,1.72,1.326,0.0221,FieldSure-Narcotics-v2.1,0.951,NEG_NO_REACTION,VALIDATED_LAB_CONFIRMED,LAB-CONFIRM-80179,LC-MS/MS (Liquid Chromatography-Tandem Mass Spectrometry),Inert Cutting Agent (Lactose/Caffeine),0.0,N/A (Inert Sample),TRUE_NEGATIVE,TRAIN_SET
FS-2026-00181,2026-03-20T14:44:00Z,OP-FORENSIC-112,District_Lab_North,Liquid Solution (Diluted),Mecke Reagent (Selenious Acid/Sulfuric Acid),LOT-2026-MECK-508,564,27.7,PASS,0.669,92.34,1.31,1.52,91.85,1.28,2.41,91.6,1.78,2.54,92.08,2.51,3.04,1.954,0.0326,FieldSure-Narcotics-v2.1,0.945,NEG_NO_REACTION,VALIDATED_LAB_CONFIRMED,LAB-CONFIRM-80180,FTIR (Fourier Transform Infrared Spectroscopy),LSD (Lysergic Acid Diethylamide),31.49,Phenacetin (11.0%),TRUE_POSITIVE,TRAIN_SET
FS-2026-00182,2026-03-20T15:46:00Z,OP-FORENSIC-118,Metropolitan_Task_Force,Pressed Tablet (Crushed),Mecke Reagent (Selenious Acid/Sulfuric Acid),LOT-2026-MECK-322,564,12.5,PASS,0.855,87.35,0.2,1.14,86.27,-0.2,1.9,85.57,-1.57,2.74,84.57,-0.44,3.24,3.542,0.059,FieldSure-Narcotics-v2.1,0.898,NEG_NO_REACTION,VALIDATED_LAB_CONFIRMED,LAB-CONFIRM-80181,GC-MS (Gas Chromatography-Mass Spectrometry),"3,4-MDMA (Ecstasy)",50.84,Lactose / Starch,TRUE_POSITIVE,TRAIN_SET
FS-2026-00183,2026-03-20T15:53:00Z,OP-FORENSIC-101,District_Lab_North,Pressed Tablet (Crushed),Scott Reagent (Cobalt Thiocyanate Phase),LOT-2026-SCOT-882,564,17.3,PASS,0.54,88.87,2.22,1.5,88.01,4.04,-0.73,89.26,3.49,2.57,88.42,3.33,1.46,1.198,0.02,FieldSure-Narcotics-v2.1,0.893,NEG_NO_REACTION,VALIDATED_LAB_CONFIRMED,LAB-CONFIRM-80182,LC-MS/MS (Liquid Chromatography-Tandem Mass Spectrometry),Fentanyl HCl (Trace / Weak Response),6.58,None (High Purity Grade),TRUE_POSITIVE,TRAIN_SET
FS-2026-00184,2026-03-20T17:55:00Z,OP-FORENSIC-106,Metropolitan_Task_Force,Crystalline Powder,Mecke Reagent (Selenious Acid/Sulfuric Acid),LOT-2026-MECK-466,2363,18.5,PASS,1.244,89.05,2.19,4.94,89.47,2.63,6.48,87.84,3.15,6.2,87.76,2.55,7.47,2.863,0.0477,FieldSure-Narcotics-v2.1,0.936,NEG_NO_REACTION,VALIDATED_LAB_CONFIRMED,LAB-CONFIRM-80183,LC-MS/MS (Liquid Chromatography-Tandem Mass Spectrometry),Procaine / Benzocaine (Local Anesthetic),0.0,N/A (Inert Sample),TRUE_NEGATIVE,TRAIN_SET
FS-2026-00185,2026-03-20T18:39:00Z,OP-FORENSIC-121,State_Forensic_Field_Team,Pressed Tablet (Crushed),Ehrlich Reagent (p-DMAB/HCl),LOT-2026-EHRL-818,564,24.5,PASS,1.809,87.78,-0.28,1.23,84.93,-0.25,2.49,84.4,-0.4,2.95,84.0,-1.05,2.83,4.176,0.0696,FieldSure-Narcotics-v2.1,0.973,NEG_NO_REACTION,VALIDATED_LAB_CONFIRMED,LAB-CONFIRM-80184,GC-MS (Gas Chromatography-Mass Spectrometry),Delta-9-THC,34.32,Lactose / Starch,TRUE_POSITIVE,TRAIN_SET
FS-2026-00186,2026-03-20T21:39:00Z,OP-FORENSIC-120,State_Forensic_Field_Team,Off-White Powder,Marquis Reagent (Formaldehyde/Sulfuric Acid),LOT-2026-MARQ-329,2363,17.6,FAIL_EXPOSURE,11.075,86.06,-0.08,3.78,,,,,,,,,,,,FieldSure-Narcotics-v2.1,0.111,ABSTAIN_FAIL_EXPOSURE,UNVALIDATED_QC_ABSTAIN,LAB-CONFIRM-80185,FTIR (Fourier Transform Infrared Spectroscopy),LSD (Lysergic Acid Diethylamide),26.8,Levamisole (8.2%),ABSTAINED_NO_PREDICTION,TRAIN_SET
FS-2026-00187,2026-03-21T02:14:00Z,OP-FORENSIC-118,Metropolitan_Task_Force,Off-White Powder,Scott Reagent (Cobalt Thiocyanate Phase),LOT-2026-SCOT-639,564,17.9,FAIL_GLARE,6.026,92.03,1.23,3.04,,,,,,,,,,,,FieldSure-Narcotics-v2.1,0.127,ABSTAIN_FAIL_GLARE,UNVALIDATED_QC_ABSTAIN,LAB-CONFIRM-80186,GC-MS (Gas Chromatography-Mass Spectrometry),LSD (Lysergic Acid Diethylamide),56.8,Lactose / Starch,ABSTAINED_NO_PREDICTION,TRAIN_SET
FS-2026-00188,2026-03-21T05:58:00Z,OP-FORENSIC-117,State_Forensic_Field_Team,Tar/Sticky Resin,Marquis Reagent (Formaldehyde/Sulfuric Acid),LOT-2026-MARQ-444,2363,27.3,PASS,0.675,93.44,0.44,3.56,92.87,-0.96,2.59,92.23,-0.37,4.47,92.69,-0.43,4.59,1.543,0.0257,FieldSure-Narcotics-v2.1,0.973,NEG_NO_REACTION,VALIDATED_LAB_CONFIRMED,LAB-CONFIRM-80187,GC-MS (Gas Chromatography-Mass Spectrometry),LSD (Lysergic Acid Diethylamide),57.04,Dimethylsulfone (18.4%),TRUE_POSITIVE,TRAIN_SET
FS-2026-00189,2026-03-21T09:21:00Z,OP-FORENSIC-119,Metropolitan_Task_Force,Crystalline Powder,Mecke Reagent (Selenious Acid/Sulfuric Acid),LOT-2026-MECK-851,2363,26.2,PASS,1.075,92.56,2.2,5.73,93.04,2.35,6.75,92.74,1.4,6.48,92.53,1.34,7.16,1.669,0.0278,FieldSure-Narcotics-v2.1,0.994,NEG_NO_REACTION,VALIDATED_LAB_CONFIRMED,LAB-CONFIRM-80188,LC-MS/MS (Liquid Chromatography-Tandem Mass Spectrometry),Cocaine Hydrochloride,94.39,Levamisole (8.2%),TRUE_POSITIVE,TRAIN_SET
FS-2026-00190,2026-03-21T09:21:00Z,OP-FORENSIC-114,Border_Control_Post_3,Pressed Tablet (Crushed),Marquis Reagent (Formaldehyde/Sulfuric Acid),LOT-2026-MARQ-909,564,23.0,PASS,0.727,91.24,0.69,4.37,90.4,3.6,3.22,89.88,2.19,4.16,88.39,1.78,3.89,3.089,0.0515,FieldSure-Narcotics-v2.1,0.988,NEG_NO_REACTION,VALIDATED_LAB_CONFIRMED,LAB-CONFIRM-80189,GC-MS (Gas Chromatography-Mass Spectrometry),Procaine / Benzocaine (Local Anesthetic),0.0,N/A (Inert Sample),TRUE_NEGATIVE,TRAIN_SET
FS-2026-00191,2026-03-21T15:07:00Z,OP-FORENSIC-100,District_Lab_North,Pressed Tablet (Crushed),Mandelin Reagent (Ammonium Vanadate/Sulfuric Acid),LOT-2026-MAND-622,564,18.3,FAIL_GEOMETRY,6.572,93.36,1.27,4.57,,,,,,,,,,,,FieldSure-Narcotics-v2.1,0.131,ABSTAIN_FAIL_GEOMETRY,UNVALIDATED_QC_ABSTAIN,LAB-CONFIRM-80190,FTIR (Fourier Transform Infrared Spectroscopy),Delta-9-THC,74.63,Dimethylsulfone (18.4%),ABSTAINED_NO_PREDICTION,TRAIN_SET
FS-2026-00192,2026-03-21T15:28:00Z,OP-FORENSIC-101,Metropolitan_Task_Force,Tar/Sticky Resin,Marquis Reagent (Formaldehyde/Sulfuric Acid),LOT-2026-MARQ-590,564,23.8,PASS,0.632,88.63,0.39,2.15,86.21,0.73,2.27,85.69,1.01,1.11,85.38,1.84,2.08,3.559,0.0593,FieldSure-Narcotics-v2.1,0.966,NEG_NO_REACTION,VALIDATED_LAB_CONFIRMED,LAB-CONFIRM-80191,GC-MS (Gas Chromatography-Mass Spectrometry),Procaine / Benzocaine (Local Anesthetic),0.0,N/A (Inert Sample),TRUE_NEGATIVE,TRAIN_SET
FS-2026-00193,2026-03-21T17:41:00Z,OP-FORENSIC-103,Customs_Evidence_Unit,Paper Blotter Segment,Mandelin Reagent (Ammonium Vanadate/Sulfuric Acid),LOT-2026-MAND-363,564,17.1,FAIL_EXPOSURE,11.068,87.96,-0.81,3.52,,,,,,,,,,,,FieldSure-Narcotics-v2.1,0.254,ABSTAIN_FAIL_EXPOSURE,UNVALIDATED_QC_ABSTAIN,LAB-CONFIRM-80192,FTIR (Fourier Transform Infrared Spectroscopy),Delta-9-THC,70.51,Lactose / Starch,ABSTAINED_NO_PREDICTION,TRAIN_SET
FS-2026-00194,2026-03-21T21:11:00Z,OP-FORENSIC-120,State_Forensic_Field_Team,Off-White Powder,Marquis Reagent (Formaldehyde/Sulfuric Acid),LOT-2026-MARQ-568,564,16.4,PASS,0.623,94.9,1.05,4.75,92.74,-0.53,4.77,91.38,1.18,6.39,90.36,0.01,6.46,4.962,0.0827,FieldSure-Narcotics-v2.1,0.894,NEG_NO_REACTION,VALIDATED_LAB_CONFIRMED,LAB-CONFIRM-80193,GC-MS (Gas Chromatography-Mass Spectrometry),Delta-9-THC,32.57,Phenacetin (11.0%),TRUE_POSITIVE,TRAIN_SET
FS-2026-00195,2026-03-21T21:44:00Z,OP-FORENSIC-113,Metropolitan_Task_Force,Pressed Tablet (Crushed),Marquis Reagent (Formaldehyde/Sulfuric Acid),LOT-2026-MARQ-440,564,21.2,PASS,0.813,92.41,1.18,5.99,73.61,14.68,7.17,62.7,25.09,7.78,53.65,29.99,8.51,48.36,0.806,FieldSure-Narcotics-v2.1,0.932,POS_FENTANYL_WEAK,VALIDATED_LAB_CONFIRMED,LAB-CONFIRM-80194,GC-MS (Gas Chromatography-Mass Spectrometry),Fentanyl HCl (Trace / Weak Response),17.08,Lactose / Starch,TRUE_POSITIVE,TRAIN_SET
FS-2026-00196,2026-03-21T22:16:00Z,OP-FORENSIC-104,Border_Control_Post_3,Crystalline Powder,Duquenois-Levine Reagent (Vanillin/Acetaldehyde),LOT-2026-DUQN-869,564,22.5,PASS,1.615,95.4,0.02,4.13,94.49,-0.74,3.45,93.78,0.5,4.29,93.74,-0.48,4.71,1.828,0.0305,FieldSure-Narcotics-v2.1,0.958,NEG_NO_REACTION,VALIDATED_LAB_CONFIRMED,LAB-CONFIRM-80195,GC-MS (Gas Chromatography-Mass Spectrometry),LSD (Lysergic Acid Diethylamide),48.62,Levamisole (8.2%),TRUE_POSITIVE,TRAIN_SET
FS-2026-00197,2026-03-22T02:09:00Z,OP-FORENSIC-109,Customs_Evidence_Unit,Crystalline Powder,Marquis Reagent (Formaldehyde/Sulfuric Acid),LOT-2026-MARQ-726,7589,26.4,PASS,1.189,88.23,-0.58,3.59,66.33,0.14,17.07,50.17,2.51,27.83,40.96,3.94,33.86,56.313,0.9386,FieldSure-Narcotics-v2.1,0.94,POS_METHAMPHETAMINE,VALIDATED_LAB_CONFIRMED,LAB-CONFIRM-80196,LC-MS/MS (Liquid Chromatography-Tandem Mass Spectrometry),Methamphetamine HCl,80.52,None (High Purity Grade),TRUE_POSITIVE,TRAIN_SET
FS-2026-00198,2026-03-22T02:31:00Z,OP-FORENSIC-101,Border_Control_Post_3,Crystalline Powder,Marquis Reagent (Formaldehyde/Sulfuric Acid),LOT-2026-MARQ-153,2363,19.6,PASS,0.616,87.29,1.33,3.26,71.93,4.68,-3.64,59.72,6.47,-8.54,52.04,7.08,-11.87,38.788,0.6465,FieldSure-Narcotics-v2.1,0.951,POS_FENTANYL_WEAK,VALIDATED_LAB_CONFIRMED,LAB-CONFIRM-80197,GC-MS (Gas Chromatography-Mass Spectrometry),Fentanyl HCl (Trace / Weak Response),13.99,Caffeine (14.5%),TRUE_POSITIVE,TRAIN_SET
FS-2026-00199,2026-03-22T08:37:00Z,OP-FORENSIC-100,Customs_Evidence_Unit,Pressed Tablet (Crushed),Scott Reagent (Cobalt Thiocyanate Phase),LOT-2026-SCOT-539,564,26.6,FAIL_BLUR,8.983,88.62,0.95,4.8,,,,,,,,,,,,FieldSure-Narcotics-v2.1,0.101,ABSTAIN_FAIL_BLUR,UNVALIDATED_QC_ABSTAIN,LAB-CONFIRM-80198,GC-MS (Gas Chromatography-Mass Spectrometry),"3,4-MDMA (Ecstasy)",86.26,Dimethylsulfone (18.4%),ABSTAINED_NO_PREDICTION,TRAIN_SET
FS-2026-00200,2026-03-22T10:55:00Z,OP-FORENSIC-119,District_Lab_North,Tar/Sticky Resin,Mandelin Reagent (Ammonium Vanadate/Sulfuric Acid),LOT-2026-MAND-199,2363,26.7,PASS,1.2,90.95,0.06,2.07,88.78,-0.58,1.21,88.7,0.37,2.48,86.9,0.7,3.17,4.245,0.0708,FieldSure-Narcotics-v2.1,0.912,NEG_NO_REACTION,VALIDATED_LAB_CONFIRMED,LAB-CONFIRM-80199,GC-MS (Gas Chromatography-Mass Spectrometry),Cocaine Hydrochloride,87.27,Dimethylsulfone (18.4%),TRUE_POSITIVE,TRAIN_SET
FS-2026-00201,2026-03-22T15:16:00Z,OP-FORENSIC-119,District_Lab_North,Crystalline Powder,Marquis Reagent (Formaldehyde/Sulfuric Acid),LOT-2026-MARQ-326,564,21.5,PASS,1.443,91.28,1.01,1.86,76.83,19.54,9.26,65.01,32.57,15.28,58.32,40.34,19.11,54.137,0.9023,FieldSure-Narcotics-v2.1,0.951,POS_MDMA,VALIDATED_LAB_CONFIRMED,LAB-CONFIRM-80200,FTIR (Fourier Transform Infrared Spectroscopy),"3,4-MDMA (Ecstasy)",53.09,Phenacetin (11.0%),TRUE_POSITIVE,TRAIN_SET
FS-2026-00202,2026-03-23T02:17:00Z,OP-FORENSIC-124,Metropolitan_Task_Force,Off-White Powder,Mecke Reagent (Selenious Acid/Sulfuric Acid),LOT-2026-MECK-607,2363,20.8,FAIL_BLUR,6.461,95.49,2.44,3.6,,,,,,,,,,,,FieldSure-Narcotics-v2.1,0.183,ABSTAIN_FAIL_BLUR,UNVALIDATED_QC_ABSTAIN,LAB-CONFIRM-80201,FTIR (Fourier Transform Infrared Spectroscopy),Methamphetamine HCl,87.79,None (High Purity Grade),ABSTAINED_NO_PREDICTION,TRAIN_SET
FS-2026-00203,2026-03-23T03:47:00Z,OP-FORENSIC-123,Border_Control_Post_3,Liquid Solution (Diluted),Mecke Reagent (Selenious Acid/Sulfuric Acid),LOT-2026-MECK-905,2363,23.5,PASS,0.497,90.93,-0.6,3.44,89.29,-0.63,4.95,88.68,-0.9,5.9,87.77,-0.66,6.1,4.131,0.0689,FieldSure-Narcotics-v2.1,0.9,NEG_NO_REACTION,VALIDATED_LAB_CONFIRMED,LAB-CONFIRM-80202,GC-MS (Gas Chromatography-Mass Spectrometry),Heroin Hydrochloride,49.84,Levamisole (8.2%),TRUE_POSITIVE,TRAIN_SET
FS-2026-00204,2026-03-23T06:04:00Z,OP-FORENSIC-121,District_Lab_North,Crystalline Powder,Mandelin Reagent (Ammonium Vanadate/Sulfuric Acid),LOT-2026-MAND-915,2363,23.0,PASS,1.724,91.37,1.7,5.32,91.72,1.88,5.7,91.97,1.01,7.03,92.04,2.06,7.33,2.149,0.0358,FieldSure-Narcotics-v2.1,0.925,NEG_NO_REACTION,VALIDATED_LAB_CONFIRMED,LAB-CONFIRM-80203,FTIR (Fourier Transform Infrared Spectroscopy),Fentanyl HCl (Trace / Weak Response),14.89,Caffeine (14.5%),TRUE_POSITIVE,TRAIN_SET
FS-2026-00205,2026-03-23T06:26:00Z,OP-FORENSIC-114,State_Forensic_Field_Team,Pressed Tablet (Crushed),Mecke Reagent (Selenious Acid/Sulfuric Acid),LOT-2026-MECK-623,564,28.6,PASS,1.206,91.47,0.41,4.44,89.56,0.21,4.02,90.59,-0.76,4.43,90.5,-0.9,4.34,1.633,0.0272,FieldSure-Narcotics-v2.1,0.996,NEG_NO_REACTION,VALIDATED_LAB_CONFIRMED,LAB-CONFIRM-80204,GC-MS (Gas Chromatography-Mass Spectrometry),Fentanyl HCl (Trace / Weak Response),4.35,Phenacetin (11.0%),TRUE_POSITIVE,TRAIN_SET
FS-2026-00206,2026-03-23T08:45:00Z,OP-FORENSIC-112,District_Lab_North,Crystalline Powder,Marquis Reagent (Formaldehyde/Sulfuric Acid),LOT-2026-MARQ-421,2363,20.2,PASS,1.152,87.21,-0.29,2.78,86.94,0.34,3.58,86.38,0.36,5.05,86.75,-0.18,5.3,2.564,0.0427,FieldSure-Narcotics-v2.1,0.944,NEG_NO_REACTION,VALIDATED_LAB_CONFIRMED,LAB-CONFIRM-80205,FTIR (Fourier Transform Infrared Spectroscopy),Cocaine Hydrochloride,72.93,Phenacetin (11.0%),TRUE_POSITIVE,TRAIN_SET
FS-2026-00207,2026-03-23T11:25:00Z,OP-FORENSIC-121,Metropolitan_Task_Force,Off-White Powder,Ehrlich Reagent (p-DMAB/HCl),LOT-2026-EHRL-115,564,25.7,PASS,0.999,94.96,2.29,4.69,94.03,2.77,5.4,95.19,3.29,5.69,94.5,3.63,6.49,2.291,0.0382,FieldSure-Narcotics-v2.1,0.983,NEG_NO_REACTION,VALIDATED_LAB_CONFIRMED,LAB-CONFIRM-80206,LC-MS/MS (Liquid Chromatography-Tandem Mass Spectrometry),Delta-9-THC,69.75,Levamisole (8.2%),TRUE_POSITIVE,TRAIN_SET
FS-2026-00208,2026-03-23T12:09:00Z,OP-FORENSIC-109,District_Lab_North,Pressed Tablet (Crushed),Simon's Reagent (Sodium Nitroprusside/Acetaldehyde),LOT-2026-SIMN-500,564,30.7,PASS,0.395,86.48,1.59,2.04,84.48,0.43,3.7,83.15,0.88,2.71,83.45,1.0,3.9,3.604,0.0601,FieldSure-Narcotics-v2.1,0.944,NEG_NO_REACTION,VALIDATED_LAB_CONFIRMED,LAB-CONFIRM-80207,GC-MS (Gas Chromatography-Mass Spectrometry),Procaine / Benzocaine (Local Anesthetic),0.0,N/A (Inert Sample),TRUE_NEGATIVE,TRAIN_SET
FS-2026-00209,2026-03-23T12:12:00Z,OP-FORENSIC-121,Border_Control_Post_3,Tar/Sticky Resin,Simon's Reagent (Sodium Nitroprusside/Acetaldehyde),LOT-2026-SIMN-923,2363,26.9,FAIL_GEOMETRY,11.825,95.19,-0.78,5.51,,,,,,,,,,,,FieldSure-Narcotics-v2.1,0.136,ABSTAIN_FAIL_GEOMETRY,UNVALIDATED_QC_ABSTAIN,LAB-CONFIRM-80208,LC-MS/MS (Liquid Chromatography-Tandem Mass Spectrometry),Inert Cutting Agent (Lactose/Caffeine),0.0,N/A (Inert Sample),ABSTAINED_NO_PREDICTION,TRAIN_SET
FS-2026-00210,2026-03-23T15:34:00Z,OP-FORENSIC-110,State_Forensic_Field_Team,Pressed Tablet (Crushed),Marquis Reagent (Formaldehyde/Sulfuric Acid),LOT-2026-MARQ-594,2363,28.3,PASS,0.644,89.2,-0.46,1.71,87.24,-2.2,1.26,85.88,-1.33,2.01,85.91,-2.09,2.46,3.747,0.0624,FieldSure-Narcotics-v2.1,0.975,NEG_NO_REACTION,VALIDATED_LAB_CONFIRMED,LAB-CONFIRM-80209,LC-MS/MS (Liquid Chromatography-Tandem Mass Spectrometry),Cocaine Hydrochloride,86.94,Lactose / Starch,TRUE_POSITIVE,TRAIN_SET
FS-2026-00211,2026-03-23T19:29:00Z,OP-FORENSIC-106,Border_Control_Post_3,Off-White Powder,Marquis Reagent (Formaldehyde/Sulfuric Acid),LOT-2026-MARQ-681,7589,27.7,PASS,0.755,95.93,2.11,2.35,81.59,14.67,-10.04,70.26,23.32,-21.34,63.76,28.92,-25.24,50.149,0.8358,FieldSure-Narcotics-v2.1,0.987,POS_MDMA,VALIDATED_LAB_CONFIRMED,LAB-CONFIRM-80210,GC-MS (Gas Chromatography-Mass Spectrometry),"3,4-MDMA (Ecstasy)",54.49,Phenacetin (11.0%),TRUE_POSITIVE,TRAIN_SET
FS-2026-00212,2026-03-24T02:46:00Z,OP-FORENSIC-119,District_Lab_North,Crystalline Powder,Simon's Reagent (Sodium Nitroprusside/Acetaldehyde),LOT-2026-SIMN-784,564,21.7,FAIL_GLARE,8.144,88.05,-1.29,2.72,,,,,,,,,,,,FieldSure-Narcotics-v2.1,0.232,ABSTAIN_FAIL_GLARE,UNVALIDATED_QC_ABSTAIN,LAB-CONFIRM-80211,LC-MS/MS (Liquid Chromatography-Tandem Mass Spectrometry),"3,4-MDMA (Ecstasy)",58.18,Phenacetin (11.0%),ABSTAINED_NO_PREDICTION,TRAIN_SET
FS-2026-00213,2026-03-24T08:47:00Z,OP-FORENSIC-103,Metropolitan_Task_Force,Off-White Powder,Simon's Reagent (Sodium Nitroprusside/Acetaldehyde),LOT-2026-SIMN-907,2363,24.3,PASS,0.883,91.65,-1.4,3.28,90.34,-1.18,3.41,89.41,-1.2,2.17,89.57,-1.23,2.52,2.221,0.037,FieldSure-Narcotics-v2.1,0.992,NEG_NO_REACTION,VALIDATED_LAB_CONFIRMED,LAB-CONFIRM-80212,GC-MS (Gas Chromatography-Mass Spectrometry),Cocaine Hydrochloride,90.05,Dimethylsulfone (18.4%),TRUE_POSITIVE,TRAIN_SET
FS-2026-00214,2026-03-24T09:06:00Z,OP-FORENSIC-114,State_Forensic_Field_Team,Crystalline Powder,Marquis Reagent (Formaldehyde/Sulfuric Acid),LOT-2026-MARQ-914,2363,28.1,PASS,1.704,95.29,-0.6,5.63,95.65,-1.99,7.5,95.27,-0.86,7.82,95.81,-1.07,7.85,2.328,0.0388,FieldSure-Narcotics-v2.1,0.938,NEG_NO_REACTION,VALIDATED_LAB_CONFIRMED,LAB-CONFIRM-80213,LC-MS/MS (Liquid Chromatography-Tandem Mass Spectrometry),Procaine / Benzocaine (Local Anesthetic),0.0,N/A (Inert Sample),TRUE_NEGATIVE,TRAIN_SET
FS-2026-00215,2026-03-24T12:28:00Z,OP-FORENSIC-117,State_Forensic_Field_Team,Off-White Powder,Duquenois-Levine Reagent (Vanillin/Acetaldehyde),LOT-2026-DUQN-655,564,18.7,PASS,0.61,93.45,0.87,2.72,91.3,-0.47,2.64,91.63,2.1,2.44,90.15,0.84,3.09,3.321,0.0554,FieldSure-Narcotics-v2.1,0.963,NEG_NO_REACTION,VALIDATED_LAB_CONFIRMED,LAB-CONFIRM-80214,LC-MS/MS (Liquid Chromatography-Tandem Mass Spectrometry),"3,4-MDMA (Ecstasy)",75.92,Levamisole (8.2%),TRUE_POSITIVE,TRAIN_SET
FS-2026-00216,2026-03-24T12:51:00Z,OP-FORENSIC-121,District_Lab_North,Tar/Sticky Resin,Duquenois-Levine Reagent (Vanillin/Acetaldehyde),LOT-2026-DUQN-715,564,25.5,PASS,0.374,88.56,2.36,2.72,86.91,2.42,3.85,87.03,3.86,4.74,87.04,3.72,4.61,2.781,0.0464,FieldSure-Narcotics-v2.1,0.992,NEG_NO_REACTION,VALIDATED_LAB_CONFIRMED,LAB-CONFIRM-80215,LC-MS/MS (Liquid Chromatography-Tandem Mass Spectrometry),Fentanyl HCl (Trace / Weak Response),10.05,Phenacetin (11.0%),TRUE_POSITIVE,TRAIN_SET
FS-2026-00217,2026-03-24T14:32:00Z,OP-FORENSIC-124,District_Lab_North,Crystalline Powder,Simon's Reagent (Sodium Nitroprusside/Acetaldehyde),LOT-2026-SIMN-380,564,20.7,PASS,0.639,86.95,1.89,4.34,85.22,2.73,4.74,83.61,0.37,4.76,83.66,0.19,4.69,3.72,0.062,FieldSure-Narcotics-v2.1,0.99,NEG_NO_REACTION,VALIDATED_LAB_CONFIRMED,LAB-CONFIRM-80216,GC-MS (Gas Chromatography-Mass Spectrometry),Fentanyl HCl (Trace / Weak Response),9.69,Caffeine (14.5%),TRUE_POSITIVE,TRAIN_SET
FS-2026-00218,2026-03-24T15:19:00Z,OP-FORENSIC-105,District_Lab_North,Off-White Powder,Mandelin Reagent (Ammonium Vanadate/Sulfuric Acid),LOT-2026-MAND-228,564,24.2,PASS,0.607,95.36,0.8,2.82,94.23,1.29,2.64,94.2,2.28,3.09,92.8,1.39,3.29,2.669,0.0445,FieldSure-Narcotics-v2.1,0.91,NEG_NO_REACTION,VALIDATED_LAB_CONFIRMED,LAB-CONFIRM-80217,GC-MS (Gas Chromatography-Mass Spectrometry),Heroin Hydrochloride,74.63,Lactose / Starch,TRUE_POSITIVE,TRAIN_SET
FS-2026-00219,2026-03-24T15:51:00Z,OP-FORENSIC-123,District_Lab_North,Off-White Powder,Ehrlich Reagent (p-DMAB/HCl),LOT-2026-EHRL-841,2363,33.5,PASS,1.761,91.23,0.94,2.48,90.15,2.05,3.16,89.87,0.86,4.67,89.03,1.26,4.78,3.199,0.0533,FieldSure-Narcotics-v2.1,0.993,NEG_NO_REACTION,VALIDATED_LAB_CONFIRMED,LAB-CONFIRM-80218,LC-MS/MS (Liquid Chromatography-Tandem Mass Spectrometry),Methamphetamine HCl,90.08,Caffeine (14.5%),TRUE_POSITIVE,TRAIN_SET
FS-2026-00220,2026-03-24T16:31:00Z,OP-FORENSIC-107,Customs_Evidence_Unit,Pressed Tablet (Crushed),Mecke Reagent (Selenious Acid/Sulfuric Acid),LOT-2026-MECK-155,7589,18.1,PASS,1.038,94.8,1.91,2.82,94.93,2.73,2.84,95.0,3.05,3.21,95.24,2.71,3.88,1.399,0.0233,FieldSure-Narcotics-v2.1,0.948,NEG_NO_REACTION,VALIDATED_LAB_CONFIRMED,LAB-CONFIRM-80219,FTIR (Fourier Transform Infrared Spectroscopy),Fentanyl HCl (Trace / Weak Response),2.27,Lactose / Starch,TRUE_POSITIVE,TRAIN_SET
FS-2026-00221,2026-03-24T17:24:00Z,OP-FORENSIC-101,Customs_Evidence_Unit,Liquid Solution (Diluted),Mecke Reagent (Selenious Acid/Sulfuric Acid),LOT-2026-MECK-436,2363,31.1,PASS,0.867,87.11,0.43,5.72,85.83,0.93,5.21,85.54,0.41,5.14,84.2,0.36,4.8,3.053,0.0509,FieldSure-Narcotics-v2.1,0.988,NEG_NO_REACTION,VALIDATED_LAB_CONFIRMED,LAB-CONFIRM-80220,FTIR (Fourier Transform Infrared Spectroscopy),Delta-9-THC,44.15,Caffeine (14.5%),TRUE_POSITIVE,TRAIN_SET
FS-2026-00222,2026-03-24T18:23:00Z,OP-FORENSIC-119,State_Forensic_Field_Team,Crystalline Powder,Mandelin Reagent (Ammonium Vanadate/Sulfuric Acid),LOT-2026-MAND-191,564,26.8,PASS,1.129,89.16,1.08,4.96,88.05,1.48,6.12,87.07,0.15,5.43,87.28,0.27,5.71,2.18,0.0363,FieldSure-Narcotics-v2.1,0.913,NEG_NO_REACTION,VALIDATED_LAB_CONFIRMED,LAB-CONFIRM-80221,GC-MS (Gas Chromatography-Mass Spectrometry),Delta-9-THC,71.02,Levamisole (8.2%),TRUE_POSITIVE,TRAIN_SET
FS-2026-00223,2026-03-24T20:04:00Z,OP-FORENSIC-121,Customs_Evidence_Unit,Tar/Sticky Resin,Simon's Reagent (Sodium Nitroprusside/Acetaldehyde),LOT-2026-SIMN-623,7589,26.4,PASS,1.141,95.6,1.89,1.49,93.15,0.3,1.97,93.64,2.88,2.19,92.66,2.32,3.63,3.662,0.061,FieldSure-Narcotics-v2.1,0.94,NEG_NO_REACTION,VALIDATED_LAB_CONFIRMED,LAB-CONFIRM-80222,LC-MS/MS (Liquid Chromatography-Tandem Mass Spectrometry),Cocaine Hydrochloride,81.46,Lactose / Starch,TRUE_POSITIVE,TRAIN_SET
FS-2026-00224,2026-03-25T00:39:00Z,OP-FORENSIC-100,Metropolitan_Task_Force,Crystalline Powder,Mandelin Reagent (Ammonium Vanadate/Sulfuric Acid),LOT-2026-MAND-766,564,28.8,PASS,1.44,86.63,-0.83,5.24,86.87,-0.39,5.27,87.22,-0.25,4.47,86.53,-1.75,4.36,1.277,0.0213,FieldSure-Narcotics-v2.1,0.941,NEG_NO_REACTION,VALIDATED_LAB_CONFIRMED,LAB-CONFIRM-80223,FTIR (Fourier Transform Infrared Spectroscopy),"3,4-MDMA (Ecstasy)",55.48,Levamisole (8.2%),TRUE_POSITIVE,TRAIN_SET
FS-2026-00225,2026-03-25T04:18:00Z,OP-FORENSIC-108,Metropolitan_Task_Force,Off-White Powder,Ehrlich Reagent (p-DMAB/HCl),LOT-2026-EHRL-994,564,17.1,PASS,0.953,90.06,0.47,4.4,87.72,1.51,4.28,87.91,1.35,4.83,86.03,1.47,4.51,4.154,0.0692,FieldSure-Narcotics-v2.1,0.905,NEG_NO_REACTION,VALIDATED_LAB_CONFIRMED,LAB-CONFIRM-80224,GC-MS (Gas Chromatography-Mass Spectrometry),Methamphetamine HCl,77.11,Lactose / Starch,TRUE_POSITIVE,TRAIN_SET
FS-2026-00226,2026-03-25T07:00:00Z,OP-FORENSIC-119,Metropolitan_Task_Force,Liquid Solution (Diluted),Mecke Reagent (Selenious Acid/Sulfuric Acid),LOT-2026-MECK-771,564,17.4,PASS,0.87,86.69,1.88,4.37,86.81,1.39,5.0,85.29,1.73,6.78,85.63,1.34,6.96,2.85,0.0475,FieldSure-Narcotics-v2.1,0.899,NEG_NO_REACTION,VALIDATED_LAB_CONFIRMED,LAB-CONFIRM-80225,FTIR (Fourier Transform Infrared Spectroscopy),Cocaine Hydrochloride,88.48,Levamisole (8.2%),TRUE_POSITIVE,TRAIN_SET
FS-2026-00227,2026-03-25T07:28:00Z,OP-FORENSIC-106,Border_Control_Post_3,Pressed Tablet (Crushed),Mandelin Reagent (Ammonium Vanadate/Sulfuric Acid),LOT-2026-MAND-173,564,21.2,PASS,1.045,87.52,1.55,5.6,86.49,2.17,6.89,85.31,1.1,8.83,85.4,1.26,8.42,3.54,0.059,FieldSure-Narcotics-v2.1,0.893,NEG_NO_REACTION,VALIDATED_LAB_CONFIRMED,LAB-CONFIRM-80226,LC-MS/MS (Liquid Chromatography-Tandem Mass Spectrometry),LSD (Lysergic Acid Diethylamide),28.09,Dimethylsulfone (18.4%),TRUE_POSITIVE,TRAIN_SET
FS-2026-00228,2026-03-25T08:10:00Z,OP-FORENSIC-105,District_Lab_North,Off-White Powder,Mecke Reagent (Selenious Acid/Sulfuric Acid),LOT-2026-MECK-363,2363,16.7,PASS,0.578,94.88,0.01,1.29,95.43,-0.41,1.73,95.17,0.23,3.47,94.37,0.34,4.22,2.992,0.0499,FieldSure-Narcotics-v2.1,0.961,NEG_NO_REACTION,VALIDATED_LAB_CONFIRMED,LAB-CONFIRM-80227,GC-MS (Gas Chromatography-Mass Spectrometry),Fentanyl HCl (Trace / Weak Response),14.86,Phenacetin (11.0%),TRUE_POSITIVE,TRAIN_SET
FS-2026-00229,2026-03-25T09:10:00Z,OP-FORENSIC-111,Metropolitan_Task_Force,Crystalline Powder,Scott Reagent (Cobalt Thiocyanate Phase),LOT-2026-SCOT-717,2363,28.6,PASS,1.567,86.71,-0.34,4.91,85.39,-0.27,4.45,83.85,0.69,5.33,83.08,2.17,4.96,4.414,0.0736,FieldSure-Narcotics-v2.1,0.992,NEG_NO_REACTION,VALIDATED_LAB_CONFIRMED,LAB-CONFIRM-80228,GC-MS (Gas Chromatography-Mass Spectrometry),"3,4-MDMA (Ecstasy)",69.78,Dimethylsulfone (18.4%),TRUE_POSITIVE,TRAIN_SET
FS-2026-00230,2026-03-25T12:08:00Z,OP-FORENSIC-111,State_Forensic_Field_Team,Liquid Solution (Diluted),Duquenois-Levine Reagent (Vanillin/Acetaldehyde),LOT-2026-DUQN-177,564,24.7,PASS,1.565,92.09,1.22,2.7,90.39,0.93,2.73,90.57,0.6,2.76,89.23,0.34,3.17,3.029,0.0505,FieldSure-Narcotics-v2.1,0.977,NEG_NO_REACTION,VALIDATED_LAB_CONFIRMED,LAB-CONFIRM-80229,GC-MS (Gas Chromatography-Mass Spectrometry),Methamphetamine HCl,83.78,Caffeine (14.5%),TRUE_POSITIVE,TRAIN_SET
FS-2026-00231,2026-03-25T12:36:00Z,OP-FORENSIC-101,Metropolitan_Task_Force,Liquid Solution (Diluted),Simon's Reagent (Sodium Nitroprusside/Acetaldehyde),LOT-2026-SIMN-249,564,28.0,PASS,0.45,88.83,0.53,5.87,88.82,-0.06,6.3,88.24,0.67,7.52,87.3,0.52,6.17,1.559,0.026,FieldSure-Narcotics-v2.1,0.971,NEG_NO_REACTION,VALIDATED_LAB_CONFIRMED,LAB-CONFIRM-80230,GC-MS (Gas Chromatography-Mass Spectrometry),Fentanyl HCl (Trace / Weak Response),7.58,Dimethylsulfone (18.4%),TRUE_POSITIVE,TRAIN_SET
FS-2026-00232,2026-03-25T12:48:00Z,OP-FORENSIC-122,Customs_Evidence_Unit,Crystalline Powder,Ehrlich Reagent (p-DMAB/HCl),LOT-2026-EHRL-775,2363,16.7,PASS,0.63,91.46,-0.84,4.97,90.62,-1.55,5.24,88.33,-0.67,5.48,88.4,-1.04,5.06,3.068,0.0511,FieldSure-Narcotics-v2.1,0.954,NEG_NO_REACTION,VALIDATED_LAB_CONFIRMED,LAB-CONFIRM-80231,LC-MS/MS (Liquid Chromatography-Tandem Mass Spectrometry),Cocaine Hydrochloride,88.47,Dimethylsulfone (18.4%),TRUE_POSITIVE,TRAIN_SET
FS-2026-00233,2026-03-25T15:00:00Z,OP-FORENSIC-123,State_Forensic_Field_Team,Pressed Tablet (Crushed),Mecke Reagent (Selenious Acid/Sulfuric Acid),LOT-2026-MECK-214,564,27.4,PASS,1.464,86.07,0.09,3.61,86.43,0.89,5.3,85.11,2.17,5.26,85.18,2.05,4.47,2.318,0.0386,FieldSure-Narcotics-v2.1,0.954,NEG_NO_REACTION,VALIDATED_LAB_CONFIRMED,LAB-CONFIRM-80232,LC-MS/MS (Liquid Chromatography-Tandem Mass Spectrometry),"3,4-MDMA (Ecstasy)",83.61,Caffeine (14.5%),TRUE_POSITIVE,TRAIN_SET
FS-2026-00234,2026-03-25T15:30:00Z,OP-FORENSIC-107,Border_Control_Post_3,Crystalline Powder,Simon's Reagent (Sodium Nitroprusside/Acetaldehyde),LOT-2026-SIMN-566,564,23.1,FAIL_EXPOSURE,7.656,93.83,-0.63,3.82,,,,,,,,,,,,FieldSure-Narcotics-v2.1,0.149,ABSTAIN_FAIL_EXPOSURE,UNVALIDATED_QC_ABSTAIN,LAB-CONFIRM-80233,GC-MS (Gas Chromatography-Mass Spectrometry),Fentanyl HCl (Trace / Weak Response),5.3,None (High Purity Grade),ABSTAINED_NO_PREDICTION,TRAIN_SET
FS-2026-00235,2026-03-25T17:35:00Z,OP-FORENSIC-107,Border_Control_Post_3,Pressed Tablet (Crushed),Duquenois-Levine Reagent (Vanillin/Acetaldehyde),LOT-2026-DUQN-806,2363,22.0,PASS,0.952,91.26,-0.68,1.44,89.14,-0.65,0.69,90.03,0.09,2.78,89.1,-0.54,2.82,2.567,0.0428,FieldSure-Narcotics-v2.1,0.973,NEG_NO_REACTION,VALIDATED_LAB_CONFIRMED,LAB-CONFIRM-80234,LC-MS/MS (Liquid Chromatography-Tandem Mass Spectrometry),Inert Cutting Agent (Lactose/Caffeine),0.0,N/A (Inert Sample),TRUE_NEGATIVE,TRAIN_SET
FS-2026-00236,2026-03-25T19:36:00Z,OP-FORENSIC-121,Customs_Evidence_Unit,Pressed Tablet (Crushed),Mandelin Reagent (Ammonium Vanadate/Sulfuric Acid),LOT-2026-MAND-635,564,23.0,PASS,0.487,90.9,1.6,2.4,90.31,1.67,2.23,90.02,2.85,4.09,89.06,1.66,4.08,2.492,0.0415,FieldSure-Narcotics-v2.1,0.954,NEG_NO_REACTION,VALIDATED_LAB_CONFIRMED,LAB-CONFIRM-80235,GC-MS (Gas Chromatography-Mass Spectrometry),Cocaine Hydrochloride,73.39,Lactose / Starch,TRUE_POSITIVE,TRAIN_SET
FS-2026-00237,2026-03-25T21:25:00Z,OP-FORENSIC-102,Metropolitan_Task_Force,Crystalline Powder,Mecke Reagent (Selenious Acid/Sulfuric Acid),LOT-2026-MECK-871,564,29.0,PASS,1.125,87.81,-0.9,2.74,87.38,0.0,3.72,86.92,0.38,3.43,86.53,-0.33,3.5,1.594,0.0266,FieldSure-Narcotics-v2.1,0.975,NEG_NO_REACTION,VALIDATED_LAB_CONFIRMED,LAB-CONFIRM-80236,LC-MS/MS (Liquid Chromatography-Tandem Mass Spectrometry),Heroin Hydrochloride,82.72,Lactose / Starch,TRUE_POSITIVE,TRAIN_SET
FS-2026-00238,2026-03-25T21:43:00Z,OP-FORENSIC-124,Customs_Evidence_Unit,Paper Blotter Segment,Mecke Reagent (Selenious Acid/Sulfuric Acid),LOT-2026-MECK-842,7589,25.6,PASS,1.321,88.63,2.26,2.95,88.33,2.76,4.55,86.53,2.89,5.39,86.84,2.99,6.15,3.739,0.0623,FieldSure-Narcotics-v2.1,0.942,NEG_NO_REACTION,VALIDATED_LAB_CONFIRMED,LAB-CONFIRM-80237,LC-MS/MS (Liquid Chromatography-Tandem Mass Spectrometry),Cocaine Hydrochloride,83.03,Caffeine (14.5%),TRUE_POSITIVE,TRAIN_SET
FS-2026-00239,2026-03-25T22:24:00Z,OP-FORENSIC-118,Metropolitan_Task_Force,Crystalline Powder,Scott Reagent (Cobalt Thiocyanate Phase),LOT-2026-SCOT-620,564,19.2,PASS,1.575,94.97,1.1,5.22,73.45,-9.95,-0.56,56.59,-20.43,-5.61,47.38,-26.95,-7.45,56.676,0.9446,FieldSure-Narcotics-v2.1,0.942,POS_COCAINE,VALIDATED_LAB_CONFIRMED,LAB-CONFIRM-80238,LC-MS/MS (Liquid Chromatography-Tandem Mass Spectrometry),Cocaine Hydrochloride,82.88,Phenacetin (11.0%),TRUE_POSITIVE,TRAIN_SET
FS-2026-00240,2026-03-25T22:36:00Z,OP-FORENSIC-122,District_Lab_North,Off-White Powder,Ehrlich Reagent (p-DMAB/HCl),LOT-2026-EHRL-399,7589,27.7,PASS,1.478,95.81,-1.43,2.79,94.88,-1.27,3.07,93.92,-1.44,3.79,94.25,-1.6,3.97,1.963,0.0327,FieldSure-Narcotics-v2.1,0.927,NEG_NO_REACTION,VALIDATED_LAB_CONFIRMED,LAB-CONFIRM-80239,GC-MS (Gas Chromatography-Mass Spectrometry),Delta-9-THC,53.13,Levamisole (8.2%),TRUE_POSITIVE,TRAIN_SET
FS-2026-00241,2026-03-26T00:48:00Z,OP-FORENSIC-114,District_Lab_North,Liquid Solution (Diluted),Duquenois-Levine Reagent (Vanillin/Acetaldehyde),LOT-2026-DUQN-405,564,30.2,PASS,0.958,92.57,-1.13,2.29,90.79,-0.52,3.49,90.23,-0.5,2.4,90.14,-1.09,3.2,2.595,0.0433,FieldSure-Narcotics-v2.1,0.951,NEG_NO_REACTION,VALIDATED_LAB_CONFIRMED,LAB-CONFIRM-80240,FTIR (Fourier Transform Infrared Spectroscopy),Inert Cutting Agent (Lactose/Caffeine),0.0,N/A (Inert Sample),TRUE_NEGATIVE,TRAIN_SET
FS-2026-00242,2026-03-26T01:31:00Z,OP-FORENSIC-116,State_Forensic_Field_Team,Crystalline Powder,Scott Reagent (Cobalt Thiocyanate Phase),LOT-2026-SCOT-811,7589,23.8,PASS,1.585,91.52,0.88,4.6,91.09,1.92,3.87,91.05,0.08,4.26,91.88,0.05,4.53,0.907,0.0151,FieldSure-Narcotics-v2.1,0.901,NEG_NO_REACTION,VALIDATED_LAB_CONFIRMED,LAB-CONFIRM-80241,GC-MS (Gas Chromatography-Mass Spectrometry),"3,4-MDMA (Ecstasy)",86.12,Phenacetin (11.0%),TRUE_POSITIVE,TRAIN_SET
FS-2026-00243,2026-03-26T09:09:00Z,OP-FORENSIC-107,Metropolitan_Task_Force,Liquid Solution (Diluted),Scott Reagent (Cobalt Thiocyanate Phase),LOT-2026-SCOT-285,564,15.0,PASS,0.531,94.6,-0.07,2.89,92.86,-0.01,3.89,91.06,0.46,2.76,90.57,0.82,3.55,4.18,0.0697,FieldSure-Narcotics-v2.1,0.963,NEG_NO_REACTION,VALIDATED_LAB_CONFIRMED,LAB-CONFIRM-80242,LC-MS/MS (Liquid Chromatography-Tandem Mass Spectrometry),Methamphetamine HCl,83.54,Levamisole (8.2%),TRUE_POSITIVE,TRAIN_SET
FS-2026-00244,2026-03-26T12:35:00Z,OP-FORENSIC-119,State_Forensic_Field_Team,Pressed Tablet (Crushed),Scott Reagent (Cobalt Thiocyanate Phase),LOT-2026-SCOT-795,7589,23.5,PASS,1.754,86.12,0.73,2.67,86.5,0.57,3.4,84.96,-0.04,4.05,84.5,0.27,4.19,2.269,0.0378,FieldSure-Narcotics-v2.1,0.968,NEG_NO_REACTION,VALIDATED_LAB_CONFIRMED,LAB-CONFIRM-80243,LC-MS/MS (Liquid Chromatography-Tandem Mass Spectrometry),Delta-9-THC,70.79,Dimethylsulfone (18.4%),TRUE_POSITIVE,TRAIN_SET
FS-2026-00245,2026-03-26T12:58:00Z,OP-FORENSIC-120,District_Lab_North,Off-White Powder,Marquis Reagent (Formaldehyde/Sulfuric Acid),LOT-2026-MARQ-430,7589,21.7,PASS,0.86,87.96,1.89,4.24,89.5,1.24,4.49,89.01,1.77,4.15,88.41,1.18,5.16,1.246,0.0208,FieldSure-Narcotics-v2.1,0.95,NEG_NO_REACTION,VALIDATED_LAB_CONFIRMED,LAB-CONFIRM-80244,LC-MS/MS (Liquid Chromatography-Tandem Mass Spectrometry),Delta-9-THC,68.03,Caffeine (14.5%),TRUE_POSITIVE,TRAIN_SET
FS-2026-00246,2026-03-26T13:45:00Z,OP-FORENSIC-112,Border_Control_Post_3,Paper Blotter Segment,Scott Reagent (Cobalt Thiocyanate Phase),LOT-2026-SCOT-923,564,27.4,PASS,0.51,94.1,0.14,3.09,94.14,-0.23,3.33,92.52,-0.59,3.59,91.62,1.18,3.74,2.767,0.0461,FieldSure-Narcotics-v2.1,0.914,NEG_NO_REACTION,VALIDATED_LAB_CONFIRMED,LAB-CONFIRM-80245,LC-MS/MS (Liquid Chromatography-Tandem Mass Spectrometry),"3,4-MDMA (Ecstasy)",80.33,Caffeine (14.5%),TRUE_POSITIVE,TRAIN_SET
FS-2026-00247,2026-03-26T15:22:00Z,OP-FORENSIC-107,Customs_Evidence_Unit,Off-White Powder,Marquis Reagent (Formaldehyde/Sulfuric Acid),LOT-2026-MARQ-488,564,18.0,FAIL_GEOMETRY,11.164,91.14,0.05,1.83,,,,,,,,,,,,FieldSure-Narcotics-v2.1,0.029,ABSTAIN_FAIL_GEOMETRY,UNVALIDATED_QC_ABSTAIN,LAB-CONFIRM-80246,LC-MS/MS (Liquid Chromatography-Tandem Mass Spectrometry),Fentanyl HCl (Trace / Weak Response),14.64,Lactose / Starch,ABSTAINED_NO_PREDICTION,TRAIN_SET
FS-2026-00248,2026-03-26T15:59:00Z,OP-FORENSIC-113,Customs_Evidence_Unit,Pressed Tablet (Crushed),Mandelin Reagent (Ammonium Vanadate/Sulfuric Acid),LOT-2026-MAND-145,2363,23.3,PASS,0.463,91.75,2.47,3.78,89.52,2.57,1.44,88.95,3.04,4.16,88.21,4.29,3.32,4.007,0.0668,FieldSure-Narcotics-v2.1,0.894,NEG_NO_REACTION,VALIDATED_LAB_CONFIRMED,LAB-CONFIRM-80247,LC-MS/MS (Liquid Chromatography-Tandem Mass Spectrometry),Inert Cutting Agent (Lactose/Caffeine),0.0,N/A (Inert Sample),TRUE_NEGATIVE,TRAIN_SET
FS-2026-00249,2026-03-26T18:54:00Z,OP-FORENSIC-104,State_Forensic_Field_Team,Crystalline Powder,Duquenois-Levine Reagent (Vanillin/Acetaldehyde),LOT-2026-DUQN-340,564,16.6,PASS,0.643,86.2,2.2,2.0,86.0,2.1,2.28,84.57,0.98,1.88,84.2,0.29,0.95,2.958,0.0493,FieldSure-Narcotics-v2.1,0.922,NEG_NO_REACTION,VALIDATED_LAB_CONFIRMED,LAB-CONFIRM-80248,GC-MS (Gas Chromatography-Mass Spectrometry),Methamphetamine HCl,66.54,Caffeine (14.5%),TRUE_POSITIVE,TRAIN_SET
FS-2026-00250,2026-03-26T22:52:00Z,OP-FORENSIC-122,Customs_Evidence_Unit,Pressed Tablet (Crushed),Mecke Reagent (Selenious Acid/Sulfuric Acid),LOT-2026-MECK-364,2363,17.1,PASS,1.06,87.38,-0.87,1.12,85.94,-1.46,2.07,84.97,-1.58,1.55,85.45,-0.63,0.87,1.961,0.0327,FieldSure-Narcotics-v2.1,0.929,NEG_NO_REACTION,VALIDATED_LAB_CONFIRMED,LAB-CONFIRM-80249,FTIR (Fourier Transform Infrared Spectroscopy),"3,4-MDMA (Ecstasy)",67.54,Levamisole (8.2%),TRUE_POSITIVE,TRAIN_SET
FS-2026-00251,2026-03-26T23:28:00Z,OP-FORENSIC-120,State_Forensic_Field_Team,Crystalline Powder,Ehrlich Reagent (p-DMAB/HCl),LOT-2026-EHRL-721,2363,25.0,FAIL_BLUR,8.767,91.66,2.33,5.46,,,,,,,,,,,,FieldSure-Narcotics-v2.1,0.069,ABSTAIN_FAIL_BLUR,UNVALIDATED_QC_ABSTAIN,LAB-CONFIRM-80250,GC-MS (Gas Chromatography-Mass Spectrometry),LSD (Lysergic Acid Diethylamide),49.66,Levamisole (8.2%),ABSTAINED_NO_PREDICTION,TRAIN_SET
FS-2026-00252,2026-03-27T02:51:00Z,OP-FORENSIC-118,District_Lab_North,Pressed Tablet (Crushed),Mecke Reagent (Selenious Acid/Sulfuric Acid),LOT-2026-MECK-392,564,19.3,PASS,0.371,86.17,1.33,1.49,84.95,0.44,0.79,84.3,0.54,3.54,84.35,2.21,2.92,2.476,0.0413,FieldSure-Narcotics-v2.1,0.938,NEG_NO_REACTION,VALIDATED_LAB_CONFIRMED,LAB-CONFIRM-80251,LC-MS/MS (Liquid Chromatography-Tandem Mass Spectrometry),Heroin Hydrochloride,42.59,Phenacetin (11.0%),TRUE_POSITIVE,TRAIN_SET
FS-2026-00253,2026-03-27T03:40:00Z,OP-FORENSIC-114,Customs_Evidence_Unit,Paper Blotter Segment,Scott Reagent (Cobalt Thiocyanate Phase),LOT-2026-SCOT-436,564,23.4,PASS,1.373,89.0,-0.29,5.68,87.43,1.34,5.73,86.98,0.32,6.4,85.61,1.77,6.78,4.117,0.0686,FieldSure-Narcotics-v2.1,0.897,NEG_NO_REACTION,VALIDATED_LAB_CONFIRMED,LAB-CONFIRM-80252,LC-MS/MS (Liquid Chromatography-Tandem Mass Spectrometry),LSD (Lysergic Acid Diethylamide),37.27,Caffeine (14.5%),TRUE_POSITIVE,TRAIN_SET
FS-2026-00254,2026-03-27T04:52:00Z,OP-FORENSIC-124,State_Forensic_Field_Team,Pressed Tablet (Crushed),Simon's Reagent (Sodium Nitroprusside/Acetaldehyde),LOT-2026-SIMN-538,564,20.7,PASS,1.507,86.07,-0.89,3.49,84.54,-1.93,5.32,82.87,-1.26,5.34,82.62,-0.47,5.9,4.229,0.0705,FieldSure-Narcotics-v2.1,0.905,NEG_NO_REACTION,VALIDATED_LAB_CONFIRMED,LAB-CONFIRM-80253,GC-MS (Gas Chromatography-Mass Spectrometry),Fentanyl HCl (Trace / Weak Response),9.73,Levamisole (8.2%),TRUE_POSITIVE,TRAIN_SET
FS-2026-00255,2026-03-27T06:24:00Z,OP-FORENSIC-120,Customs_Evidence_Unit,Off-White Powder,Scott Reagent (Cobalt Thiocyanate Phase),LOT-2026-SCOT-109,7589,27.3,PASS,1.144,88.79,2.1,1.02,89.75,2.74,0.92,89.22,2.76,1.76,88.36,3.44,2.55,2.079,0.0346,FieldSure-Narcotics-v2.1,0.904,NEG_NO_REACTION,VALIDATED_LAB_CONFIRMED,LAB-CONFIRM-80254,GC-MS (Gas Chromatography-Mass Spectrometry),Delta-9-THC,48.95,Caffeine (14.5%),TRUE_POSITIVE,TRAIN_SET
FS-2026-00256,2026-03-27T08:47:00Z,OP-FORENSIC-109,Metropolitan_Task_Force,Crystalline Powder,Simon's Reagent (Sodium Nitroprusside/Acetaldehyde),LOT-2026-SIMN-903,7589,19.5,PASS,1.67,91.47,0.14,2.41,90.77,-1.56,2.21,90.72,-0.15,1.7,90.05,-0.29,2.48,1.485,0.0248,FieldSure-Narcotics-v2.1,0.947,NEG_NO_REACTION,VALIDATED_LAB_CONFIRMED,LAB-CONFIRM-80255,GC-MS (Gas Chromatography-Mass Spectrometry),Cocaine Hydrochloride,93.33,Levamisole (8.2%),TRUE_POSITIVE,TRAIN_SET
FS-2026-00257,2026-03-27T10:32:00Z,OP-FORENSIC-103,State_Forensic_Field_Team,Paper Blotter Segment,Mecke Reagent (Selenious Acid/Sulfuric Acid),LOT-2026-MECK-796,7589,24.2,PASS,0.58,91.18,-0.81,4.86,91.87,-0.56,4.47,91.42,0.02,4.54,90.92,-0.44,4.52,0.566,0.0094,FieldSure-Narcotics-v2.1,0.902,NEG_NO_REACTION,VALIDATED_LAB_CONFIRMED,LAB-CONFIRM-80256,LC-MS/MS (Liquid Chromatography-Tandem Mass Spectrometry),LSD (Lysergic Acid Diethylamide),54.79,Phenacetin (11.0%),TRUE_POSITIVE,TRAIN_SET
FS-2026-00258,2026-03-27T11:15:00Z,OP-FORENSIC-113,District_Lab_North,Crystalline Powder,Mecke Reagent (Selenious Acid/Sulfuric Acid),LOT-2026-MECK-897,564,26.5,PASS,1.11,92.06,0.76,2.64,91.73,-0.44,3.12,91.94,-0.5,2.61,92.06,-0.51,3.45,1.506,0.0251,FieldSure-Narcotics-v2.1,0.971,NEG_NO_REACTION,VALIDATED_LAB_CONFIRMED,LAB-CONFIRM-80257,FTIR (Fourier Transform Infrared Spectroscopy),Methamphetamine HCl,68.98,Lactose / Starch,TRUE_POSITIVE,TRAIN_SET
FS-2026-00259,2026-03-27T12:22:00Z,OP-FORENSIC-117,District_Lab_North,Off-White Powder,Duquenois-Levine Reagent (Vanillin/Acetaldehyde),LOT-2026-DUQN-902,7589,16.2,PASS,0.9,88.99,-1.18,5.24,89.49,-2.6,4.89,87.85,-1.69,5.25,88.59,-1.59,4.68,0.801,0.0134,FieldSure-Narcotics-v2.1,0.988,NEG_NO_REACTION,VALIDATED_LAB_CONFIRMED,LAB-CONFIRM-80258,GC-MS (Gas Chromatography-Mass Spectrometry),"3,4-MDMA (Ecstasy)",82.97,Phenacetin (11.0%),TRUE_POSITIVE,TRAIN_SET
FS-2026-00260,2026-03-27T14:52:00Z,OP-FORENSIC-106,Metropolitan_Task_Force,Liquid Solution (Diluted),Duquenois-Levine Reagent (Vanillin/Acetaldehyde),LOT-2026-DUQN-177,2363,27.3,PASS,0.591,93.65,-0.67,4.27,91.91,0.05,4.03,90.06,0.21,4.43,91.59,1.43,4.47,2.948,0.0491,FieldSure-Narcotics-v2.1,0.919,NEG_NO_REACTION,VALIDATED_LAB_CONFIRMED,LAB-CONFIRM-80259,GC-MS (Gas Chromatography-Mass Spectrometry),Heroin Hydrochloride,65.51,Phenacetin (11.0%),TRUE_POSITIVE,TRAIN_SET
FS-2026-00261,2026-03-27T22:40:00Z,OP-FORENSIC-122,District_Lab_North,Pressed Tablet (Crushed),Simon's Reagent (Sodium Nitroprusside/Acetaldehyde),LOT-2026-SIMN-473,7589,22.4,PASS,0.726,90.17,-1.4,5.86,89.34,-1.66,4.76,86.83,-1.92,5.25,86.93,-2.84,4.33,3.862,0.0644,FieldSure-Narcotics-v2.1,0.973,NEG_NO_REACTION,VALIDATED_LAB_CONFIRMED,LAB-CONFIRM-80260,GC-MS (Gas Chromatography-Mass Spectrometry),Fentanyl HCl (Trace / Weak Response),12.48,Lactose / Starch,TRUE_POSITIVE,TRAIN_SET
FS-2026-00262,2026-03-27T23:12:00Z,OP-FORENSIC-121,Metropolitan_Task_Force,Pressed Tablet (Crushed),Scott Reagent (Cobalt Thiocyanate Phase),LOT-2026-SCOT-457,7589,25.9,FAIL_GLARE,8.821,93.37,1.46,5.01,,,,,,,,,,,,FieldSure-Narcotics-v2.1,0.204,ABSTAIN_FAIL_GLARE,UNVALIDATED_QC_ABSTAIN,LAB-CONFIRM-80261,LC-MS/MS (Liquid Chromatography-Tandem Mass Spectrometry),Heroin Hydrochloride,59.92,Dimethylsulfone (18.4%),ABSTAINED_NO_PREDICTION,TRAIN_SET
FS-2026-00263,2026-03-28T09:37:00Z,OP-FORENSIC-123,Border_Control_Post_3,Tar/Sticky Resin,Duquenois-Levine Reagent (Vanillin/Acetaldehyde),LOT-2026-DUQN-855,564,20.9,FAIL_GLARE,7.598,94.89,-0.07,1.68,,,,,,,,,,,,FieldSure-Narcotics-v2.1,0.089,ABSTAIN_FAIL_GLARE,UNVALIDATED_QC_ABSTAIN,LAB-CONFIRM-80262,LC-MS/MS (Liquid Chromatography-Tandem Mass Spectrometry),Methamphetamine HCl,65.9,Phenacetin (11.0%),ABSTAINED_NO_PREDICTION,TRAIN_SET
FS-2026-00264,2026-03-28T10:16:00Z,OP-FORENSIC-123,State_Forensic_Field_Team,Crystalline Powder,Mandelin Reagent (Ammonium Vanadate/Sulfuric Acid),LOT-2026-MAND-459,564,29.8,PASS,0.578,90.9,-1.28,2.08,91.85,-1.65,2.73,91.98,-0.85,2.68,90.39,-1.86,1.94,0.785,0.0131,FieldSure-Narcotics-v2.1,0.963,NEG_NO_REACTION,VALIDATED_LAB_CONFIRMED,LAB-CONFIRM-80263,LC-MS/MS (Liquid Chromatography-Tandem Mass Spectrometry),Heroin Hydrochloride,81.43,Caffeine (14.5%),TRUE_POSITIVE,TRAIN_SET
FS-2026-00265,2026-03-28T10:49:00Z,OP-FORENSIC-109,District_Lab_North,Pressed Tablet (Crushed),Mandelin Reagent (Ammonium Vanadate/Sulfuric Acid),LOT-2026-MAND-567,2363,25.7,FAIL_GEOMETRY,5.321,92.39,2.17,3.55,,,,,,,,,,,,FieldSure-Narcotics-v2.1,0.098,ABSTAIN_FAIL_GEOMETRY,UNVALIDATED_QC_ABSTAIN,LAB-CONFIRM-80264,LC-MS/MS (Liquid Chromatography-Tandem Mass Spectrometry),Cocaine Hydrochloride,76.63,Caffeine (14.5%),ABSTAINED_NO_PREDICTION,TRAIN_SET
FS-2026-00266,2026-03-28T16:34:00Z,OP-FORENSIC-110,State_Forensic_Field_Team,Off-White Powder,Mandelin Reagent (Ammonium Vanadate/Sulfuric Acid),LOT-2026-MAND-849,7589,21.5,PASS,0.432,94.43,-0.39,5.1,93.49,-0.44,5.62,93.83,-0.75,7.25,93.37,0.62,7.05,2.438,0.0406,FieldSure-Narcotics-v2.1,0.945,NEG_NO_REACTION,VALIDATED_LAB_CONFIRMED,LAB-CONFIRM-80265,LC-MS/MS (Liquid Chromatography-Tandem Mass Spectrometry),Cocaine Hydrochloride,92.86,Dimethylsulfone (18.4%),TRUE_POSITIVE,TRAIN_SET
FS-2026-00267,2026-03-28T20:47:00Z,OP-FORENSIC-109,Border_Control_Post_3,Off-White Powder,Simon's Reagent (Sodium Nitroprusside/Acetaldehyde),LOT-2026-SIMN-815,2363,29.3,PASS,1.465,91.97,-0.14,2.57,91.16,0.15,3.29,91.48,-0.47,3.13,91.86,-0.25,4.78,2.215,0.0369,FieldSure-Narcotics-v2.1,0.954,NEG_NO_REACTION,VALIDATED_LAB_CONFIRMED,LAB-CONFIRM-80266,GC-MS (Gas Chromatography-Mass Spectrometry),Procaine / Benzocaine (Local Anesthetic),0.0,N/A (Inert Sample),TRUE_NEGATIVE,TRAIN_SET
FS-2026-00268,2026-03-28T23:13:00Z,OP-FORENSIC-111,Metropolitan_Task_Force,Off-White Powder,Mandelin Reagent (Ammonium Vanadate/Sulfuric Acid),LOT-2026-MAND-375,2363,15.6,PASS,0.833,95.49,2.14,3.44,92.99,0.73,4.89,92.39,0.38,6.42,92.65,1.37,5.55,3.621,0.0604,FieldSure-Narcotics-v2.1,0.895,NEG_NO_REACTION,VALIDATED_LAB_CONFIRMED,LAB-CONFIRM-80267,LC-MS/MS (Liquid Chromatography-Tandem Mass Spectrometry),"3,4-MDMA (Ecstasy)",50.6,Levamisole (8.2%),TRUE_POSITIVE,TRAIN_SET
FS-2026-00269,2026-03-29T00:11:00Z,OP-FORENSIC-115,State_Forensic_Field_Team,Pressed Tablet (Crushed),Duquenois-Levine Reagent (Vanillin/Acetaldehyde),LOT-2026-DUQN-583,7589,24.4,PASS,0.716,93.95,0.58,1.84,92.7,1.6,4.16,91.97,-0.04,3.3,90.95,0.72,3.38,3.375,0.0562,FieldSure-Narcotics-v2.1,0.939,NEG_NO_REACTION,VALIDATED_LAB_CONFIRMED,LAB-CONFIRM-80268,GC-MS (Gas Chromatography-Mass Spectrometry),Fentanyl HCl (Trace / Weak Response),6.67,Phenacetin (11.0%),TRUE_POSITIVE,TRAIN_SET
FS-2026-00270,2026-03-29T00:55:00Z,OP-FORENSIC-123,Border_Control_Post_3,Crystalline Powder,Ehrlich Reagent (p-DMAB/HCl),LOT-2026-EHRL-788,564,22.0,PASS,0.554,89.9,-0.31,3.61,91.39,-1.5,2.36,90.24,-0.87,4.44,90.41,-0.86,3.8,0.774,0.0129,FieldSure-Narcotics-v2.1,0.917,NEG_NO_REACTION,VALIDATED_LAB_CONFIRMED,LAB-CONFIRM-80269,LC-MS/MS (Liquid Chromatography-Tandem Mass Spectrometry),Cocaine Hydrochloride,83.86,None (High Purity Grade),TRUE_POSITIVE,TRAIN_SET
FS-2026-00271,2026-03-29T07:18:00Z,OP-FORENSIC-104,Metropolitan_Task_Force,Pressed Tablet (Crushed),Scott Reagent (Cobalt Thiocyanate Phase),LOT-2026-SCOT-843,2363,21.2,PASS,1.597,86.48,1.74,2.42,85.43,0.67,1.82,85.46,3.25,2.77,84.41,2.41,2.8,2.209,0.0368,FieldSure-Narcotics-v2.1,0.993,NEG_NO_REACTION,VALIDATED_LAB_CONFIRMED,LAB-CONFIRM-80270,FTIR (Fourier Transform Infrared Spectroscopy),Methamphetamine HCl,90.73,Phenacetin (11.0%),TRUE_POSITIVE,TRAIN_SET
FS-2026-00272,2026-03-29T10:06:00Z,OP-FORENSIC-123,District_Lab_North,Pressed Tablet (Crushed),Marquis Reagent (Formaldehyde/Sulfuric Acid),LOT-2026-MARQ-102,2363,17.8,PASS,0.895,92.67,1.53,3.21,79.19,13.54,19.04,68.41,19.62,29.72,60.98,23.4,36.27,50.75,0.8458,FieldSure-Narcotics-v2.1,0.894,POS_FENTANYL_WEAK,VALIDATED_LAB_CONFIRMED,LAB-CONFIRM-80271,GC-MS (Gas Chromatography-Mass Spectrometry),Fentanyl HCl (Trace / Weak Response),3.01,None (High Purity Grade),TRUE_POSITIVE,TRAIN_SET
FS-2026-00273,2026-03-29T12:10:00Z,OP-FORENSIC-113,State_Forensic_Field_Team,Paper Blotter Segment,Marquis Reagent (Formaldehyde/Sulfuric Acid),LOT-2026-MARQ-173,2363,31.7,PASS,0.353,95.2,-0.31,4.39,94.68,0.83,3.36,94.37,1.2,3.31,94.3,1.0,3.28,1.939,0.0323,FieldSure-Narcotics-v2.1,0.978,NEG_NO_REACTION,VALIDATED_LAB_CONFIRMED,LAB-CONFIRM-80272,GC-MS (Gas Chromatography-Mass Spectrometry),LSD (Lysergic Acid Diethylamide),52.2,Phenacetin (11.0%),TRUE_POSITIVE,TRAIN_SET
FS-2026-00274,2026-03-29T21:36:00Z,OP-FORENSIC-110,Metropolitan_Task_Force,Pressed Tablet (Crushed),Mandelin Reagent (Ammonium Vanadate/Sulfuric Acid),LOT-2026-MAND-859,2363,26.1,PASS,0.974,94.21,1.59,1.76,92.82,-0.14,2.32,91.82,1.17,1.91,91.37,0.91,2.49,3.01,0.0502,FieldSure-Narcotics-v2.1,0.912,NEG_NO_REACTION,VALIDATED_LAB_CONFIRMED,LAB-CONFIRM-80273,GC-MS (Gas Chromatography-Mass Spectrometry),Delta-9-THC,55.05,Phenacetin (11.0%),TRUE_POSITIVE,TRAIN_SET
FS-2026-00275,2026-03-30T02:35:00Z,OP-FORENSIC-119,District_Lab_North,Tar/Sticky Resin,Mecke Reagent (Selenious Acid/Sulfuric Acid),LOT-2026-MECK-882,564,25.5,PASS,0.801,90.0,0.67,4.33,89.79,2.45,3.91,87.63,1.77,3.59,87.23,2.18,4.94,3.213,0.0536,FieldSure-Narcotics-v2.1,0.97,NEG_NO_REACTION,VALIDATED_LAB_CONFIRMED,LAB-CONFIRM-80274,GC-MS (Gas Chromatography-Mass Spectrometry),Fentanyl HCl (Trace / Weak Response),15.66,Lactose / Starch,TRUE_POSITIVE,TRAIN_SET
FS-2026-00276,2026-03-30T05:26:00Z,OP-FORENSIC-117,District_Lab_North,Crystalline Powder,Scott Reagent (Cobalt Thiocyanate Phase),LOT-2026-SCOT-539,7589,16.6,PASS,0.764,90.83,2.05,4.08,87.57,2.51,5.59,89.6,1.81,6.93,88.19,1.87,6.06,3.305,0.0551,FieldSure-Narcotics-v2.1,0.985,NEG_NO_REACTION,VALIDATED_LAB_CONFIRMED,LAB-CONFIRM-80275,LC-MS/MS (Liquid Chromatography-Tandem Mass Spectrometry),Heroin Hydrochloride,65.84,Levamisole (8.2%),TRUE_POSITIVE,TRAIN_SET
FS-2026-00277,2026-03-30T05:37:00Z,OP-FORENSIC-106,State_Forensic_Field_Team,Pressed Tablet (Crushed),Scott Reagent (Cobalt Thiocyanate Phase),LOT-2026-SCOT-553,564,19.0,PASS,0.734,90.52,1.62,2.65,89.33,2.55,4.88,89.68,-0.22,4.06,89.59,0.75,4.9,2.585,0.0431,FieldSure-Narcotics-v2.1,0.937,NEG_NO_REACTION,VALIDATED_LAB_CONFIRMED,LAB-CONFIRM-80276,GC-MS (Gas Chromatography-Mass Spectrometry),Heroin Hydrochloride,40.57,Caffeine (14.5%),TRUE_POSITIVE,TRAIN_SET
FS-2026-00278,2026-03-30T09:57:00Z,OP-FORENSIC-111,Metropolitan_Task_Force,Crystalline Powder,Duquenois-Levine Reagent (Vanillin/Acetaldehyde),LOT-2026-DUQN-946,564,25.0,PASS,0.863,87.59,-1.01,4.14,88.03,0.51,4.96,87.72,0.88,5.95,86.92,-1.1,6.34,2.302,0.0384,FieldSure-Narcotics-v2.1,0.892,NEG_NO_REACTION,VALIDATED_LAB_CONFIRMED,LAB-CONFIRM-80277,FTIR (Fourier Transform Infrared Spectroscopy),LSD (Lysergic Acid Diethylamide),55.42,Levamisole (8.2%),TRUE_POSITIVE,TRAIN_SET
FS-2026-00279,2026-03-30T11:58:00Z,OP-FORENSIC-118,State_Forensic_Field_Team,Pressed Tablet (Crushed),Duquenois-Levine Reagent (Vanillin/Acetaldehyde),LOT-2026-DUQN-867,7589,28.8,PASS,1.139,91.23,-0.86,3.94,89.41,-0.1,2.92,88.52,0.58,4.75,88.29,-0.95,4.37,2.973,0.0495,FieldSure-Narcotics-v2.1,0.918,NEG_NO_REACTION,VALIDATED_LAB_CONFIRMED,LAB-CONFIRM-80278,LC-MS/MS (Liquid Chromatography-Tandem Mass Spectrometry),Methamphetamine HCl,78.64,Lactose / Starch,TRUE_POSITIVE,TRAIN_SET
FS-2026-00280,2026-03-30T13:00:00Z,OP-FORENSIC-114,Metropolitan_Task_Force,Off-White Powder,Mandelin Reagent (Ammonium Vanadate/Sulfuric Acid),LOT-2026-MAND-965,7589,29.9,PASS,0.851,88.11,2.39,1.78,87.3,2.34,2.22,85.27,2.65,1.95,84.44,2.59,1.1,3.738,0.0623,FieldSure-Narcotics-v2.1,0.931,NEG_NO_REACTION,VALIDATED_LAB_CONFIRMED,LAB-CONFIRM-80279,LC-MS/MS (Liquid Chromatography-Tandem Mass Spectrometry),Delta-9-THC,68.26,Dimethylsulfone (18.4%),TRUE_POSITIVE,TRAIN_SET
FS-2026-00281,2026-03-30T14:39:00Z,OP-FORENSIC-114,Border_Control_Post_3,Liquid Solution (Diluted),Scott Reagent (Cobalt Thiocyanate Phase),LOT-2026-SCOT-766,564,21.0,PASS,1.021,91.25,2.21,4.43,90.87,3.53,4.81,89.82,3.47,6.49,88.54,3.75,7.63,4.467,0.0744,FieldSure-Narcotics-v2.1,0.994,NEG_NO_REACTION,VALIDATED_LAB_CONFIRMED,LAB-CONFIRM-80280,GC-MS (Gas Chromatography-Mass Spectrometry),LSD (Lysergic Acid Diethylamide),16.65,Lactose / Starch,TRUE_POSITIVE,TRAIN_SET
FS-2026-00282,2026-03-30T16:08:00Z,OP-FORENSIC-114,Metropolitan_Task_Force,Crystalline Powder,Simon's Reagent (Sodium Nitroprusside/Acetaldehyde),LOT-2026-SIMN-975,564,16.2,PASS,1.715,87.79,-0.79,2.4,86.98,-0.73,4.14,86.49,-0.91,4.35,86.43,0.19,4.27,2.511,0.0419,FieldSure-Narcotics-v2.1,0.915,NEG_NO_REACTION,VALIDATED_LAB_CONFIRMED,LAB-CONFIRM-80281,GC-MS (Gas Chromatography-Mass Spectrometry),Cocaine Hydrochloride,75.62,None (High Purity Grade),TRUE_POSITIVE,TRAIN_SET
FS-2026-00283,2026-03-30T20:06:00Z,OP-FORENSIC-124,District_Lab_North,Off-White Powder,Ehrlich Reagent (p-DMAB/HCl),LOT-2026-EHRL-465,564,23.3,PASS,0.785,92.41,1.48,5.9,91.61,1.73,5.59,91.76,2.23,6.59,91.84,1.22,6.27,0.728,0.0121,FieldSure-Narcotics-v2.1,0.995,NEG_NO_REACTION,VALIDATED_LAB_CONFIRMED,LAB-CONFIRM-80282,GC-MS (Gas Chromatography-Mass Spectrometry),Delta-9-THC,38.02,None (High Purity Grade),TRUE_POSITIVE,TRAIN_SET
FS-2026-00284,2026-03-30T23:28:00Z,OP-FORENSIC-110,Metropolitan_Task_Force,Crystalline Powder,Marquis Reagent (Formaldehyde/Sulfuric Acid),LOT-2026-MARQ-539,2363,23.3,PASS,1.754,89.07,1.76,3.15,87.13,1.13,5.13,85.93,3.05,6.08,85.76,2.92,5.72,4.348,0.0725,FieldSure-Narcotics-v2.1,0.903,NEG_NO_REACTION,VALIDATED_LAB_CONFIRMED,LAB-CONFIRM-80283,LC-MS/MS (Liquid Chromatography-Tandem Mass Spectrometry),Procaine / Benzocaine (Local Anesthetic),0.0,N/A (Inert Sample),TRUE_NEGATIVE,TRAIN_SET
FS-2026-00285,2026-03-31T02:11:00Z,OP-FORENSIC-104,Metropolitan_Task_Force,Tar/Sticky Resin,Simon's Reagent (Sodium Nitroprusside/Acetaldehyde),LOT-2026-SIMN-815,7589,19.8,PASS,0.923,91.9,-0.22,5.17,90.18,-0.04,4.94,90.9,-0.03,4.95,90.34,0.29,5.03,1.647,0.0274,FieldSure-Narcotics-v2.1,0.939,NEG_NO_REACTION,VALIDATED_LAB_CONFIRMED,LAB-CONFIRM-80284,GC-MS (Gas Chromatography-Mass Spectrometry),Heroin Hydrochloride,56.88,Caffeine (14.5%),TRUE_POSITIVE,TRAIN_SET
FS-2026-00286,2026-03-31T02:25:00Z,OP-FORENSIC-106,District_Lab_North,Off-White Powder,Mecke Reagent (Selenious Acid/Sulfuric Acid),LOT-2026-MECK-168,564,29.1,PASS,1.384,90.64,0.61,3.99,90.42,1.0,3.43,89.01,0.85,2.69,89.59,0.87,3.09,1.407,0.0235,FieldSure-Narcotics-v2.1,0.966,NEG_NO_REACTION,VALIDATED_LAB_CONFIRMED,LAB-CONFIRM-80285,LC-MS/MS (Liquid Chromatography-Tandem Mass Spectrometry),Cocaine Hydrochloride,89.65,Phenacetin (11.0%),TRUE_POSITIVE,TRAIN_SET
FS-2026-00287,2026-03-31T03:06:00Z,OP-FORENSIC-104,Metropolitan_Task_Force,Crystalline Powder,Ehrlich Reagent (p-DMAB/HCl),LOT-2026-EHRL-965,2363,18.5,PASS,0.751,92.07,-1.01,1.78,91.71,-1.91,2.29,90.62,-1.42,4.2,90.8,-2.25,4.55,3.29,0.0548,FieldSure-Narcotics-v2.1,0.979,NEG_NO_REACTION,VALIDATED_LAB_CONFIRMED,LAB-CONFIRM-80286,FTIR (Fourier Transform Infrared Spectroscopy),Procaine / Benzocaine (Local Anesthetic),0.0,N/A (Inert Sample),TRUE_NEGATIVE,TRAIN_SET
FS-2026-00288,2026-03-31T07:49:00Z,OP-FORENSIC-119,Customs_Evidence_Unit,Tar/Sticky Resin,Ehrlich Reagent (p-DMAB/HCl),LOT-2026-EHRL-525,2363,23.0,PASS,0.532,92.76,0.03,2.65,91.95,-0.45,2.97,93.51,0.0,2.15,92.58,-0.03,3.66,1.028,0.0171,FieldSure-Narcotics-v2.1,0.965,NEG_NO_REACTION,VALIDATED_LAB_CONFIRMED,LAB-CONFIRM-80287,GC-MS (Gas Chromatography-Mass Spectrometry),Cocaine Hydrochloride,73.64,Lactose / Starch,TRUE_POSITIVE,TRAIN_SET
FS-2026-00289,2026-03-31T08:27:00Z,OP-FORENSIC-124,Customs_Evidence_Unit,Pressed Tablet (Crushed),Scott Reagent (Cobalt Thiocyanate Phase),LOT-2026-SCOT-606,564,27.7,PASS,0.705,90.0,0.85,1.86,88.49,2.04,3.12,91.25,1.17,2.05,88.41,0.18,0.89,1.979,0.033,FieldSure-Narcotics-v2.1,0.988,NEG_NO_REACTION,VALIDATED_LAB_CONFIRMED,LAB-CONFIRM-80288,GC-MS (Gas Chromatography-Mass Spectrometry),Inert Cutting Agent (Lactose/Caffeine),0.0,N/A (Inert Sample),TRUE_NEGATIVE,TRAIN_SET
FS-2026-00290,2026-03-31T09:28:00Z,OP-FORENSIC-111,State_Forensic_Field_Team,Crystalline Powder,Marquis Reagent (Formaldehyde/Sulfuric Acid),LOT-2026-MARQ-398,564,27.3,PASS,1.44,92.68,1.2,4.24,70.93,3.92,-8.82,55.1,5.38,-19.46,46.15,7.21,-25.39,55.49,0.9248,FieldSure-Narcotics-v2.1,0.97,POS_OPIATE_HEROIN,VALIDATED_LAB_CONFIRMED,LAB-CONFIRM-80289,FTIR (Fourier Transform Infrared Spectroscopy),Heroin Hydrochloride,48.43,Phenacetin (11.0%),TRUE_POSITIVE,TRAIN_SET
FS-2026-00291,2026-03-31T09:31:00Z,OP-FORENSIC-116,Customs_Evidence_Unit,Pressed Tablet (Crushed),Mandelin Reagent (Ammonium Vanadate/Sulfuric Acid),LOT-2026-MAND-562,2363,22.2,PASS,0.552,93.44,-0.58,2.94,94.49,-1.71,3.35,93.95,0.58,4.06,93.85,-0.15,3.94,1.163,0.0194,FieldSure-Narcotics-v2.1,0.895,NEG_NO_REACTION,VALIDATED_LAB_CONFIRMED,LAB-CONFIRM-80290,GC-MS (Gas Chromatography-Mass Spectrometry),LSD (Lysergic Acid Diethylamide),33.65,Dimethylsulfone (18.4%),TRUE_POSITIVE,TRAIN_SET
FS-2026-00292,2026-03-31T11:46:00Z,OP-FORENSIC-123,Customs_Evidence_Unit,Crystalline Powder,Scott Reagent (Cobalt Thiocyanate Phase),LOT-2026-SCOT-506,564,25.8,PASS,1.796,95.77,-1.34,4.62,94.91,-0.75,5.31,95.42,-0.73,6.99,94.9,-1.62,6.57,2.154,0.0359,FieldSure-Narcotics-v2.1,0.897,NEG_NO_REACTION,VALIDATED_LAB_CONFIRMED,LAB-CONFIRM-80291,GC-MS (Gas Chromatography-Mass Spectrometry),Methamphetamine HCl,90.08,Dimethylsulfone (18.4%),TRUE_POSITIVE,TRAIN_SET
FS-2026-00293,2026-03-31T12:00:00Z,OP-FORENSIC-110,Metropolitan_Task_Force,Pressed Tablet (Crushed),Simon's Reagent (Sodium Nitroprusside/Acetaldehyde),LOT-2026-SIMN-527,2363,24.1,PASS,0.396,93.12,-1.22,1.4,90.84,-0.52,1.67,91.34,-2.13,3.24,91.18,-1.8,2.98,2.568,0.0428,FieldSure-Narcotics-v2.1,0.988,NEG_NO_REACTION,VALIDATED_LAB_CONFIRMED,LAB-CONFIRM-80292,GC-MS (Gas Chromatography-Mass Spectrometry),LSD (Lysergic Acid Diethylamide),24.68,Phenacetin (11.0%),TRUE_POSITIVE,TRAIN_SET
FS-2026-00294,2026-03-31T18:02:00Z,OP-FORENSIC-110,District_Lab_North,Off-White Powder,Ehrlich Reagent (p-DMAB/HCl),LOT-2026-EHRL-184,564,19.5,PASS,0.88,88.48,-0.73,3.31,87.09,0.95,3.44,86.15,0.64,2.8,85.27,0.44,3.33,3.417,0.0569,FieldSure-Narcotics-v2.1,0.98,NEG_NO_REACTION,VALIDATED_LAB_CONFIRMED,LAB-CONFIRM-80293,LC-MS/MS (Liquid Chromatography-Tandem Mass Spectrometry),Heroin Hydrochloride,59.5,None (High Purity Grade),TRUE_POSITIVE,TRAIN_SET
FS-2026-00295,2026-03-31T22:37:00Z,OP-FORENSIC-115,State_Forensic_Field_Team,Pressed Tablet (Crushed),Simon's Reagent (Sodium Nitroprusside/Acetaldehyde),LOT-2026-SIMN-513,2363,19.6,FAIL_BLUR,7.892,92.92,0.25,3.47,,,,,,,,,,,,FieldSure-Narcotics-v2.1,0.04,ABSTAIN_FAIL_BLUR,UNVALIDATED_QC_ABSTAIN,LAB-CONFIRM-80294,GC-MS (Gas Chromatography-Mass Spectrometry),Delta-9-THC,48.38,Dimethylsulfone (18.4%),ABSTAINED_NO_PREDICTION,TRAIN_SET
FS-2026-00296,2026-03-31T23:01:00Z,OP-FORENSIC-100,Customs_Evidence_Unit,Crystalline Powder,Marquis Reagent (Formaldehyde/Sulfuric Acid),LOT-2026-MARQ-448,564,28.6,PASS,0.556,95.46,0.73,4.99,94.15,0.26,4.31,91.25,1.66,4.12,91.6,1.33,3.82,4.078,0.068,FieldSure-Narcotics-v2.1,0.983,NEG_NO_REACTION,VALIDATED_LAB_CONFIRMED,LAB-CONFIRM-80295,LC-MS/MS (Liquid Chromatography-Tandem Mass Spectrometry),Inert Cutting Agent (Lactose/Caffeine),0.0,N/A (Inert Sample),TRUE_NEGATIVE,TRAIN_SET
FS-2026-00297,2026-03-31T23:30:00Z,OP-FORENSIC-115,Metropolitan_Task_Force,Pressed Tablet (Crushed),Ehrlich Reagent (p-DMAB/HCl),LOT-2026-EHRL-994,2363,20.1,PASS,1.795,88.13,1.91,4.64,87.84,1.34,5.81,87.87,0.86,5.55,87.35,0.44,4.5,1.67,0.0278,FieldSure-Narcotics-v2.1,0.971,NEG_NO_REACTION,VALIDATED_LAB_CONFIRMED,LAB-CONFIRM-80296,LC-MS/MS (Liquid Chromatography-Tandem Mass Spectrometry),Methamphetamine HCl,68.87,Caffeine (14.5%),TRUE_POSITIVE,TRAIN_SET
FS-2026-00298,2026-03-31T23:41:00Z,OP-FORENSIC-104,Customs_Evidence_Unit,Tar/Sticky Resin,Marquis Reagent (Formaldehyde/Sulfuric Acid),LOT-2026-MARQ-265,7589,15.7,PASS,1.674,92.32,1.65,5.8,79.49,-6.43,21.19,72.14,-11.33,31.99,67.04,-16.62,39.56,45.963,0.766,FieldSure-Narcotics-v2.1,0.904,POS_OPIATE_HEROIN,VALIDATED_LAB_CONFIRMED,LAB-CONFIRM-80297,LC-MS/MS (Liquid Chromatography-Tandem Mass Spectrometry),Heroin Hydrochloride,52.74,Lactose / Starch,TRUE_POSITIVE,TRAIN_SET
FS-2026-00299,2026-04-01T00:02:00Z,OP-FORENSIC-106,State_Forensic_Field_Team,Off-White Powder,Scott Reagent (Cobalt Thiocyanate Phase),LOT-2026-SCOT-408,2363,22.0,PASS,1.726,88.49,-0.01,5.68,87.58,1.82,6.24,86.16,0.97,5.66,86.11,0.78,6.25,2.572,0.0429,FieldSure-Narcotics-v2.1,0.966,NEG_NO_REACTION,VALIDATED_LAB_CONFIRMED,LAB-CONFIRM-80298,GC-MS (Gas Chromatography-Mass Spectrometry),Heroin Hydrochloride,47.69,Caffeine (14.5%),TRUE_POSITIVE,TRAIN_SET
FS-2026-00300,2026-04-01T01:17:00Z,OP-FORENSIC-107,Metropolitan_Task_Force,Crystalline Powder,Duquenois-Levine Reagent (Vanillin/Acetaldehyde),LOT-2026-DUQN-507,2363,22.1,FAIL_BLUR,7.062,93.19,-0.9,4.44,,,,,,,,,,,,FieldSure-Narcotics-v2.1,0.186,ABSTAIN_FAIL_BLUR,UNVALIDATED_QC_ABSTAIN,LAB-CONFIRM-80299,LC-MS/MS (Liquid Chromatography-Tandem Mass Spectrometry),Delta-9-THC,68.87,Phenacetin (11.0%),ABSTAINED_NO_PREDICTION,TRAIN_SET
FS-2026-00301,2026-04-01T03:16:00Z,OP-FORENSIC-124,State_Forensic_Field_Team,Liquid Solution (Diluted),Ehrlich Reagent (p-DMAB/HCl),LOT-2026-EHRL-650,564,20.2,PASS,1.637,92.0,-0.16,1.56,90.44,-0.94,1.38,89.33,-0.91,1.61,87.97,-0.07,1.6,4.031,0.0672,FieldSure-Narcotics-v2.1,0.937,NEG_NO_REACTION,VALIDATED_LAB_CONFIRMED,LAB-CONFIRM-80300,GC-MS (Gas Chromatography-Mass Spectrometry),"3,4-MDMA (Ecstasy)",77.74,Phenacetin (11.0%),TRUE_POSITIVE,TRAIN_SET
FS-2026-00302,2026-04-01T07:17:00Z,OP-FORENSIC-124,Customs_Evidence_Unit,Off-White Powder,Mandelin Reagent (Ammonium Vanadate/Sulfuric Acid),LOT-2026-MAND-328,564,28.1,PASS,1.659,90.53,1.82,5.86,89.07,1.51,5.56,90.43,2.81,4.67,88.9,3.36,4.78,2.489,0.0415,FieldSure-Narcotics-v2.1,0.97,NEG_NO_REACTION,VALIDATED_LAB_CONFIRMED,LAB-CONFIRM-80301,GC-MS (Gas Chromatography-Mass Spectrometry),LSD (Lysergic Acid Diethylamide),31.46,Lactose / Starch,TRUE_POSITIVE,TRAIN_SET
FS-2026-00303,2026-04-01T07:53:00Z,OP-FORENSIC-110,State_Forensic_Field_Team,Pressed Tablet (Crushed),Ehrlich Reagent (p-DMAB/HCl),LOT-2026-EHRL-580,7589,14.9,PASS,1.536,86.36,0.35,3.13,64.35,20.06,18.65,44.42,34.55,31.88,35.07,44.17,39.55,76.663,1.2777,FieldSure-Narcotics-v2.1,0.994,POS_INDOLE_LSD,VALIDATED_LAB_CONFIRMED,LAB-CONFIRM-80302,GC-MS (Gas Chromatography-Mass Spectrometry),LSD (Lysergic Acid Diethylamide),55.92,None (High Purity Grade),TRUE_POSITIVE,TRAIN_SET
FS-2026-00304,2026-04-01T13:27:00Z,OP-FORENSIC-108,Border_Control_Post_3,Off-White Powder,Marquis Reagent (Formaldehyde/Sulfuric Acid),LOT-2026-MARQ-977,2363,18.7,PASS,0.369,93.0,-0.03,4.54,92.92,0.27,4.71,91.54,-1.58,4.59,91.39,-1.15,5.41,2.146,0.0358,FieldSure-Narcotics-v2.1,0.945,NEG_NO_REACTION,VALIDATED_LAB_CONFIRMED,LAB-CONFIRM-80303,LC-MS/MS (Liquid Chromatography-Tandem Mass Spectrometry),Delta-9-THC,38.73,Phenacetin (11.0%),TRUE_POSITIVE,TRAIN_SET
FS-2026-00305,2026-04-01T14:23:00Z,OP-FORENSIC-100,Customs_Evidence_Unit,Off-White Powder,Marquis Reagent (Formaldehyde/Sulfuric Acid),LOT-2026-MARQ-580,564,24.0,PASS,1.472,91.5,-0.05,3.0,89.87,-0.35,4.72,90.3,-0.2,5.39,89.16,-0.65,5.8,3.698,0.0616,FieldSure-Narcotics-v2.1,0.972,NEG_NO_REACTION,VALIDATED_LAB_CONFIRMED,LAB-CONFIRM-80304,LC-MS/MS (Liquid Chromatography-Tandem Mass Spectrometry),Procaine / Benzocaine (Local Anesthetic),0.0,N/A (Inert Sample),TRUE_NEGATIVE,TRAIN_SET
FS-2026-00306,2026-04-01T19:32:00Z,OP-FORENSIC-113,District_Lab_North,Tar/Sticky Resin,Mandelin Reagent (Ammonium Vanadate/Sulfuric Acid),LOT-2026-MAND-340,2363,23.6,PASS,1.312,91.95,0.83,5.16,90.73,0.14,4.78,91.93,0.04,4.72,91.27,-0.15,4.61,1.314,0.0219,FieldSure-Narcotics-v2.1,0.924,NEG_NO_REACTION,VALIDATED_LAB_CONFIRMED,LAB-CONFIRM-80305,FTIR (Fourier Transform Infrared Spectroscopy),Procaine / Benzocaine (Local Anesthetic),0.0,N/A (Inert Sample),TRUE_NEGATIVE,TRAIN_SET
FS-2026-00307,2026-04-01T21:46:00Z,OP-FORENSIC-111,Metropolitan_Task_Force,Crystalline Powder,Simon's Reagent (Sodium Nitroprusside/Acetaldehyde),LOT-2026-SIMN-991,564,23.2,PASS,1.496,93.72,-0.14,2.52,93.22,-0.04,3.76,91.88,1.13,5.53,92.76,0.36,4.53,2.283,0.038,FieldSure-Narcotics-v2.1,0.941,NEG_NO_REACTION,VALIDATED_LAB_CONFIRMED,LAB-CONFIRM-80306,LC-MS/MS (Liquid Chromatography-Tandem Mass Spectrometry),Methamphetamine HCl,85.57,Lactose / Starch,TRUE_POSITIVE,TRAIN_SET
FS-2026-00308,2026-04-01T22:13:00Z,OP-FORENSIC-114,Metropolitan_Task_Force,Crystalline Powder,Scott Reagent (Cobalt Thiocyanate Phase),LOT-2026-SCOT-645,564,26.7,PASS,1.028,88.56,0.58,1.19,87.15,1.3,2.58,86.61,0.65,3.67,86.18,0.39,2.92,2.948,0.0491,FieldSure-Narcotics-v2.1,0.916,NEG_NO_REACTION,VALIDATED_LAB_CONFIRMED,LAB-CONFIRM-80307,FTIR (Fourier Transform Infrared Spectroscopy),Fentanyl HCl (Trace / Weak Response),3.46,Caffeine (14.5%),TRUE_POSITIVE,TRAIN_SET
FS-2026-00309,2026-04-01T22:30:00Z,OP-FORENSIC-109,Border_Control_Post_3,Plant Matter Extract,Mandelin Reagent (Ammonium Vanadate/Sulfuric Acid),LOT-2026-MAND-202,564,25.8,PASS,0.62,88.48,0.35,5.79,87.42,0.58,5.29,85.93,0.59,6.44,85.15,-0.74,6.17,3.524,0.0587,FieldSure-Narcotics-v2.1,0.97,NEG_NO_REACTION,VALIDATED_LAB_CONFIRMED,LAB-CONFIRM-80308,GC-MS (Gas Chromatography-Mass Spectrometry),Methamphetamine HCl,83.95,Lactose / Starch,TRUE_POSITIVE,TRAIN_SET
FS-2026-00310,2026-04-01T23:20:00Z,OP-FORENSIC-103,Border_Control_Post_3,Crystalline Powder,Ehrlich Reagent (p-DMAB/HCl),LOT-2026-EHRL-735,2363,26.4,PASS,0.587,94.95,1.31,1.12,95.14,0.7,0.1,95.02,0.43,0.9,95.3,0.13,0.97,1.24,0.0207,FieldSure-Narcotics-v2.1,0.946,NEG_NO_REACTION,VALIDATED_LAB_CONFIRMED,LAB-CONFIRM-80309,GC-MS (Gas Chromatography-Mass Spectrometry),Methamphetamine HCl,81.38,Dimethylsulfone (18.4%),TRUE_POSITIVE,TRAIN_SET
FS-2026-00311,2026-04-02T02:27:00Z,OP-FORENSIC-115,District_Lab_North,Crystalline Powder,Mandelin Reagent (Ammonium Vanadate/Sulfuric Acid),LOT-2026-MAND-485,2363,24.4,PASS,0.783,92.87,2.15,1.21,91.36,2.42,0.31,90.54,2.48,1.1,89.91,3.55,1.2,3.274,0.0546,FieldSure-Narcotics-v2.1,0.974,NEG_NO_REACTION,VALIDATED_LAB_CONFIRMED,LAB-CONFIRM-80310,GC-MS (Gas Chromatography-Mass Spectrometry),"3,4-MDMA (Ecstasy)",52.48,Caffeine (14.5%),TRUE_POSITIVE,TRAIN_SET
FS-2026-00312,2026-04-02T02:46:00Z,OP-FORENSIC-120,Customs_Evidence_Unit,Plant Matter Extract,Mecke Reagent (Selenious Acid/Sulfuric Acid),LOT-2026-MECK-489,7589,19.9,PASS,0.932,87.5,1.48,4.97,88.48,0.73,4.29,87.14,0.6,3.79,87.91,0.66,5.3,0.974,0.0162,FieldSure-Narcotics-v2.1,0.966,NEG_NO_REACTION,VALIDATED_LAB_CONFIRMED,LAB-CONFIRM-80311,GC-MS (Gas Chromatography-Mass Spectrometry),Procaine / Benzocaine (Local Anesthetic),0.0,N/A (Inert Sample),TRUE_NEGATIVE,TRAIN_SET
FS-2026-00313,2026-04-02T03:13:00Z,OP-FORENSIC-109,District_Lab_North,Pressed Tablet (Crushed),Duquenois-Levine Reagent (Vanillin/Acetaldehyde),LOT-2026-DUQN-396,564,23.6,PASS,1.572,94.39,1.72,5.71,92.96,1.97,6.66,92.87,2.64,7.01,92.61,2.65,6.23,2.075,0.0346,FieldSure-Narcotics-v2.1,0.935,NEG_NO_REACTION,VALIDATED_LAB_CONFIRMED,LAB-CONFIRM-80312,GC-MS (Gas Chromatography-Mass Spectrometry),Fentanyl HCl (Trace / Weak Response),8.41,None (High Purity Grade),TRUE_POSITIVE,TRAIN_SET
FS-2026-00314,2026-04-02T04:01:00Z,OP-FORENSIC-123,Customs_Evidence_Unit,Plant Matter Extract,Duquenois-Levine Reagent (Vanillin/Acetaldehyde),LOT-2026-DUQN-844,7589,28.1,PASS,1.679,91.73,-1.07,5.33,78.26,4.02,21.26,68.16,9.7,33.44,62.85,12.5,40.17,47.244,0.7874,FieldSure-Narcotics-v2.1,0.965,POS_CANNABINOID_THC,VALIDATED_LAB_CONFIRMED,LAB-CONFIRM-80313,GC-MS (Gas Chromatography-Mass Spectrometry),Delta-9-THC,44.06,Phenacetin (11.0%),TRUE_POSITIVE,TRAIN_SET
FS-2026-00315,2026-04-02T05:18:00Z,OP-FORENSIC-124,Metropolitan_Task_Force,Crystalline Powder,Simon's Reagent (Sodium Nitroprusside/Acetaldehyde),LOT-2026-SIMN-660,2363,24.7,PASS,1.278,93.48,-0.9,1.87,94.06,-2.19,0.53,92.4,-1.48,1.56,91.49,-1.34,1.66,2.049,0.0342,FieldSure-Narcotics-v2.1,0.974,NEG_NO_REACTION,VALIDATED_LAB_CONFIRMED,LAB-CONFIRM-80314,GC-MS (Gas Chromatography-Mass Spectrometry),Methamphetamine HCl,73.75,Lactose / Starch,TRUE_POSITIVE,TRAIN_SET
FS-2026-00316,2026-04-02T18:01:00Z,OP-FORENSIC-113,Customs_Evidence_Unit,Pressed Tablet (Crushed),Scott Reagent (Cobalt Thiocyanate Phase),LOT-2026-SCOT-960,7589,21.6,PASS,1.08,91.62,-0.16,4.17,80.0,-1.46,20.6,70.21,-2.4,31.19,63.4,-3.62,37.26,43.627,0.7271,FieldSure-Narcotics-v2.1,0.901,FALSE_POS_LOCAL_ANESTHETIC,VALIDATED_LAB_CONFIRMED,LAB-CONFIRM-80315,LC-MS/MS (Liquid Chromatography-Tandem Mass Spectrometry),Procaine / Benzocaine (Local Anesthetic),0.0,N/A (Inert Sample),TRUE_POSITIVE,TRAIN_SET
FS-2026-00317,2026-04-02T18:48:00Z,OP-FORENSIC-116,Metropolitan_Task_Force,Crystalline Powder,Marquis Reagent (Formaldehyde/Sulfuric Acid),LOT-2026-MARQ-811,2363,30.1,PASS,1.771,86.78,1.04,5.98,87.38,1.46,7.35,86.41,0.89,6.68,86.27,2.41,7.97,2.469,0.0412,FieldSure-Narcotics-v2.1,0.976,NEG_NO_REACTION,VALIDATED_LAB_CONFIRMED,LAB-CONFIRM-80316,GC-MS (Gas Chromatography-Mass Spectrometry),LSD (Lysergic Acid Diethylamide),29.64,Phenacetin (11.0%),TRUE_POSITIVE,TRAIN_SET
FS-2026-00318,2026-04-02T18:53:00Z,OP-FORENSIC-124,Metropolitan_Task_Force,Pressed Tablet (Crushed),Simon's Reagent (Sodium Nitroprusside/Acetaldehyde),LOT-2026-SIMN-688,2363,19.7,PASS,0.52,87.52,1.61,5.45,85.94,2.0,7.17,85.05,0.79,8.09,84.53,1.72,8.08,3.984,0.0664,FieldSure-Narcotics-v2.1,0.933,NEG_NO_REACTION,VALIDATED_LAB_CONFIRMED,LAB-CONFIRM-80317,GC-MS (Gas Chromatography-Mass Spectrometry),Cocaine Hydrochloride,89.87,None (High Purity Grade),TRUE_POSITIVE,TRAIN_SET
FS-2026-00319,2026-04-02T19:05:00Z,OP-FORENSIC-122,Border_Control_Post_3,Off-White Powder,Simon's Reagent (Sodium Nitroprusside/Acetaldehyde),LOT-2026-SIMN-706,7589,18.8,PASS,0.878,88.69,2.2,5.21,87.33,2.57,6.59,86.3,1.34,7.55,86.42,1.78,7.63,3.345,0.0558,FieldSure-Narcotics-v2.1,0.949,NEG_NO_REACTION,VALIDATED_LAB_CONFIRMED,LAB-CONFIRM-80318,GC-MS (Gas Chromatography-Mass Spectrometry),"3,4-MDMA (Ecstasy)",54.78,Lactose / Starch,TRUE_POSITIVE,TRAIN_SET
FS-2026-00320,2026-04-02T20:34:00Z,OP-FORENSIC-105,Border_Control_Post_3,Off-White Powder,Mandelin Reagent (Ammonium Vanadate/Sulfuric Acid),LOT-2026-MAND-766,2363,25.7,PASS,1.093,94.13,-0.31,3.22,91.69,-0.87,4.28,91.06,-1.39,4.99,91.03,-1.71,5.07,3.872,0.0645,FieldSure-Narcotics-v2.1,0.982,NEG_NO_REACTION,VALIDATED_LAB_CONFIRMED,LAB-CONFIRM-80319,GC-MS (Gas Chromatography-Mass Spectrometry),Fentanyl HCl (Trace / Weak Response),5.34,Levamisole (8.2%),TRUE_POSITIVE,TRAIN_SET
FS-2026-00321,2026-04-02T20:40:00Z,OP-FORENSIC-109,Customs_Evidence_Unit,Paper Blotter Segment,Mandelin Reagent (Ammonium Vanadate/Sulfuric Acid),LOT-2026-MAND-503,7589,28.4,PASS,0.87,89.67,0.33,5.69,89.22,0.97,6.53,86.26,1.3,7.14,85.84,1.04,7.57,4.325,0.0721,FieldSure-Narcotics-v2.1,0.897,NEG_NO_REACTION,VALIDATED_LAB_CONFIRMED,LAB-CONFIRM-80320,GC-MS (Gas Chromatography-Mass Spectrometry),Inert Cutting Agent (Lactose/Caffeine),0.0,N/A (Inert Sample),TRUE_NEGATIVE,TRAIN_SET
FS-2026-00322,2026-04-02T20:57:00Z,OP-FORENSIC-121,Metropolitan_Task_Force,Off-White Powder,Mecke Reagent (Selenious Acid/Sulfuric Acid),LOT-2026-MECK-744,7589,25.4,PASS,1.208,90.54,1.81,3.67,90.44,1.62,4.8,91.08,0.04,4.26,90.39,0.94,5.39,1.933,0.0322,FieldSure-Narcotics-v2.1,0.984,NEG_NO_REACTION,VALIDATED_LAB_CONFIRMED,LAB-CONFIRM-80321,GC-MS (Gas Chromatography-Mass Spectrometry),Delta-9-THC,61.86,Dimethylsulfone (18.4%),TRUE_POSITIVE,TRAIN_SET
FS-2026-00323,2026-04-02T21:57:00Z,OP-FORENSIC-123,State_Forensic_Field_Team,Pressed Tablet (Crushed),Duquenois-Levine Reagent (Vanillin/Acetaldehyde),LOT-2026-DUQN-229,2363,23.9,PASS,1.315,95.44,0.05,1.61,95.07,-1.41,0.9,96.63,-1.42,2.09,95.96,-1.52,0.92,1.792,0.0299,FieldSure-Narcotics-v2.1,0.993,NEG_NO_REACTION,VALIDATED_LAB_CONFIRMED,LAB-CONFIRM-80322,GC-MS (Gas Chromatography-Mass Spectrometry),LSD (Lysergic Acid Diethylamide),43.05,Phenacetin (11.0%),TRUE_POSITIVE,TRAIN_SET
FS-2026-00324,2026-04-03T04:05:00Z,OP-FORENSIC-101,Customs_Evidence_Unit,Pressed Tablet (Crushed),Simon's Reagent (Sodium Nitroprusside/Acetaldehyde),LOT-2026-SIMN-995,2363,25.5,PASS,1.189,91.59,-0.29,5.89,91.03,-0.52,6.31,91.57,1.24,6.68,90.82,-0.08,6.47,0.987,0.0164,FieldSure-Narcotics-v2.1,0.95,NEG_NO_REACTION,VALIDATED_LAB_CONFIRMED,LAB-CONFIRM-80323,GC-MS (Gas Chromatography-Mass Spectrometry),Heroin Hydrochloride,84.15,Dimethylsulfone (18.4%),TRUE_POSITIVE,TRAIN_SET
FS-2026-00325,2026-04-03T09:36:00Z,OP-FORENSIC-107,Metropolitan_Task_Force,Paper Blotter Segment,Duquenois-Levine Reagent (Vanillin/Acetaldehyde),LOT-2026-DUQN-740,7589,21.3,PASS,1.49,89.84,0.87,4.36,89.08,0.18,4.43,87.85,-0.36,6.28,87.43,0.76,7.25,3.765,0.0628,FieldSure-Narcotics-v2.1,0.904,NEG_NO_REACTION,VALIDATED_LAB_CONFIRMED,LAB-CONFIRM-80324,GC-MS (Gas Chromatography-Mass Spectrometry),Inert Cutting Agent (Lactose/Caffeine),0.0,N/A (Inert Sample),TRUE_NEGATIVE,TRAIN_SET
FS-2026-00326,2026-04-03T09:41:00Z,OP-FORENSIC-113,Customs_Evidence_Unit,Crystalline Powder,Duquenois-Levine Reagent (Vanillin/Acetaldehyde),LOT-2026-DUQN-276,7589,21.7,PASS,0.627,95.28,1.42,1.96,93.47,-0.73,3.5,93.58,0.8,3.12,92.46,-0.08,4.05,3.817,0.0636,FieldSure-Narcotics-v2.1,0.93,NEG_NO_REACTION,VALIDATED_LAB_CONFIRMED,LAB-CONFIRM-80325,GC-MS (Gas Chromatography-Mass Spectrometry),Inert Cutting Agent (Lactose/Caffeine),0.0,N/A (Inert Sample),TRUE_NEGATIVE,TRAIN_SET
FS-2026-00327,2026-04-03T12:40:00Z,OP-FORENSIC-105,State_Forensic_Field_Team,Pressed Tablet (Crushed),Duquenois-Levine Reagent (Vanillin/Acetaldehyde),LOT-2026-DUQN-295,2363,22.1,PASS,1.031,95.96,2.37,1.46,94.09,1.51,1.37,94.34,2.87,0.84,93.97,2.08,0.5,2.228,0.0371,FieldSure-Narcotics-v2.1,0.894,NEG_NO_REACTION,VALIDATED_LAB_CONFIRMED,LAB-CONFIRM-80326,GC-MS (Gas Chromatography-Mass Spectrometry),Fentanyl HCl (Trace / Weak Response),9.18,Phenacetin (11.0%),TRUE_POSITIVE,TRAIN_SET
FS-2026-00328,2026-04-03T13:14:00Z,OP-FORENSIC-115,State_Forensic_Field_Team,Pressed Tablet (Crushed),Ehrlich Reagent (p-DMAB/HCl),LOT-2026-EHRL-644,2363,28.6,PASS,1.509,96.0,-0.06,2.83,84.82,1.25,-7.02,73.85,1.54,-18.89,68.62,3.02,-23.18,37.89,0.6315,FieldSure-Narcotics-v2.1,0.917,POS_INDOLE_LSD,VALIDATED_LAB_CONFIRMED,LAB-CONFIRM-80327,GC-MS (Gas Chromatography-Mass Spectrometry),LSD (Lysergic Acid Diethylamide),40.26,Levamisole (8.2%),TRUE_POSITIVE,TRAIN_SET
FS-2026-00329,2026-04-03T13:41:00Z,OP-FORENSIC-115,Border_Control_Post_3,Tar/Sticky Resin,Duquenois-Levine Reagent (Vanillin/Acetaldehyde),LOT-2026-DUQN-493,2363,23.9,PASS,1.013,89.58,-1.01,5.93,88.29,-2.27,6.49,86.56,-2.1,6.57,85.75,-1.25,6.59,3.894,0.0649,FieldSure-Narcotics-v2.1,0.943,NEG_NO_REACTION,VALIDATED_LAB_CONFIRMED,LAB-CONFIRM-80328,GC-MS (Gas Chromatography-Mass Spectrometry),Cocaine Hydrochloride,73.84,Caffeine (14.5%),TRUE_POSITIVE,TRAIN_SET
FS-2026-00330,2026-04-03T21:12:00Z,OP-FORENSIC-122,District_Lab_North,Paper Blotter Segment,Duquenois-Levine Reagent (Vanillin/Acetaldehyde),LOT-2026-DUQN-758,2363,26.1,PASS,1.029,94.85,1.75,2.33,93.79,2.32,1.26,94.67,2.31,2.63,93.38,3.82,2.55,2.548,0.0425,FieldSure-Narcotics-v2.1,0.903,NEG_NO_REACTION,VALIDATED_LAB_CONFIRMED,LAB-CONFIRM-80329,GC-MS (Gas Chromatography-Mass Spectrometry),Methamphetamine HCl,76.5,None (High Purity Grade),TRUE_POSITIVE,TRAIN_SET
FS-2026-00331,2026-04-04T05:24:00Z,OP-FORENSIC-122,Metropolitan_Task_Force,Liquid Solution (Diluted),Mecke Reagent (Selenious Acid/Sulfuric Acid),LOT-2026-MECK-429,564,23.3,PASS,0.983,92.7,0.74,2.07,90.32,0.3,2.53,90.58,0.7,2.9,89.7,-1.2,2.72,3.631,0.0605,FieldSure-Narcotics-v2.1,0.937,NEG_NO_REACTION,VALIDATED_LAB_CONFIRMED,LAB-CONFIRM-80330,GC-MS (Gas Chromatography-Mass Spectrometry),Inert Cutting Agent (Lactose/Caffeine),0.0,N/A (Inert Sample),TRUE_NEGATIVE,TRAIN_SET
FS-2026-00332,2026-04-04T06:22:00Z,OP-FORENSIC-101,Border_Control_Post_3,Crystalline Powder,Duquenois-Levine Reagent (Vanillin/Acetaldehyde),LOT-2026-DUQN-931,564,17.0,PASS,1.333,90.89,0.48,4.28,90.67,1.36,5.26,90.64,0.26,6.55,89.89,-0.02,7.15,3.08,0.0513,FieldSure-Narcotics-v2.1,0.955,NEG_NO_REACTION,VALIDATED_LAB_CONFIRMED,LAB-CONFIRM-80331,GC-MS (Gas Chromatography-Mass Spectrometry),Heroin Hydrochloride,55.85,None (High Purity Grade),TRUE_POSITIVE,TRAIN_SET
FS-2026-00333,2026-04-04T06:34:00Z,OP-FORENSIC-113,District_Lab_North,Crystalline Powder,Duquenois-Levine Reagent (Vanillin/Acetaldehyde),LOT-2026-DUQN-889,2363,29.7,PASS,1.786,91.15,0.16,4.19,74.24,-5.02,-6.19,60.49,-9.82,-13.59,53.39,-12.52,-18.76,45.971,0.7662,FieldSure-Narcotics-v2.1,0.951,POS_CANNABINOID_THC,VALIDATED_LAB_CONFIRMED,LAB-CONFIRM-80332,FTIR (Fourier Transform Infrared Spectroscopy),Delta-9-THC,59.65,Phenacetin (11.0%),TRUE_POSITIVE,TRAIN_SET
FS-2026-00334,2026-04-04T07:43:00Z,OP-FORENSIC-122,State_Forensic_Field_Team,Crystalline Powder,Mecke Reagent (Selenious Acid/Sulfuric Acid),LOT-2026-MECK-289,564,26.0,PASS,1.77,91.11,-0.75,4.34,90.54,-1.95,4.2,90.35,-0.87,6.01,89.15,-2.61,5.62,2.99,0.0498,FieldSure-Narcotics-v2.1,0.928,NEG_NO_REACTION,VALIDATED_LAB_CONFIRMED,LAB-CONFIRM-80333,GC-MS (Gas Chromatography-Mass Spectrometry),Delta-9-THC,36.79,Caffeine (14.5%),TRUE_POSITIVE,TRAIN_SET
FS-2026-00335,2026-04-04T07:48:00Z,OP-FORENSIC-108,State_Forensic_Field_Team,Tar/Sticky Resin,Mandelin Reagent (Ammonium Vanadate/Sulfuric Acid),LOT-2026-MAND-649,564,20.7,PASS,0.863,90.68,-0.08,2.09,90.97,-1.61,3.39,89.92,-0.57,3.74,89.5,-1.3,3.92,2.496,0.0416,FieldSure-Narcotics-v2.1,0.936,NEG_NO_REACTION,VALIDATED_LAB_CONFIRMED,LAB-CONFIRM-80334,FTIR (Fourier Transform Infrared Spectroscopy),"3,4-MDMA (Ecstasy)",65.36,Lactose / Starch,TRUE_POSITIVE,TRAIN_SET
FS-2026-00336,2026-04-04T08:48:00Z,OP-FORENSIC-117,Border_Control_Post_3,Crystalline Powder,Scott Reagent (Cobalt Thiocyanate Phase),LOT-2026-SCOT-746,2363,22.6,PASS,0.707,88.63,1.32,4.21,87.47,0.95,2.58,87.89,2.61,4.67,87.69,1.96,3.8,1.209,0.0202,FieldSure-Narcotics-v2.1,0.943,NEG_NO_REACTION,VALIDATED_LAB_CONFIRMED,LAB-CONFIRM-80335,GC-MS (Gas Chromatography-Mass Spectrometry),Heroin Hydrochloride,72.14,Caffeine (14.5%),TRUE_POSITIVE,TRAIN_SET
FS-2026-00337,2026-04-04T10:29:00Z,OP-FORENSIC-105,Border_Control_Post_3,Crystalline Powder,Duquenois-Levine Reagent (Vanillin/Acetaldehyde),LOT-2026-DUQN-653,7589,18.2,PASS,1.791,89.2,1.06,3.0,89.45,0.97,3.69,86.77,0.46,4.27,87.78,0.57,4.85,2.383,0.0397,FieldSure-Narcotics-v2.1,0.966,NEG_NO_REACTION,VALIDATED_LAB_CONFIRMED,LAB-CONFIRM-80336,GC-MS (Gas Chromatography-Mass Spectrometry),Heroin Hydrochloride,43.33,Dimethylsulfone (18.4%),TRUE_POSITIVE,TRAIN_SET
FS-2026-00338,2026-04-04T10:40:00Z,OP-FORENSIC-120,District_Lab_North,Crystalline Powder,Simon's Reagent (Sodium Nitroprusside/Acetaldehyde),LOT-2026-SIMN-263,564,22.2,PASS,1.073,90.59,1.52,5.66,89.29,2.66,4.98,90.23,2.04,5.88,89.63,2.7,5.45,1.536,0.0256,FieldSure-Narcotics-v2.1,0.962,NEG_NO_REACTION,VALIDATED_LAB_CONFIRMED,LAB-CONFIRM-80337,GC-MS (Gas Chromatography-Mass Spectrometry),"3,4-MDMA (Ecstasy)",55.99,Levamisole (8.2%),TRUE_POSITIVE,TRAIN_SET
FS-2026-00339,2026-04-04T12:01:00Z,OP-FORENSIC-116,District_Lab_North,Pressed Tablet (Crushed),Mandelin Reagent (Ammonium Vanadate/Sulfuric Acid),LOT-2026-MAND-398,564,23.5,PASS,1.049,93.16,-0.25,2.71,93.6,-0.36,0.78,92.23,-0.3,3.17,93.24,-0.71,3.21,0.684,0.0114,FieldSure-Narcotics-v2.1,0.93,NEG_NO_REACTION,VALIDATED_LAB_CONFIRMED,LAB-CONFIRM-80338,LC-MS/MS (Liquid Chromatography-Tandem Mass Spectrometry),Methamphetamine HCl,88.79,None (High Purity Grade),TRUE_POSITIVE,TRAIN_SET
FS-2026-00340,2026-04-04T12:49:00Z,OP-FORENSIC-124,District_Lab_North,Off-White Powder,Scott Reagent (Cobalt Thiocyanate Phase),LOT-2026-SCOT-807,564,17.1,PASS,0.845,91.21,1.65,4.47,91.21,1.21,4.75,90.21,1.18,5.15,91.2,1.99,3.61,0.925,0.0154,FieldSure-Narcotics-v2.1,0.97,NEG_NO_REACTION,VALIDATED_LAB_CONFIRMED,LAB-CONFIRM-80339,LC-MS/MS (Liquid Chromatography-Tandem Mass Spectrometry),"3,4-MDMA (Ecstasy)",73.91,Caffeine (14.5%),TRUE_POSITIVE,TRAIN_SET
FS-2026-00341,2026-04-04T13:50:00Z,OP-FORENSIC-115,State_Forensic_Field_Team,Crystalline Powder,Simon's Reagent (Sodium Nitroprusside/Acetaldehyde),LOT-2026-SIMN-467,564,22.6,PASS,1.611,95.69,0.91,1.51,96.1,0.42,2.15,95.94,1.95,1.44,95.53,0.9,1.14,0.403,0.0067,FieldSure-Narcotics-v2.1,0.976,NEG_NO_REACTION,VALIDATED_LAB_CONFIRMED,LAB-CONFIRM-80340,GC-MS (Gas Chromatography-Mass Spectrometry),Cocaine Hydrochloride,73.8,Levamisole (8.2%),TRUE_POSITIVE,TRAIN_SET
FS-2026-00342,2026-04-04T14:09:00Z,OP-FORENSIC-103,Metropolitan_Task_Force,Liquid Solution (Diluted),Mecke Reagent (Selenious Acid/Sulfuric Acid),LOT-2026-MECK-566,7589,18.5,PASS,0.59,90.49,0.17,5.52,88.54,1.64,4.69,88.56,0.01,4.82,87.24,1.22,4.69,3.515,0.0586,FieldSure-Narcotics-v2.1,0.976,NEG_NO_REACTION,VALIDATED_LAB_CONFIRMED,LAB-CONFIRM-80341,LC-MS/MS (Liquid Chromatography-Tandem Mass Spectrometry),Cocaine Hydrochloride,88.53,Levamisole (8.2%),TRUE_POSITIVE,TRAIN_SET
FS-2026-00343,2026-04-04T18:37:00Z,OP-FORENSIC-116,Metropolitan_Task_Force,Plant Matter Extract,Ehrlich Reagent (p-DMAB/HCl),LOT-2026-EHRL-870,2363,28.5,FAIL_BLUR,8.051,95.16,-0.78,4.6,,,,,,,,,,,,FieldSure-Narcotics-v2.1,0.063,ABSTAIN_FAIL_BLUR,UNVALIDATED_QC_ABSTAIN,LAB-CONFIRM-80342,FTIR (Fourier Transform Infrared Spectroscopy),Fentanyl HCl (Trace / Weak Response),13.86,Caffeine (14.5%),ABSTAINED_NO_PREDICTION,TRAIN_SET
FS-2026-00344,2026-04-04T19:07:00Z,OP-FORENSIC-118,District_Lab_North,Crystalline Powder,Marquis Reagent (Formaldehyde/Sulfuric Acid),LOT-2026-MARQ-472,564,23.6,PASS,0.451,91.97,-1.23,3.42,91.37,-0.71,3.52,91.8,-1.7,3.22,91.19,-2.19,1.8,2.038,0.034,FieldSure-Narcotics-v2.1,0.991,NEG_NO_REACTION,VALIDATED_LAB_CONFIRMED,LAB-CONFIRM-80343,LC-MS/MS (Liquid Chromatography-Tandem Mass Spectrometry),Inert Cutting Agent (Lactose/Caffeine),0.0,N/A (Inert Sample),TRUE_NEGATIVE,TRAIN_SET
FS-2026-00345,2026-04-04T23:17:00Z,OP-FORENSIC-100,Metropolitan_Task_Force,Off-White Powder,Mecke Reagent (Selenious Acid/Sulfuric Acid),LOT-2026-MECK-559,7589,24.5,PASS,1.061,93.8,-1.13,4.42,92.18,-2.29,3.27,90.32,-1.94,5.54,90.46,-2.69,4.64,3.693,0.0616,FieldSure-Narcotics-v2.1,0.922,NEG_NO_REACTION,VALIDATED_LAB_CONFIRMED,LAB-CONFIRM-80344,GC-MS (Gas Chromatography-Mass Spectrometry),Heroin Hydrochloride,40.85,Dimethylsulfone (18.4%),TRUE_POSITIVE,TRAIN_SET
FS-2026-00346,2026-04-05T04:38:00Z,OP-FORENSIC-110,Metropolitan_Task_Force,Paper Blotter Segment,Scott Reagent (Cobalt Thiocyanate Phase),LOT-2026-SCOT-222,564,23.3,PASS,0.444,92.52,0.99,5.6,91.65,1.71,5.67,90.33,1.67,6.71,88.95,2.17,8.05,4.488,0.0748,FieldSure-Narcotics-v2.1,0.995,NEG_NO_REACTION,VALIDATED_LAB_CONFIRMED,LAB-CONFIRM-80345,FTIR (Fourier Transform Infrared Spectroscopy),Heroin Hydrochloride,65.35,Caffeine (14.5%),TRUE_POSITIVE,TRAIN_SET
FS-2026-00347,2026-04-05T05:01:00Z,OP-FORENSIC-107,Customs_Evidence_Unit,Off-White Powder,Mandelin Reagent (Ammonium Vanadate/Sulfuric Acid),LOT-2026-MAND-162,564,21.2,FAIL_GLARE,9.078,92.75,0.15,2.65,,,,,,,,,,,,FieldSure-Narcotics-v2.1,0.154,ABSTAIN_FAIL_GLARE,UNVALIDATED_QC_ABSTAIN,LAB-CONFIRM-80346,GC-MS (Gas Chromatography-Mass Spectrometry),Fentanyl HCl (Trace / Weak Response),5.22,Caffeine (14.5%),ABSTAINED_NO_PREDICTION,TRAIN_SET
FS-2026-00348,2026-04-05T05:35:00Z,OP-FORENSIC-123,Metropolitan_Task_Force,Tar/Sticky Resin,Scott Reagent (Cobalt Thiocyanate Phase),LOT-2026-SCOT-958,564,18.4,PASS,1.399,95.12,0.75,3.73,96.89,-0.72,3.78,95.53,0.35,2.98,94.87,0.55,3.14,0.671,0.0112,FieldSure-Narcotics-v2.1,0.973,NEG_NO_REACTION,VALIDATED_LAB_CONFIRMED,LAB-CONFIRM-80347,GC-MS (Gas Chromatography-Mass Spectrometry),Heroin Hydrochloride,67.88,Lactose / Starch,TRUE_POSITIVE,TRAIN_SET
FS-2026-00349,2026-04-05T09:26:00Z,OP-FORENSIC-123,Customs_Evidence_Unit,Tar/Sticky Resin,Marquis Reagent (Formaldehyde/Sulfuric Acid),LOT-2026-MARQ-554,564,20.9,PASS,1.284,88.21,0.75,3.38,69.1,9.27,0.5,52.28,16.85,-1.57,44.45,20.87,-2.71,48.547,0.8091,FieldSure-Narcotics-v2.1,0.957,POS_OPIATE_HEROIN,VALIDATED_LAB_CONFIRMED,LAB-CONFIRM-80348,GC-MS (Gas Chromatography-Mass Spectrometry),Heroin Hydrochloride,84.75,Lactose / Starch,TRUE_POSITIVE,TRAIN_SET
FS-2026-00350,2026-04-05T14:57:00Z,OP-FORENSIC-109,District_Lab_North,Plant Matter Extract,Mecke Reagent (Selenious Acid/Sulfuric Acid),LOT-2026-MECK-146,564,29.3,PASS,1.588,87.8,0.59,2.69,86.08,0.33,3.93,85.53,2.06,4.18,84.85,1.19,4.5,3.513,0.0586,FieldSure-Narcotics-v2.1,0.903,NEG_NO_REACTION,VALIDATED_LAB_CONFIRMED,LAB-CONFIRM-80349,GC-MS (Gas Chromatography-Mass Spectrometry),Inert Cutting Agent (Lactose/Caffeine),0.0,N/A (Inert Sample),TRUE_NEGATIVE,TRAIN_SET
FS-2026-00351,2026-04-05T15:23:00Z,OP-FORENSIC-119,Customs_Evidence_Unit,Crystalline Powder,Marquis Reagent (Formaldehyde/Sulfuric Acid),LOT-2026-MARQ-385,2363,28.3,PASS,1.333,89.28,-0.18,5.13,73.77,1.0,8.62,61.72,1.26,11.06,55.27,2.66,12.5,34.915,0.5819,FieldSure-Narcotics-v2.1,0.921,POS_FENTANYL_WEAK,VALIDATED_LAB_CONFIRMED,LAB-CONFIRM-80350,GC-MS (Gas Chromatography-Mass Spectrometry),Fentanyl HCl (Trace / Weak Response),13.42,Phenacetin (11.0%),TRUE_POSITIVE,TRAIN_SET
FS-2026-00352,2026-04-05T22:36:00Z,OP-FORENSIC-115,Customs_Evidence_Unit,Off-White Powder,Marquis Reagent (Formaldehyde/Sulfuric Acid),LOT-2026-MARQ-271,7589,26.2,PASS,1.26,87.34,2.21,3.07,87.21,1.74,4.73,86.67,0.84,3.91,87.9,1.03,4.25,1.76,0.0293,FieldSure-Narcotics-v2.1,0.983,NEG_NO_REACTION,VALIDATED_LAB_CONFIRMED,LAB-CONFIRM-80351,LC-MS/MS (Liquid Chromatography-Tandem Mass Spectrometry),Inert Cutting Agent (Lactose/Caffeine),0.0,N/A (Inert Sample),TRUE_NEGATIVE,TRAIN_SET
FS-2026-00353,2026-04-05T22:37:00Z,OP-FORENSIC-112,State_Forensic_Field_Team,Crystalline Powder,Scott Reagent (Cobalt Thiocyanate Phase),LOT-2026-SCOT-648,2363,26.6,PASS,1.322,95.13,-1.44,2.26,92.48,-1.26,2.68,92.59,-1.49,1.48,90.53,-1.66,2.91,4.651,0.0775,FieldSure-Narcotics-v2.1,0.917,NEG_NO_REACTION,VALIDATED_LAB_CONFIRMED,LAB-CONFIRM-80352,LC-MS/MS (Liquid Chromatography-Tandem Mass Spectrometry),Fentanyl HCl (Trace / Weak Response),11.49,None (High Purity Grade),TRUE_POSITIVE,TRAIN_SET
FS-2026-00354,2026-04-06T00:30:00Z,OP-FORENSIC-106,Border_Control_Post_3,Liquid Solution (Diluted),Duquenois-Levine Reagent (Vanillin/Acetaldehyde),LOT-2026-DUQN-313,564,19.4,PASS,0.814,87.32,1.33,2.96,86.56,0.7,4.32,85.01,0.24,5.12,85.51,0.73,4.62,2.528,0.0421,FieldSure-Narcotics-v2.1,0.986,NEG_NO_REACTION,VALIDATED_LAB_CONFIRMED,LAB-CONFIRM-80353,GC-MS (Gas Chromatography-Mass Spectrometry),Methamphetamine HCl,65.08,Dimethylsulfone (18.4%),TRUE_POSITIVE,TRAIN_SET
FS-2026-00355,2026-04-06T00:58:00Z,OP-FORENSIC-106,Metropolitan_Task_Force,Crystalline Powder,Marquis Reagent (Formaldehyde/Sulfuric Acid),LOT-2026-MARQ-270,7589,26.6,FAIL_EXPOSURE,10.064,93.46,0.05,3.6,,,,,,,,,,,,FieldSure-Narcotics-v2.1,0.241,ABSTAIN_FAIL_EXPOSURE,UNVALIDATED_QC_ABSTAIN,LAB-CONFIRM-80354,LC-MS/MS (Liquid Chromatography-Tandem Mass Spectrometry),Methamphetamine HCl,85.42,None (High Purity Grade),ABSTAINED_NO_PREDICTION,TRAIN_SET
FS-2026-00356,2026-04-06T06:01:00Z,OP-FORENSIC-119,District_Lab_North,Crystalline Powder,Mandelin Reagent (Ammonium Vanadate/Sulfuric Acid),LOT-2026-MAND-929,2363,15.3,FAIL_GEOMETRY,6.494,95.44,1.81,2.06,,,,,,,,,,,,FieldSure-Narcotics-v2.1,0.202,ABSTAIN_FAIL_GEOMETRY,UNVALIDATED_QC_ABSTAIN,LAB-CONFIRM-80355,GC-MS (Gas Chromatography-Mass Spectrometry),LSD (Lysergic Acid Diethylamide),35.52,Levamisole (8.2%),ABSTAINED_NO_PREDICTION,TRAIN_SET
FS-2026-00357,2026-04-06T07:57:00Z,OP-FORENSIC-115,Metropolitan_Task_Force,Crystalline Powder,Marquis Reagent (Formaldehyde/Sulfuric Acid),LOT-2026-MARQ-949,564,30.7,FAIL_BLUR,8.791,88.35,0.52,2.56,,,,,,,,,,,,FieldSure-Narcotics-v2.1,0.257,ABSTAIN_FAIL_BLUR,UNVALIDATED_QC_ABSTAIN,LAB-CONFIRM-80356,GC-MS (Gas Chromatography-Mass Spectrometry),Fentanyl HCl (Trace / Weak Response),14.63,Phenacetin (11.0%),ABSTAINED_NO_PREDICTION,TRAIN_SET
FS-2026-00358,2026-04-06T14:35:00Z,OP-FORENSIC-103,Customs_Evidence_Unit,Plant Matter Extract,Simon's Reagent (Sodium Nitroprusside/Acetaldehyde),LOT-2026-SIMN-587,564,30.2,PASS,1.48,87.73,1.05,5.51,88.59,1.82,5.99,88.76,0.84,5.16,87.77,0.59,7.07,1.627,0.0271,FieldSure-Narcotics-v2.1,0.903,NEG_NO_REACTION,VALIDATED_LAB_CONFIRMED,LAB-CONFIRM-80357,GC-MS (Gas Chromatography-Mass Spectrometry),"3,4-MDMA (Ecstasy)",75.4,Dimethylsulfone (18.4%),TRUE_POSITIVE,TRAIN_SET
FS-2026-00359,2026-04-06T20:38:00Z,OP-FORENSIC-117,Border_Control_Post_3,Pressed Tablet (Crushed),Marquis Reagent (Formaldehyde/Sulfuric Acid),LOT-2026-MARQ-902,564,23.8,PASS,0.603,88.33,0.72,5.56,88.18,1.71,5.28,86.43,0.57,7.1,85.33,2.3,8.45,4.455,0.0742,FieldSure-Narcotics-v2.1,0.971,NEG_NO_REACTION,VALIDATED_LAB_CONFIRMED,LAB-CONFIRM-80358,GC-MS (Gas Chromatography-Mass Spectrometry),LSD (Lysergic Acid Diethylamide),18.58,Phenacetin (11.0%),TRUE_POSITIVE,TRAIN_SET
FS-2026-00360,2026-04-07T02:59:00Z,OP-FORENSIC-117,State_Forensic_Field_Team,Off-White Powder,Mandelin Reagent (Ammonium Vanadate/Sulfuric Acid),LOT-2026-MAND-805,7589,28.3,PASS,0.89,90.42,1.78,4.49,87.78,1.34,6.0,89.43,2.13,5.81,88.31,2.02,6.86,3.182,0.053,FieldSure-Narcotics-v2.1,0.903,NEG_NO_REACTION,VALIDATED_LAB_CONFIRMED,LAB-CONFIRM-80359,GC-MS (Gas Chromatography-Mass Spectrometry),Heroin Hydrochloride,65.27,Levamisole (8.2%),TRUE_POSITIVE,TRAIN_SET
FS-2026-00361,2026-04-07T05:58:00Z,OP-FORENSIC-107,Metropolitan_Task_Force,Pressed Tablet (Crushed),Simon's Reagent (Sodium Nitroprusside/Acetaldehyde),LOT-2026-SIMN-605,564,23.3,FAIL_GEOMETRY,11.771,94.46,0.95,3.85,,,,,,,,,,,,FieldSure-Narcotics-v2.1,0.044,ABSTAIN_FAIL_GEOMETRY,UNVALIDATED_QC_ABSTAIN,LAB-CONFIRM-80360,GC-MS (Gas Chromatography-Mass Spectrometry),LSD (Lysergic Acid Diethylamide),21.38,Levamisole (8.2%),ABSTAINED_NO_PREDICTION,TRAIN_SET
FS-2026-00362,2026-04-07T07:17:00Z,OP-FORENSIC-113,Customs_Evidence_Unit,Crystalline Powder,Ehrlich Reagent (p-DMAB/HCl),LOT-2026-EHRL-587,2363,24.3,PASS,1.703,88.43,0.01,1.75,89.5,0.38,3.28,87.66,-0.37,4.07,87.74,-0.95,5.25,3.694,0.0616,FieldSure-Narcotics-v2.1,0.95,NEG_NO_REACTION,VALIDATED_LAB_CONFIRMED,LAB-CONFIRM-80361,GC-MS (Gas Chromatography-Mass Spectrometry),Cocaine Hydrochloride,93.1,Levamisole (8.2%),TRUE_POSITIVE,TRAIN_SET
FS-2026-00363,2026-04-07T07:38:00Z,OP-FORENSIC-112,Metropolitan_Task_Force,Paper Blotter Segment,Marquis Reagent (Formaldehyde/Sulfuric Acid),LOT-2026-MARQ-514,564,23.1,FAIL_GLARE,11.429,92.79,0.54,2.55,,,,,,,,,,,,FieldSure-Narcotics-v2.1,0.057,ABSTAIN_FAIL_GLARE,UNVALIDATED_QC_ABSTAIN,LAB-CONFIRM-80362,GC-MS (Gas Chromatography-Mass Spectrometry),"3,4-MDMA (Ecstasy)",51.31,Levamisole (8.2%),ABSTAINED_NO_PREDICTION,TRAIN_SET
FS-2026-00364,2026-04-07T08:19:00Z,OP-FORENSIC-106,Metropolitan_Task_Force,Pressed Tablet (Crushed),Simon's Reagent (Sodium Nitroprusside/Acetaldehyde),LOT-2026-SIMN-258,564,27.4,PASS,1.573,92.78,2.22,5.33,91.09,2.94,3.84,90.18,2.3,5.58,88.69,2.2,4.77,4.128,0.0688,FieldSure-Narcotics-v2.1,0.991,NEG_NO_REACTION,VALIDATED_LAB_CONFIRMED,LAB-CONFIRM-80363,GC-MS (Gas Chromatography-Mass Spectrometry),LSD (Lysergic Acid Diethylamide),53.91,Phenacetin (11.0%),TRUE_POSITIVE,TRAIN_SET
FS-2026-00365,2026-04-07T08:47:00Z,OP-FORENSIC-124,Metropolitan_Task_Force,Off-White Powder,Ehrlich Reagent (p-DMAB/HCl),LOT-2026-EHRL-903,2363,19.6,PASS,1.616,93.17,0.54,4.03,93.87,0.51,2.78,92.31,-0.6,2.24,91.87,-0.43,3.08,1.88,0.0313,FieldSure-Narcotics-v2.1,0.926,NEG_NO_REACTION,VALIDATED_LAB_CONFIRMED,LAB-CONFIRM-80364,GC-MS (Gas Chromatography-Mass Spectrometry),Procaine / Benzocaine (Local Anesthetic),0.0,N/A (Inert Sample),TRUE_NEGATIVE,TRAIN_SET
FS-2026-00366,2026-04-07T10:31:00Z,OP-FORENSIC-104,District_Lab_North,Tar/Sticky Resin,Simon's Reagent (Sodium Nitroprusside/Acetaldehyde),LOT-2026-SIMN-968,2363,18.8,PASS,1.36,93.35,-0.58,1.8,94.26,-0.56,3.27,90.82,0.95,1.96,90.06,0.66,3.22,3.792,0.0632,FieldSure-Narcotics-v2.1,0.965,NEG_NO_REACTION,VALIDATED_LAB_CONFIRMED,LAB-CONFIRM-80365,LC-MS/MS (Liquid Chromatography-Tandem Mass Spectrometry),Methamphetamine HCl,78.71,Phenacetin (11.0%),TRUE_POSITIVE,TRAIN_SET
FS-2026-00367,2026-04-07T12:10:00Z,OP-FORENSIC-111,District_Lab_North,Off-White Powder,Duquenois-Levine Reagent (Vanillin/Acetaldehyde),LOT-2026-DUQN-258,564,20.6,PASS,0.716,95.78,1.09,2.39,94.65,1.78,2.82,92.5,1.1,4.85,92.05,3.06,5.37,5.165,0.0861,FieldSure-Narcotics-v2.1,0.97,NEG_NO_REACTION,VALIDATED_LAB_CONFIRMED,LAB-CONFIRM-80366,GC-MS (Gas Chromatography-Mass Spectrometry),Heroin Hydrochloride,41.77,Caffeine (14.5%),TRUE_POSITIVE,TRAIN_SET
FS-2026-00368,2026-04-07T13:54:00Z,OP-FORENSIC-115,District_Lab_North,Crystalline Powder,Mandelin Reagent (Ammonium Vanadate/Sulfuric Acid),LOT-2026-MAND-656,2363,26.8,PASS,0.687,93.79,1.59,4.91,92.27,1.9,5.14,92.18,2.81,5.72,93.09,2.38,7.24,2.558,0.0426,FieldSure-Narcotics-v2.1,0.971,NEG_NO_REACTION,VALIDATED_LAB_CONFIRMED,LAB-CONFIRM-80367,GC-MS (Gas Chromatography-Mass Spectrometry),Heroin Hydrochloride,43.58,Dimethylsulfone (18.4%),TRUE_POSITIVE,TRAIN_SET
FS-2026-00369,2026-04-07T18:00:00Z,OP-FORENSIC-105,State_Forensic_Field_Team,Off-White Powder,Mecke Reagent (Selenious Acid/Sulfuric Acid),LOT-2026-MECK-328,564,17.5,PASS,1.375,92.11,2.16,3.86,92.42,1.95,4.17,91.28,1.23,5.36,90.15,1.46,7.04,3.801,0.0634,FieldSure-Narcotics-v2.1,0.936,NEG_NO_REACTION,VALIDATED_LAB_CONFIRMED,LAB-CONFIRM-80368,GC-MS (Gas Chromatography-Mass Spectrometry),Cocaine Hydrochloride,82.71,Lactose / Starch,TRUE_POSITIVE,TRAIN_SET
FS-2026-00370,2026-04-07T22:18:00Z,OP-FORENSIC-114,Border_Control_Post_3,Pressed Tablet (Crushed),Duquenois-Levine Reagent (Vanillin/Acetaldehyde),LOT-2026-DUQN-567,7589,16.7,FAIL_GLARE,8.678,95.59,-0.02,4.11,,,,,,,,,,,,FieldSure-Narcotics-v2.1,0.139,ABSTAIN_FAIL_GLARE,UNVALIDATED_QC_ABSTAIN,LAB-CONFIRM-80369,LC-MS/MS (Liquid Chromatography-Tandem Mass Spectrometry),Methamphetamine HCl,72.45,Caffeine (14.5%),ABSTAINED_NO_PREDICTION,TRAIN_SET
FS-2026-00371,2026-04-08T04:29:00Z,OP-FORENSIC-116,Metropolitan_Task_Force,Crystalline Powder,Simon's Reagent (Sodium Nitroprusside/Acetaldehyde),LOT-2026-SIMN-839,564,21.4,PASS,1.322,90.49,0.56,3.79,89.67,1.92,4.3,90.05,2.15,2.91,91.11,1.62,3.26,1.337,0.0223,FieldSure-Narcotics-v2.1,0.98,NEG_NO_REACTION,VALIDATED_LAB_CONFIRMED,LAB-CONFIRM-80370,GC-MS (Gas Chromatography-Mass Spectrometry),Heroin Hydrochloride,84.24,Lactose / Starch,TRUE_POSITIVE,TRAIN_SET
FS-2026-00372,2026-04-08T04:59:00Z,OP-FORENSIC-114,Metropolitan_Task_Force,Paper Blotter Segment,Scott Reagent (Cobalt Thiocyanate Phase),LOT-2026-SCOT-764,564,20.6,PASS,1.681,86.89,2.02,3.76,64.73,9.16,22.01,47.02,14.35,36.11,38.07,17.43,43.54,64.833,1.0805,FieldSure-Narcotics-v2.1,0.99,FALSE_POS_LOCAL_ANESTHETIC,VALIDATED_LAB_CONFIRMED,LAB-CONFIRM-80371,GC-MS (Gas Chromatography-Mass Spectrometry),Procaine / Benzocaine (Local Anesthetic),0.0,N/A (Inert Sample),TRUE_POSITIVE,TRAIN_SET
FS-2026-00373,2026-04-08T05:39:00Z,OP-FORENSIC-116,Border_Control_Post_3,Tar/Sticky Resin,Simon's Reagent (Sodium Nitroprusside/Acetaldehyde),LOT-2026-SIMN-364,2363,23.5,PASS,0.613,92.6,2.46,2.3,92.89,2.43,1.64,91.83,3.56,3.42,92.14,3.81,2.55,1.448,0.0241,FieldSure-Narcotics-v2.1,0.935,NEG_NO_REACTION,VALIDATED_LAB_CONFIRMED,LAB-CONFIRM-80372,LC-MS/MS (Liquid Chromatography-Tandem Mass Spectrometry),Procaine / Benzocaine (Local Anesthetic),0.0,N/A (Inert Sample),TRUE_NEGATIVE,TRAIN_SET
FS-2026-00374,2026-04-08T08:11:00Z,OP-FORENSIC-100,District_Lab_North,Liquid Solution (Diluted),Scott Reagent (Cobalt Thiocyanate Phase),LOT-2026-SCOT-921,564,25.7,PASS,1.236,87.85,1.01,5.23,86.31,1.89,4.33,87.44,1.26,5.15,85.81,1.17,4.45,2.19,0.0365,FieldSure-Narcotics-v2.1,0.958,NEG_NO_REACTION,VALIDATED_LAB_CONFIRMED,LAB-CONFIRM-80373,GC-MS (Gas Chromatography-Mass Spectrometry),Inert Cutting Agent (Lactose/Caffeine),0.0,N/A (Inert Sample),TRUE_NEGATIVE,TRAIN_SET
FS-2026-00375,2026-04-08T09:13:00Z,OP-FORENSIC-102,Metropolitan_Task_Force,Crystalline Powder,Simon's Reagent (Sodium Nitroprusside/Acetaldehyde),LOT-2026-SIMN-190,7589,22.0,PASS,0.759,94.8,-1.16,1.6,93.59,-0.38,1.88,94.67,0.44,2.74,94.74,0.78,2.77,2.266,0.0378,FieldSure-Narcotics-v2.1,0.962,NEG_NO_REACTION,VALIDATED_LAB_CONFIRMED,LAB-CONFIRM-80374,GC-MS (Gas Chromatography-Mass Spectrometry),"3,4-MDMA (Ecstasy)",75.5,Dimethylsulfone (18.4%),TRUE_POSITIVE,TRAIN_SET
FS-2026-00376,2026-04-08T10:36:00Z,OP-FORENSIC-117,District_Lab_North,Crystalline Powder,Duquenois-Levine Reagent (Vanillin/Acetaldehyde),LOT-2026-DUQN-324,564,31.5,PASS,0.542,86.79,2.16,5.25,68.16,0.23,9.45,52.67,-1.77,13.15,44.94,-3.47,15.14,43.37,0.7228,FieldSure-Narcotics-v2.1,0.925,POS_CANNABINOID_THC,VALIDATED_LAB_CONFIRMED,LAB-CONFIRM-80375,FTIR (Fourier Transform Infrared Spectroscopy),Delta-9-THC,53.21,Phenacetin (11.0%),TRUE_POSITIVE,TRAIN_SET
FS-2026-00377,2026-04-08T11:34:00Z,OP-FORENSIC-124,Customs_Evidence_Unit,Crystalline Powder,Mandelin Reagent (Ammonium Vanadate/Sulfuric Acid),LOT-2026-MAND-585,7589,26.1,PASS,1.571,92.12,0.83,2.71,92.23,0.81,3.25,91.87,1.74,1.6,93.14,2.72,1.67,2.386,0.0398,FieldSure-Narcotics-v2.1,0.939,NEG_NO_REACTION,VALIDATED_LAB_CONFIRMED,LAB-CONFIRM-80376,GC-MS (Gas Chromatography-Mass Spectrometry),Delta-9-THC,51.66,Phenacetin (11.0%),TRUE_POSITIVE,TRAIN_SET
FS-2026-00378,2026-04-08T15:52:00Z,OP-FORENSIC-113,Metropolitan_Task_Force,Pressed Tablet (Crushed),Mandelin Reagent (Ammonium Vanadate/Sulfuric Acid),LOT-2026-MAND-951,2363,22.0,PASS,1.689,86.28,2.12,4.68,85.82,0.27,5.31,83.31,2.29,7.25,83.46,2.14,6.98,3.639,0.0606,FieldSure-Narcotics-v2.1,0.939,NEG_NO_REACTION,VALIDATED_LAB_CONFIRMED,LAB-CONFIRM-80377,LC-MS/MS (Liquid Chromatography-Tandem Mass Spectrometry),Fentanyl HCl (Trace / Weak Response),13.63,Phenacetin (11.0%),TRUE_POSITIVE,TRAIN_SET
FS-2026-00379,2026-04-08T18:20:00Z,OP-FORENSIC-116,Customs_Evidence_Unit,Off-White Powder,Mandelin Reagent (Ammonium Vanadate/Sulfuric Acid),LOT-2026-MAND-369,7589,18.4,PASS,1.458,89.22,-0.08,4.11,89.5,-1.26,4.2,89.52,-1.44,4.67,89.21,-1.23,4.38,1.181,0.0197,FieldSure-Narcotics-v2.1,0.952,NEG_NO_REACTION,VALIDATED_LAB_CONFIRMED,LAB-CONFIRM-80378,GC-MS (Gas Chromatography-Mass Spectrometry),Inert Cutting Agent (Lactose/Caffeine),0.0,N/A (Inert Sample),TRUE_NEGATIVE,TRAIN_SET
FS-2026-00380,2026-04-08T20:12:00Z,OP-FORENSIC-111,State_Forensic_Field_Team,Crystalline Powder,Mandelin Reagent (Ammonium Vanadate/Sulfuric Acid),LOT-2026-MAND-643,7589,26.5,PASS,0.374,91.57,1.65,3.8,91.27,1.92,5.07,89.03,1.38,3.26,88.75,1.8,3.34,2.861,0.0477,FieldSure-Narcotics-v2.1,0.898,NEG_NO_REACTION,VALIDATED_LAB_CONFIRMED,LAB-CONFIRM-80379,FTIR (Fourier Transform Infrared Spectroscopy),Fentanyl HCl (Trace / Weak Response),7.15,Lactose / Starch,TRUE_POSITIVE,TRAIN_SET
FS-2026-00381,2026-04-08T22:28:00Z,OP-FORENSIC-103,State_Forensic_Field_Team,Pressed Tablet (Crushed),Mecke Reagent (Selenious Acid/Sulfuric Acid),LOT-2026-MECK-115,564,22.7,PASS,1.443,95.21,0.26,2.15,94.21,-1.22,1.68,93.4,-0.33,3.57,91.74,-0.3,3.5,3.765,0.0628,FieldSure-Narcotics-v2.1,0.953,NEG_NO_REACTION,VALIDATED_LAB_CONFIRMED,LAB-CONFIRM-80380,LC-MS/MS (Liquid Chromatography-Tandem Mass Spectrometry),Procaine / Benzocaine (Local Anesthetic),0.0,N/A (Inert Sample),TRUE_NEGATIVE,TRAIN_SET
FS-2026-00382,2026-04-09T01:49:00Z,OP-FORENSIC-119,Metropolitan_Task_Force,Liquid Solution (Diluted),Mandelin Reagent (Ammonium Vanadate/Sulfuric Acid),LOT-2026-MAND-433,2363,20.0,PASS,0.718,87.96,0.6,2.51,87.1,1.31,2.85,87.01,1.99,3.06,85.34,2.16,3.6,3.238,0.054,FieldSure-Narcotics-v2.1,0.907,NEG_NO_REACTION,VALIDATED_LAB_CONFIRMED,LAB-CONFIRM-80381,LC-MS/MS (Liquid Chromatography-Tandem Mass Spectrometry),Fentanyl HCl (Trace / Weak Response),17.03,Lactose / Starch,TRUE_POSITIVE,TRAIN_SET
FS-2026-00383,2026-04-09T03:08:00Z,OP-FORENSIC-114,Customs_Evidence_Unit,Crystalline Powder,Marquis Reagent (Formaldehyde/Sulfuric Acid),LOT-2026-MARQ-288,2363,21.1,PASS,1.686,88.66,0.11,5.67,71.4,-12.86,3.93,57.07,-22.11,3.45,47.32,-28.03,3.2,50.07,0.8345,FieldSure-Narcotics-v2.1,0.92,POS_METHAMPHETAMINE,VALIDATED_LAB_CONFIRMED,LAB-CONFIRM-80382,GC-MS (Gas Chromatography-Mass Spectrometry),Methamphetamine HCl,68.27,Phenacetin (11.0%),TRUE_POSITIVE,TRAIN_SET
FS-2026-00384,2026-04-09T06:42:00Z,OP-FORENSIC-102,Metropolitan_Task_Force,Crystalline Powder,Duquenois-Levine Reagent (Vanillin/Acetaldehyde),LOT-2026-DUQN-404,2363,27.3,PASS,0.899,87.07,1.0,3.95,86.87,0.08,5.28,87.28,1.27,5.73,86.66,1.62,5.28,1.524,0.0254,FieldSure-Narcotics-v2.1,0.99,NEG_NO_REACTION,VALIDATED_LAB_CONFIRMED,LAB-CONFIRM-80383,LC-MS/MS (Liquid Chromatography-Tandem Mass Spectrometry),Cocaine Hydrochloride,94.79,None (High Purity Grade),TRUE_POSITIVE,TRAIN_SET
FS-2026-00385,2026-04-09T10:11:00Z,OP-FORENSIC-100,State_Forensic_Field_Team,Crystalline Powder,Ehrlich Reagent (p-DMAB/HCl),LOT-2026-EHRL-478,564,25.8,PASS,0.405,95.81,-0.67,5.18,95.95,-0.9,5.62,96.1,-1.97,7.43,95.95,-1.67,7.31,2.357,0.0393,FieldSure-Narcotics-v2.1,0.969,NEG_NO_REACTION,VALIDATED_LAB_CONFIRMED,LAB-CONFIRM-80384,GC-MS (Gas Chromatography-Mass Spectrometry),Delta-9-THC,43.6,Phenacetin (11.0%),TRUE_POSITIVE,TRAIN_SET
FS-2026-00386,2026-04-09T16:26:00Z,OP-FORENSIC-112,Border_Control_Post_3,Pressed Tablet (Crushed),Mecke Reagent (Selenious Acid/Sulfuric Acid),LOT-2026-MECK-305,7589,19.4,PASS,1.783,88.16,-1.02,5.88,87.87,-2.56,5.51,86.06,-1.07,7.31,86.1,-2.86,7.57,3.238,0.054,FieldSure-Narcotics-v2.1,0.932,NEG_NO_REACTION,VALIDATED_LAB_CONFIRMED,LAB-CONFIRM-80385,LC-MS/MS (Liquid Chromatography-Tandem Mass Spectrometry),"3,4-MDMA (Ecstasy)",85.23,Levamisole (8.2%),TRUE_POSITIVE,TRAIN_SET
FS-2026-00387,2026-04-09T18:38:00Z,OP-FORENSIC-123,State_Forensic_Field_Team,Off-White Powder,Scott Reagent (Cobalt Thiocyanate Phase),LOT-2026-SCOT-824,564,22.2,PASS,1.528,92.17,1.71,5.57,92.04,2.37,5.24,92.14,0.6,5.39,92.0,0.54,4.8,1.411,0.0235,FieldSure-Narcotics-v2.1,0.95,NEG_NO_REACTION,VALIDATED_LAB_CONFIRMED,LAB-CONFIRM-80386,FTIR (Fourier Transform Infrared Spectroscopy),Heroin Hydrochloride,81.46,Phenacetin (11.0%),TRUE_POSITIVE,TRAIN_SET
FS-2026-00388,2026-04-09T19:31:00Z,OP-FORENSIC-111,Customs_Evidence_Unit,Crystalline Powder,Ehrlich Reagent (p-DMAB/HCl),LOT-2026-EHRL-938,7589,22.7,PASS,0.358,94.65,2.44,4.95,94.46,1.78,5.84,93.8,1.79,6.36,94.17,1.89,7.21,2.375,0.0396,FieldSure-Narcotics-v2.1,0.907,NEG_NO_REACTION,VALIDATED_LAB_CONFIRMED,LAB-CONFIRM-80387,GC-MS (Gas Chromatography-Mass Spectrometry),Inert Cutting Agent (Lactose/Caffeine),0.0,N/A (Inert Sample),TRUE_NEGATIVE,TRAIN_SET
FS-2026-00389,2026-04-09T21:27:00Z,OP-FORENSIC-124,District_Lab_North,Crystalline Powder,Duquenois-Levine Reagent (Vanillin/Acetaldehyde),LOT-2026-DUQN-606,2363,18.1,PASS,1.723,90.03,1.13,5.54,87.84,0.45,4.97,87.13,0.07,5.66,87.83,-0.26,4.26,2.9,0.0483,FieldSure-Narcotics-v2.1,0.924,NEG_NO_REACTION,VALIDATED_LAB_CONFIRMED,LAB-CONFIRM-80388,LC-MS/MS (Liquid Chromatography-Tandem Mass Spectrometry),Cocaine Hydrochloride,74.36,Caffeine (14.5%),TRUE_POSITIVE,TRAIN_SET
FS-2026-00390,2026-04-09T23:59:00Z,OP-FORENSIC-104,Metropolitan_Task_Force,Crystalline Powder,Duquenois-Levine Reagent (Vanillin/Acetaldehyde),LOT-2026-DUQN-354,564,20.5,FAIL_GEOMETRY,5.242,91.17,2.16,2.33,,,,,,,,,,,,FieldSure-Narcotics-v2.1,0.1,ABSTAIN_FAIL_GEOMETRY,UNVALIDATED_QC_ABSTAIN,LAB-CONFIRM-80389,LC-MS/MS (Liquid Chromatography-Tandem Mass Spectrometry),Inert Cutting Agent (Lactose/Caffeine),0.0,N/A (Inert Sample),ABSTAINED_NO_PREDICTION,TRAIN_SET
FS-2026-00391,2026-04-10T04:52:00Z,OP-FORENSIC-111,Customs_Evidence_Unit,Liquid Solution (Diluted),Duquenois-Levine Reagent (Vanillin/Acetaldehyde),LOT-2026-DUQN-642,564,25.2,PASS,1.457,89.47,-0.38,2.65,88.86,0.17,3.43,89.57,-0.24,2.56,89.3,0.51,2.52,0.915,0.0152,FieldSure-Narcotics-v2.1,0.911,NEG_NO_REACTION,VALIDATED_LAB_CONFIRMED,LAB-CONFIRM-80390,GC-MS (Gas Chromatography-Mass Spectrometry),Methamphetamine HCl,77.69,Dimethylsulfone (18.4%),TRUE_POSITIVE,TRAIN_SET
FS-2026-00392,2026-04-10T06:46:00Z,OP-FORENSIC-104,District_Lab_North,Crystalline Powder,Marquis Reagent (Formaldehyde/Sulfuric Acid),LOT-2026-MARQ-516,2363,19.1,PASS,1.721,89.56,-0.09,1.42,74.87,12.13,16.97,64.83,20.56,31.53,56.01,26.68,37.93,56.349,0.9392,FieldSure-Narcotics-v2.1,0.966,POS_FENTANYL_WEAK,VALIDATED_LAB_CONFIRMED,LAB-CONFIRM-80391,GC-MS (Gas Chromatography-Mass Spectrometry),Fentanyl HCl (Trace / Weak Response),16.45,Phenacetin (11.0%),TRUE_POSITIVE,TRAIN_SET
FS-2026-00393,2026-04-10T07:34:00Z,OP-FORENSIC-124,Metropolitan_Task_Force,Crystalline Powder,Marquis Reagent (Formaldehyde/Sulfuric Acid),LOT-2026-MARQ-905,2363,29.6,PASS,1.484,94.36,1.64,4.92,92.57,2.53,4.59,93.61,2.4,5.47,93.09,3.57,5.31,2.343,0.039,FieldSure-Narcotics-v2.1,0.987,NEG_NO_REACTION,VALIDATED_LAB_CONFIRMED,LAB-CONFIRM-80392,GC-MS (Gas Chromatography-Mass Spectrometry),LSD (Lysergic Acid Diethylamide),16.17,Levamisole (8.2%),TRUE_POSITIVE,TRAIN_SET
FS-2026-00394,2026-04-10T07:53:00Z,OP-FORENSIC-120,State_Forensic_Field_Team,Pressed Tablet (Crushed),Simon's Reagent (Sodium Nitroprusside/Acetaldehyde),LOT-2026-SIMN-852,7589,19.7,FAIL_BLUR,12.577,90.94,2.43,5.89,,,,,,,,,,,,FieldSure-Narcotics-v2.1,0.227,ABSTAIN_FAIL_BLUR,UNVALIDATED_QC_ABSTAIN,LAB-CONFIRM-80393,GC-MS (Gas Chromatography-Mass Spectrometry),Methamphetamine HCl,76.92,Levamisole (8.2%),ABSTAINED_NO_PREDICTION,TRAIN_SET
FS-2026-00395,2026-04-10T14:51:00Z,OP-FORENSIC-107,District_Lab_North,Liquid Solution (Diluted),Mandelin Reagent (Ammonium Vanadate/Sulfuric Acid),LOT-2026-MAND-804,2363,22.4,PASS,0.779,92.22,1.45,5.72,89.95,-0.66,7.4,91.59,0.32,6.68,91.14,0.74,5.59,1.299,0.0216,FieldSure-Narcotics-v2.1,0.895,NEG_NO_REACTION,VALIDATED_LAB_CONFIRMED,LAB-CONFIRM-80394,GC-MS (Gas Chromatography-Mass Spectrometry),Procaine / Benzocaine (Local Anesthetic),0.0,N/A (Inert Sample),TRUE_NEGATIVE,TRAIN_SET
FS-2026-00396,2026-04-10T15:29:00Z,OP-FORENSIC-104,Customs_Evidence_Unit,Crystalline Powder,Simon's Reagent (Sodium Nitroprusside/Acetaldehyde),LOT-2026-SIMN-318,2363,26.9,PASS,0.561,86.86,1.06,4.47,86.99,2.08,3.22,85.87,2.05,2.36,85.7,2.41,4.47,1.78,0.0297,FieldSure-Narcotics-v2.1,0.984,NEG_NO_REACTION,VALIDATED_LAB_CONFIRMED,LAB-CONFIRM-80395,GC-MS (Gas Chromatography-Mass Spectrometry),Heroin Hydrochloride,50.13,Levamisole (8.2%),TRUE_POSITIVE,TRAIN_SET
FS-2026-00397,2026-04-10T16:46:00Z,OP-FORENSIC-100,Customs_Evidence_Unit,Crystalline Powder,Mandelin Reagent (Ammonium Vanadate/Sulfuric Acid),LOT-2026-MAND-353,2363,24.3,PASS,1.794,92.73,0.67,4.11,91.94,-1.0,3.41,91.18,-0.31,3.89,89.7,-0.13,3.83,3.146,0.0524,FieldSure-Narcotics-v2.1,0.944,NEG_NO_REACTION,VALIDATED_LAB_CONFIRMED,LAB-CONFIRM-80396,GC-MS (Gas Chromatography-Mass Spectrometry),Fentanyl HCl (Trace / Weak Response),10.67,None (High Purity Grade),TRUE_POSITIVE,TRAIN_SET
FS-2026-00398,2026-04-10T21:29:00Z,OP-FORENSIC-119,District_Lab_North,Off-White Powder,Marquis Reagent (Formaldehyde/Sulfuric Acid),LOT-2026-MARQ-360,564,26.3,PASS,1.172,88.77,-0.61,3.04,73.11,-10.42,-9.16,61.19,-18.41,-19.23,54.61,-22.58,-25.46,49.617,0.827,FieldSure-Narcotics-v2.1,0.914,POS_FENTANYL_WEAK,VALIDATED_LAB_CONFIRMED,LAB-CONFIRM-80397,GC-MS (Gas Chromatography-Mass Spectrometry),Fentanyl HCl (Trace / Weak Response),17.07,Levamisole (8.2%),TRUE_POSITIVE,TRAIN_SET
FS-2026-00399,2026-04-10T22:25:00Z,OP-FORENSIC-114,Metropolitan_Task_Force,Pressed Tablet (Crushed),Duquenois-Levine Reagent (Vanillin/Acetaldehyde),LOT-2026-DUQN-792,7589,29.1,PASS,0.686,94.85,0.06,5.1,93.08,0.25,5.91,92.92,-0.08,5.66,91.85,0.82,6.56,3.422,0.057,FieldSure-Narcotics-v2.1,0.962,NEG_NO_REACTION,VALIDATED_LAB_CONFIRMED,LAB-CONFIRM-80398,LC-MS/MS (Liquid Chromatography-Tandem Mass Spectrometry),Methamphetamine HCl,80.34,Phenacetin (11.0%),TRUE_POSITIVE,TRAIN_SET
FS-2026-00400,2026-04-11T00:02:00Z,OP-FORENSIC-114,Border_Control_Post_3,Crystalline Powder,Simon's Reagent (Sodium Nitroprusside/Acetaldehyde),LOT-2026-SIMN-843,564,27.5,PASS,1.465,90.02,0.32,4.51,87.27,0.98,2.81,87.31,0.13,3.15,86.47,1.03,3.53,3.751,0.0625,FieldSure-Narcotics-v2.1,0.945,NEG_NO_REACTION,VALIDATED_LAB_CONFIRMED,LAB-CONFIRM-80399,LC-MS/MS (Liquid Chromatography-Tandem Mass Spectrometry),"3,4-MDMA (Ecstasy)",55.91,Phenacetin (11.0%),TRUE_POSITIVE,TRAIN_SET
FS-2026-00401,2026-04-11T00:57:00Z,OP-FORENSIC-111,Border_Control_Post_3,Crystalline Powder,Mecke Reagent (Selenious Acid/Sulfuric Acid),LOT-2026-MECK-482,7589,18.3,PASS,1.367,87.74,0.82,1.63,86.35,1.4,2.31,85.38,-0.45,2.38,84.36,0.11,3.06,3.738,0.0623,FieldSure-Narcotics-v2.1,0.921,NEG_NO_REACTION,VALIDATED_LAB_CONFIRMED,LAB-CONFIRM-80400,GC-MS (Gas Chromatography-Mass Spectrometry),Procaine / Benzocaine (Local Anesthetic),0.0,N/A (Inert Sample),TRUE_NEGATIVE,TRAIN_SET
FS-2026-00402,2026-04-11T01:35:00Z,OP-FORENSIC-122,District_Lab_North,Tar/Sticky Resin,Mecke Reagent (Selenious Acid/Sulfuric Acid),LOT-2026-MECK-677,564,20.8,PASS,0.707,93.94,1.49,5.49,93.05,1.28,7.26,93.57,1.09,6.86,92.82,0.24,8.66,3.587,0.0598,FieldSure-Narcotics-v2.1,0.991,NEG_NO_REACTION,VALIDATED_LAB_CONFIRMED,LAB-CONFIRM-80401,LC-MS/MS (Liquid Chromatography-Tandem Mass Spectrometry),"3,4-MDMA (Ecstasy)",51.05,Dimethylsulfone (18.4%),TRUE_POSITIVE,TRAIN_SET
FS-2026-00403,2026-04-11T03:08:00Z,OP-FORENSIC-119,Customs_Evidence_Unit,Tar/Sticky Resin,Duquenois-Levine Reagent (Vanillin/Acetaldehyde),LOT-2026-DUQN-882,7589,20.8,FAIL_BLUR,5.159,94.23,-0.94,4.28,,,,,,,,,,,,FieldSure-Narcotics-v2.1,0.16,ABSTAIN_FAIL_BLUR,UNVALIDATED_QC_ABSTAIN,LAB-CONFIRM-80402,GC-MS (Gas Chromatography-Mass Spectrometry),Procaine / Benzocaine (Local Anesthetic),0.0,N/A (Inert Sample),ABSTAINED_NO_PREDICTION,TRAIN_SET
FS-2026-00404,2026-04-11T03:37:00Z,OP-FORENSIC-103,Customs_Evidence_Unit,Crystalline Powder,Mandelin Reagent (Ammonium Vanadate/Sulfuric Acid),LOT-2026-MAND-699,2363,24.0,PASS,1.006,87.28,1.44,1.11,88.08,0.99,0.22,86.63,0.8,1.75,85.2,-0.78,1.48,3.065,0.0511,FieldSure-Narcotics-v2.1,0.951,NEG_NO_REACTION,VALIDATED_LAB_CONFIRMED,LAB-CONFIRM-80403,GC-MS (Gas Chromatography-Mass Spectrometry),Methamphetamine HCl,81.21,Levamisole (8.2%),TRUE_POSITIVE,TRAIN_SET
FS-2026-00405,2026-04-11T03:53:00Z,OP-FORENSIC-104,Metropolitan_Task_Force,Off-White Powder,Scott Reagent (Cobalt Thiocyanate Phase),LOT-2026-SCOT-463,564,20.7,FAIL_BLUR,10.157,91.74,0.11,2.35,,,,,,,,,,,,FieldSure-Narcotics-v2.1,0.104,ABSTAIN_FAIL_BLUR,UNVALIDATED_QC_ABSTAIN,LAB-CONFIRM-80404,LC-MS/MS (Liquid Chromatography-Tandem Mass Spectrometry),Delta-9-THC,30.89,Caffeine (14.5%),ABSTAINED_NO_PREDICTION,TRAIN_SET
FS-2026-00406,2026-04-11T04:30:00Z,OP-FORENSIC-118,State_Forensic_Field_Team,Pressed Tablet (Crushed),Simon's Reagent (Sodium Nitroprusside/Acetaldehyde),LOT-2026-SIMN-853,564,22.9,PASS,0.887,89.12,-0.97,5.73,88.94,-1.15,7.5,89.89,-0.37,7.06,89.22,-0.49,7.32,1.664,0.0277,FieldSure-Narcotics-v2.1,0.929,NEG_NO_REACTION,VALIDATED_LAB_CONFIRMED,LAB-CONFIRM-80405,LC-MS/MS (Liquid Chromatography-Tandem Mass Spectrometry),Heroin Hydrochloride,82.91,Phenacetin (11.0%),TRUE_POSITIVE,TRAIN_SET
FS-2026-00407,2026-04-11T04:32:00Z,OP-FORENSIC-122,District_Lab_North,Liquid Solution (Diluted),Simon's Reagent (Sodium Nitroprusside/Acetaldehyde),LOT-2026-SIMN-288,564,23.4,PASS,1.16,89.56,1.99,5.82,88.89,3.8,6.83,88.76,3.34,5.96,89.02,2.35,6.2,0.752,0.0125,FieldSure-Narcotics-v2.1,0.938,NEG_NO_REACTION,VALIDATED_LAB_CONFIRMED,LAB-CONFIRM-80406,GC-MS (Gas Chromatography-Mass Spectrometry),Cocaine Hydrochloride,86.86,None (High Purity Grade),TRUE_POSITIVE,TRAIN_SET
FS-2026-00408,2026-04-11T10:46:00Z,OP-FORENSIC-101,Customs_Evidence_Unit,Liquid Solution (Diluted),Marquis Reagent (Formaldehyde/Sulfuric Acid),LOT-2026-MARQ-233,2363,30.1,PASS,0.742,93.34,0.62,3.94,91.71,0.42,3.55,90.75,-0.74,3.75,92.12,-0.26,4.08,1.511,0.0252,FieldSure-Narcotics-v2.1,0.976,NEG_NO_REACTION,VALIDATED_LAB_CONFIRMED,LAB-CONFIRM-80407,LC-MS/MS (Liquid Chromatography-Tandem Mass Spectrometry),Delta-9-THC,35.18,Levamisole (8.2%),TRUE_POSITIVE,TRAIN_SET
FS-2026-00409,2026-04-11T11:31:00Z,OP-FORENSIC-102,Metropolitan_Task_Force,Pressed Tablet (Crushed),Simon's Reagent (Sodium Nitroprusside/Acetaldehyde),LOT-2026-SIMN-874,7589,23.0,PASS,0.849,89.94,1.35,4.7,88.63,0.75,4.82,87.46,1.68,5.6,87.28,2.61,6.32,3.36,0.056,FieldSure-Narcotics-v2.1,0.972,NEG_NO_REACTION,VALIDATED_LAB_CONFIRMED,LAB-CONFIRM-80408,GC-MS (Gas Chromatography-Mass Spectrometry),Fentanyl HCl (Trace / Weak Response),15.17,None (High Purity Grade),TRUE_POSITIVE,TRAIN_SET
FS-2026-00410,2026-04-11T13:24:00Z,OP-FORENSIC-118,State_Forensic_Field_Team,Pressed Tablet (Crushed),Simon's Reagent (Sodium Nitroprusside/Acetaldehyde),LOT-2026-SIMN-878,564,21.5,PASS,0.957,89.22,0.82,5.54,87.05,-0.51,7.25,86.64,1.92,6.42,85.3,0.47,7.35,4.332,0.0722,FieldSure-Narcotics-v2.1,0.966,NEG_NO_REACTION,VALIDATED_LAB_CONFIRMED,LAB-CONFIRM-80409,FTIR (Fourier Transform Infrared Spectroscopy),"3,4-MDMA (Ecstasy)",53.78,Caffeine (14.5%),TRUE_POSITIVE,TRAIN_SET
FS-2026-00411,2026-04-11T15:00:00Z,OP-FORENSIC-104,District_Lab_North,Crystalline Powder,Simon's Reagent (Sodium Nitroprusside/Acetaldehyde),LOT-2026-SIMN-906,564,22.8,PASS,1.675,92.33,0.94,2.99,91.5,1.28,3.3,89.45,-0.05,3.34,88.37,0.64,4.08,4.118,0.0686,FieldSure-Narcotics-v2.1,0.966,NEG_NO_REACTION,VALIDATED_LAB_CONFIRMED,LAB-CONFIRM-80410,FTIR (Fourier Transform Infrared Spectroscopy),Heroin Hydrochloride,52.31,None (High Purity Grade),TRUE_POSITIVE,TRAIN_SET
FS-2026-00412,2026-04-11T16:12:00Z,OP-FORENSIC-108,Border_Control_Post_3,Pressed Tablet (Crushed),Simon's Reagent (Sodium Nitroprusside/Acetaldehyde),LOT-2026-SIMN-258,7589,21.9,PASS,1.318,90.98,0.47,2.91,89.3,1.06,3.88,89.98,-0.16,4.82,89.64,1.35,5.36,2.928,0.0488,FieldSure-Narcotics-v2.1,0.916,NEG_NO_REACTION,VALIDATED_LAB_CONFIRMED,LAB-CONFIRM-80411,LC-MS/MS (Liquid Chromatography-Tandem Mass Spectrometry),LSD (Lysergic Acid Diethylamide),49.44,Dimethylsulfone (18.4%),TRUE_POSITIVE,TRAIN_SET
FS-2026-00413,2026-04-12T00:32:00Z,OP-FORENSIC-105,Border_Control_Post_3,Crystalline Powder,Duquenois-Levine Reagent (Vanillin/Acetaldehyde),LOT-2026-DUQN-263,2363,20.1,FAIL_EXPOSURE,5.364,90.94,-1.33,2.66,,,,,,,,,,,,FieldSure-Narcotics-v2.1,0.023,ABSTAIN_FAIL_EXPOSURE,UNVALIDATED_QC_ABSTAIN,LAB-CONFIRM-80412,LC-MS/MS (Liquid Chromatography-Tandem Mass Spectrometry),Cocaine Hydrochloride,72.38,None (High Purity Grade),ABSTAINED_NO_PREDICTION,TRAIN_SET
FS-2026-00414,2026-04-12T03:13:00Z,OP-FORENSIC-119,District_Lab_North,Crystalline Powder,Mandelin Reagent (Ammonium Vanadate/Sulfuric Acid),LOT-2026-MAND-250,564,28.9,FAIL_GLARE,7.781,95.07,0.16,1.17,,,,,,,,,,,,FieldSure-Narcotics-v2.1,0.211,ABSTAIN_FAIL_GLARE,UNVALIDATED_QC_ABSTAIN,LAB-CONFIRM-80413,LC-MS/MS (Liquid Chromatography-Tandem Mass Spectrometry),Fentanyl HCl (Trace / Weak Response),8.74,Caffeine (14.5%),ABSTAINED_NO_PREDICTION,TRAIN_SET
FS-2026-00415,2026-04-12T10:47:00Z,OP-FORENSIC-115,Metropolitan_Task_Force,Off-White Powder,Ehrlich Reagent (p-DMAB/HCl),LOT-2026-EHRL-347,2363,25.1,PASS,0.917,86.39,-1.2,4.96,84.92,-3.53,5.01,85.94,-2.42,7.44,85.03,-1.83,7.17,2.67,0.0445,FieldSure-Narcotics-v2.1,0.9,NEG_NO_REACTION,VALIDATED_LAB_CONFIRMED,LAB-CONFIRM-80414,GC-MS (Gas Chromatography-Mass Spectrometry),Inert Cutting Agent (Lactose/Caffeine),0.0,N/A (Inert Sample),TRUE_NEGATIVE,TRAIN_SET
FS-2026-00416,2026-04-12T12:29:00Z,OP-FORENSIC-123,District_Lab_North,Off-White Powder,Duquenois-Levine Reagent (Vanillin/Acetaldehyde),LOT-2026-DUQN-538,2363,19.2,FAIL_EXPOSURE,5.691,95.19,0.36,2.39,,,,,,,,,,,,FieldSure-Narcotics-v2.1,0.109,ABSTAIN_FAIL_EXPOSURE,UNVALIDATED_QC_ABSTAIN,LAB-CONFIRM-80415,GC-MS (Gas Chromatography-Mass Spectrometry),Procaine / Benzocaine (Local Anesthetic),0.0,N/A (Inert Sample),ABSTAINED_NO_PREDICTION,TRAIN_SET
FS-2026-00417,2026-04-12T18:02:00Z,OP-FORENSIC-103,State_Forensic_Field_Team,Liquid Solution (Diluted),Mandelin Reagent (Ammonium Vanadate/Sulfuric Acid),LOT-2026-MAND-813,7589,23.3,PASS,1.818,91.5,-1.35,5.42,90.41,-2.06,3.34,91.11,-1.69,6.11,91.87,-2.22,4.74,1.165,0.0194,FieldSure-Narcotics-v2.1,0.991,NEG_NO_REACTION,VALIDATED_LAB_CONFIRMED,LAB-CONFIRM-80416,GC-MS (Gas Chromatography-Mass Spectrometry),"3,4-MDMA (Ecstasy)",86.2,Caffeine (14.5%),TRUE_POSITIVE,TRAIN_SET
FS-2026-00418,2026-04-12T18:56:00Z,OP-FORENSIC-118,District_Lab_North,Pressed Tablet (Crushed),Duquenois-Levine Reagent (Vanillin/Acetaldehyde),LOT-2026-DUQN-510,564,18.4,PASS,1.702,90.4,-0.49,3.06,90.45,1.33,2.63,88.9,-0.19,2.52,88.64,0.85,3.12,2.213,0.0369,FieldSure-Narcotics-v2.1,0.94,NEG_NO_REACTION,VALIDATED_LAB_CONFIRMED,LAB-CONFIRM-80417,GC-MS (Gas Chromatography-Mass Spectrometry),Fentanyl HCl (Trace / Weak Response),7.37,Levamisole (8.2%),TRUE_POSITIVE,TRAIN_SET
FS-2026-00419,2026-04-12T19:01:00Z,OP-FORENSIC-118,Border_Control_Post_3,Crystalline Powder,Marquis Reagent (Formaldehyde/Sulfuric Acid),LOT-2026-MARQ-820,564,28.3,PASS,1.49,94.55,-0.44,4.82,93.98,-2.03,5.27,93.68,-0.08,4.55,93.74,-0.3,5.87,1.333,0.0222,FieldSure-Narcotics-v2.1,0.952,NEG_NO_REACTION,VALIDATED_LAB_CONFIRMED,LAB-CONFIRM-80418,GC-MS (Gas Chromatography-Mass Spectrometry),LSD (Lysergic Acid Diethylamide),56.15,Dimethylsulfone (18.4%),TRUE_POSITIVE,TRAIN_SET
FS-2026-00420,2026-04-12T22:29:00Z,OP-FORENSIC-104,Customs_Evidence_Unit,Crystalline Powder,Mecke Reagent (Selenious Acid/Sulfuric Acid),LOT-2026-MECK-497,564,24.5,PASS,0.408,95.54,2.39,3.77,94.46,1.8,5.02,93.54,1.38,3.98,93.4,3.18,4.53,2.404,0.0401,FieldSure-Narcotics-v2.1,0.925,NEG_NO_REACTION,VALIDATED_LAB_CONFIRMED,LAB-CONFIRM-80419,LC-MS/MS (Liquid Chromatography-Tandem Mass Spectrometry),LSD (Lysergic Acid Diethylamide),40.72,Levamisole (8.2%),TRUE_POSITIVE,TRAIN_SET
FS-2026-00421,2026-04-12T22:37:00Z,OP-FORENSIC-112,State_Forensic_Field_Team,Crystalline Powder,Marquis Reagent (Formaldehyde/Sulfuric Acid),LOT-2026-MARQ-407,2363,24.2,PASS,0.594,92.9,0.2,4.41,92.32,0.57,5.38,91.9,-0.06,6.5,91.57,-0.39,7.31,3.245,0.0541,FieldSure-Narcotics-v2.1,0.969,NEG_NO_REACTION,VALIDATED_LAB_CONFIRMED,LAB-CONFIRM-80420,GC-MS (Gas Chromatography-Mass Spectrometry),Inert Cutting Agent (Lactose/Caffeine),0.0,N/A (Inert Sample),TRUE_NEGATIVE,TRAIN_SET
FS-2026-00422,2026-04-12T23:25:00Z,OP-FORENSIC-121,Border_Control_Post_3,Off-White Powder,Mandelin Reagent (Ammonium Vanadate/Sulfuric Acid),LOT-2026-MAND-576,7589,25.6,PASS,1.732,91.32,0.49,4.31,89.45,-0.05,5.99,89.68,-0.55,5.95,88.78,-1.58,6.69,4.05,0.0675,FieldSure-Narcotics-v2.1,0.927,NEG_NO_REACTION,VALIDATED_LAB_CONFIRMED,LAB-CONFIRM-80421,GC-MS (Gas Chromatography-Mass Spectrometry),Inert Cutting Agent (Lactose/Caffeine),0.0,N/A (Inert Sample),TRUE_NEGATIVE,TRAIN_SET
FS-2026-00423,2026-04-13T04:36:00Z,OP-FORENSIC-115,District_Lab_North,Crystalline Powder,Duquenois-Levine Reagent (Vanillin/Acetaldehyde),LOT-2026-DUQN-273,564,26.6,PASS,0.608,92.9,1.4,1.42,92.51,0.45,1.64,93.21,1.38,3.03,93.33,0.87,5.02,3.664,0.0611,FieldSure-Narcotics-v2.1,0.894,NEG_NO_REACTION,VALIDATED_LAB_CONFIRMED,LAB-CONFIRM-80422,GC-MS (Gas Chromatography-Mass Spectrometry),Procaine / Benzocaine (Local Anesthetic),0.0,N/A (Inert Sample),TRUE_NEGATIVE,TRAIN_SET
FS-2026-00424,2026-04-13T10:31:00Z,OP-FORENSIC-103,Metropolitan_Task_Force,Pressed Tablet (Crushed),Scott Reagent (Cobalt Thiocyanate Phase),LOT-2026-SCOT-852,564,21.3,FAIL_BLUR,6.179,91.44,1.56,2.36,,,,,,,,,,,,FieldSure-Narcotics-v2.1,0.184,ABSTAIN_FAIL_BLUR,UNVALIDATED_QC_ABSTAIN,LAB-CONFIRM-80423,GC-MS (Gas Chromatography-Mass Spectrometry),Fentanyl HCl (Trace / Weak Response),15.18,Levamisole (8.2%),ABSTAINED_NO_PREDICTION,TRAIN_SET
FS-2026-00425,2026-04-13T11:00:00Z,OP-FORENSIC-113,Border_Control_Post_3,Off-White Powder,Ehrlich Reagent (p-DMAB/HCl),LOT-2026-EHRL-498,564,20.6,PASS,1.177,94.38,0.81,5.12,92.34,0.55,7.6,92.36,0.8,7.54,93.1,1.15,7.67,2.873,0.0479,FieldSure-Narcotics-v2.1,0.987,NEG_NO_REACTION,VALIDATED_LAB_CONFIRMED,LAB-CONFIRM-80424,GC-MS (Gas Chromatography-Mass Spectrometry),Delta-9-THC,38.72,Caffeine (14.5%),TRUE_POSITIVE,TRAIN_SET
FS-2026-00426,2026-04-13T12:29:00Z,OP-FORENSIC-114,District_Lab_North,Off-White Powder,Scott Reagent (Cobalt Thiocyanate Phase),LOT-2026-SCOT-709,2363,20.3,PASS,0.944,90.19,-0.98,4.69,88.25,-1.96,4.47,87.33,-1.34,5.24,87.62,-1.65,3.84,2.789,0.0465,FieldSure-Narcotics-v2.1,0.984,NEG_NO_REACTION,VALIDATED_LAB_CONFIRMED,LAB-CONFIRM-80425,LC-MS/MS (Liquid Chromatography-Tandem Mass Spectrometry),"3,4-MDMA (Ecstasy)",79.27,Lactose / Starch,TRUE_POSITIVE,TRAIN_SET
FS-2026-00427,2026-04-13T13:08:00Z,OP-FORENSIC-122,Metropolitan_Task_Force,Off-White Powder,Mecke Reagent (Selenious Acid/Sulfuric Acid),LOT-2026-MECK-836,564,17.3,PASS,1.242,92.11,0.33,3.68,91.03,-0.13,0.97,90.01,-1.13,3.3,90.34,-0.47,2.7,2.176,0.0363,FieldSure-Narcotics-v2.1,0.924,NEG_NO_REACTION,VALIDATED_LAB_CONFIRMED,LAB-CONFIRM-80426,GC-MS (Gas Chromatography-Mass Spectrometry),"3,4-MDMA (Ecstasy)",78.34,Phenacetin (11.0%),TRUE_POSITIVE,TRAIN_SET
FS-2026-00428,2026-04-13T14:13:00Z,OP-FORENSIC-121,Customs_Evidence_Unit,Tar/Sticky Resin,Mecke Reagent (Selenious Acid/Sulfuric Acid),LOT-2026-MECK-918,2363,25.4,PASS,0.763,93.71,0.88,2.27,94.27,0.98,3.17,93.44,2.48,1.84,94.5,2.67,2.17,1.959,0.0326,FieldSure-Narcotics-v2.1,0.94,NEG_NO_REACTION,VALIDATED_LAB_CONFIRMED,LAB-CONFIRM-80427,LC-MS/MS (Liquid Chromatography-Tandem Mass Spectrometry),Fentanyl HCl (Trace / Weak Response),10.11,Lactose / Starch,TRUE_POSITIVE,TRAIN_SET
FS-2026-00429,2026-04-13T22:50:00Z,OP-FORENSIC-104,Border_Control_Post_3,Crystalline Powder,Duquenois-Levine Reagent (Vanillin/Acetaldehyde),LOT-2026-DUQN-594,2363,21.3,PASS,1.79,86.35,0.12,4.42,84.9,-0.75,5.04,84.78,-1.07,6.94,83.98,-2.11,6.22,3.719,0.062,FieldSure-Narcotics-v2.1,0.985,NEG_NO_REACTION,VALIDATED_LAB_CONFIRMED,LAB-CONFIRM-80428,GC-MS (Gas Chromatography-Mass Spectrometry),Cocaine Hydrochloride,88.23,Caffeine (14.5%),TRUE_POSITIVE,TRAIN_SET
FS-2026-00430,2026-04-13T23:14:00Z,OP-FORENSIC-121,Customs_Evidence_Unit,Pressed Tablet (Crushed),Mecke Reagent (Selenious Acid/Sulfuric Acid),LOT-2026-MECK-961,2363,26.0,FAIL_EXPOSURE,8.667,91.04,1.7,3.28,,,,,,,,,,,,FieldSure-Narcotics-v2.1,0.125,ABSTAIN_FAIL_EXPOSURE,UNVALIDATED_QC_ABSTAIN,LAB-CONFIRM-80429,GC-MS (Gas Chromatography-Mass Spectrometry),Methamphetamine HCl,68.72,Lactose / Starch,ABSTAINED_NO_PREDICTION,TRAIN_SET
FS-2026-00431,2026-04-14T04:47:00Z,OP-FORENSIC-111,Border_Control_Post_3,Pressed Tablet (Crushed),Mandelin Reagent (Ammonium Vanadate/Sulfuric Acid),LOT-2026-MAND-246,2363,20.9,PASS,1.738,92.25,-0.23,3.37,90.9,-1.02,1.37,91.55,-1.61,2.56,93.17,-1.66,3.67,1.727,0.0288,FieldSure-Narcotics-v2.1,0.958,NEG_NO_REACTION,VALIDATED_LAB_CONFIRMED,LAB-CONFIRM-80430,LC-MS/MS (Liquid Chromatography-Tandem Mass Spectrometry),"3,4-MDMA (Ecstasy)",50.64,Caffeine (14.5%),TRUE_POSITIVE,TRAIN_SET
FS-2026-00432,2026-04-14T06:16:00Z,OP-FORENSIC-103,District_Lab_North,Pressed Tablet (Crushed),Marquis Reagent (Formaldehyde/Sulfuric Acid),LOT-2026-MARQ-137,2363,23.3,PASS,0.449,86.34,2.17,1.96,62.03,-0.27,-7.96,43.9,-2.25,-16.96,34.52,-3.92,-21.52,57.216,0.9536,FieldSure-Narcotics-v2.1,0.974,POS_OPIATE_HEROIN,VALIDATED_LAB_CONFIRMED,LAB-CONFIRM-80431,GC-MS (Gas Chromatography-Mass Spectrometry),Heroin Hydrochloride,43.12,Dimethylsulfone (18.4%),TRUE_POSITIVE,TRAIN_SET
FS-2026-00433,2026-04-14T06:34:00Z,OP-FORENSIC-105,District_Lab_North,Crystalline Powder,Simon's Reagent (Sodium Nitroprusside/Acetaldehyde),LOT-2026-SIMN-520,2363,26.8,PASS,0.584,88.18,2.39,2.0,86.4,2.46,3.84,85.62,2.05,4.64,85.94,1.24,5.45,4.271,0.0712,FieldSure-Narcotics-v2.1,0.967,NEG_NO_REACTION,VALIDATED_LAB_CONFIRMED,LAB-CONFIRM-80432,GC-MS (Gas Chromatography-Mass Spectrometry),"3,4-MDMA (Ecstasy)",78.57,Dimethylsulfone (18.4%),TRUE_POSITIVE,TRAIN_SET
FS-2026-00434,2026-04-14T06:46:00Z,OP-FORENSIC-104,Border_Control_Post_3,Off-White Powder,Ehrlich Reagent (p-DMAB/HCl),LOT-2026-EHRL-948,564,20.7,PASS,1.595,89.68,-1.35,2.55,88.01,-1.58,3.51,88.25,-1.11,4.07,87.33,-1.18,4.12,2.831,0.0472,FieldSure-Narcotics-v2.1,0.93,NEG_NO_REACTION,VALIDATED_LAB_CONFIRMED,LAB-CONFIRM-80433,GC-MS (Gas Chromatography-Mass Spectrometry),Delta-9-THC,40.52,Lactose / Starch,TRUE_POSITIVE,TRAIN_SET
FS-2026-00435,2026-04-14T08:11:00Z,OP-FORENSIC-100,Customs_Evidence_Unit,Crystalline Powder,Scott Reagent (Cobalt Thiocyanate Phase),LOT-2026-SCOT-515,2363,22.2,PASS,0.462,87.34,2.07,1.44,87.33,0.98,1.8,88.16,0.5,0.49,87.86,0.77,1.44,1.4,0.0233,FieldSure-Narcotics-v2.1,0.898,NEG_NO_REACTION,VALIDATED_LAB_CONFIRMED,LAB-CONFIRM-80434,LC-MS/MS (Liquid Chromatography-Tandem Mass Spectrometry),Fentanyl HCl (Trace / Weak Response),11.08,None (High Purity Grade),TRUE_POSITIVE,TRAIN_SET
FS-2026-00436,2026-04-14T09:25:00Z,OP-FORENSIC-109,Border_Control_Post_3,Crystalline Powder,Scott Reagent (Cobalt Thiocyanate Phase),LOT-2026-SCOT-690,2363,30.2,PASS,0.666,92.75,-0.92,5.0,91.62,-1.63,5.55,89.66,-1.79,5.75,88.91,-2.37,4.71,4.115,0.0686,FieldSure-Narcotics-v2.1,0.947,NEG_NO_REACTION,VALIDATED_LAB_CONFIRMED,LAB-CONFIRM-80435,GC-MS (Gas Chromatography-Mass Spectrometry),Fentanyl HCl (Trace / Weak Response),9.8,Phenacetin (11.0%),TRUE_POSITIVE,TRAIN_SET
FS-2026-00437,2026-04-14T10:18:00Z,OP-FORENSIC-103,Border_Control_Post_3,Plant Matter Extract,Mecke Reagent (Selenious Acid/Sulfuric Acid),LOT-2026-MECK-491,564,25.9,PASS,0.712,95.76,0.37,4.79,94.38,1.13,3.6,94.03,0.72,4.69,93.44,1.16,5.24,2.492,0.0415,FieldSure-Narcotics-v2.1,0.979,NEG_NO_REACTION,VALIDATED_LAB_CONFIRMED,LAB-CONFIRM-80436,GC-MS (Gas Chromatography-Mass Spectrometry),Inert Cutting Agent (Lactose/Caffeine),0.0,N/A (Inert Sample),TRUE_NEGATIVE,TRAIN_SET
FS-2026-00438,2026-04-14T14:46:00Z,OP-FORENSIC-107,State_Forensic_Field_Team,Pressed Tablet (Crushed),Duquenois-Levine Reagent (Vanillin/Acetaldehyde),LOT-2026-DUQN-474,7589,22.7,PASS,1.653,91.72,-1.08,5.63,92.87,-2.02,6.2,91.76,-1.67,7.92,91.69,-1.58,8.62,3.032,0.0505,FieldSure-Narcotics-v2.1,0.894,NEG_NO_REACTION,VALIDATED_LAB_CONFIRMED,LAB-CONFIRM-80437,LC-MS/MS (Liquid Chromatography-Tandem Mass Spectrometry),Inert Cutting Agent (Lactose/Caffeine),0.0,N/A (Inert Sample),TRUE_NEGATIVE,TRAIN_SET
FS-2026-00439,2026-04-14T17:14:00Z,OP-FORENSIC-119,State_Forensic_Field_Team,Crystalline Powder,Simon's Reagent (Sodium Nitroprusside/Acetaldehyde),LOT-2026-SIMN-364,564,20.1,PASS,1.849,89.09,1.65,4.36,86.12,-0.09,4.68,86.88,1.47,5.61,86.65,0.47,5.55,2.96,0.0493,FieldSure-Narcotics-v2.1,0.917,NEG_NO_REACTION,VALIDATED_LAB_CONFIRMED,LAB-CONFIRM-80438,LC-MS/MS (Liquid Chromatography-Tandem Mass Spectrometry),Fentanyl HCl (Trace / Weak Response),9.88,Lactose / Starch,TRUE_POSITIVE,TRAIN_SET
FS-2026-00440,2026-04-14T17:47:00Z,OP-FORENSIC-119,Border_Control_Post_3,Off-White Powder,Simon's Reagent (Sodium Nitroprusside/Acetaldehyde),LOT-2026-SIMN-158,564,28.6,PASS,1.171,86.25,1.93,3.29,85.29,2.56,4.05,84.75,2.78,3.39,83.72,3.05,4.41,2.985,0.0497,FieldSure-Narcotics-v2.1,0.897,NEG_NO_REACTION,VALIDATED_LAB_CONFIRMED,LAB-CONFIRM-80439,LC-MS/MS (Liquid Chromatography-Tandem Mass Spectrometry),LSD (Lysergic Acid Diethylamide),59.83,Phenacetin (11.0%),TRUE_POSITIVE,TRAIN_SET
FS-2026-00441,2026-04-14T19:03:00Z,OP-FORENSIC-112,Customs_Evidence_Unit,Tar/Sticky Resin,Mecke Reagent (Selenious Acid/Sulfuric Acid),LOT-2026-MECK-517,2363,33.0,PASS,1.228,89.15,1.7,2.86,87.65,1.64,3.35,87.51,2.62,3.16,85.64,1.9,3.45,3.565,0.0594,FieldSure-Narcotics-v2.1,0.955,NEG_NO_REACTION,VALIDATED_LAB_CONFIRMED,LAB-CONFIRM-80440,GC-MS (Gas Chromatography-Mass Spectrometry),Delta-9-THC,52.4,Dimethylsulfone (18.4%),TRUE_POSITIVE,TRAIN_SET
FS-2026-00442,2026-04-14T20:55:00Z,OP-FORENSIC-123,Metropolitan_Task_Force,Pressed Tablet (Crushed),Mecke Reagent (Selenious Acid/Sulfuric Acid),LOT-2026-MECK-364,2363,21.3,PASS,0.779,87.19,1.13,3.24,88.09,0.23,2.6,86.74,-0.07,5.12,86.82,0.21,4.81,1.857,0.031,FieldSure-Narcotics-v2.1,0.985,NEG_NO_REACTION,VALIDATED_LAB_CONFIRMED,LAB-CONFIRM-80441,LC-MS/MS (Liquid Chromatography-Tandem Mass Spectrometry),Delta-9-THC,59.74,Caffeine (14.5%),TRUE_POSITIVE,TRAIN_SET
FS-2026-00443,2026-04-14T23:21:00Z,OP-FORENSIC-111,Customs_Evidence_Unit,Tar/Sticky Resin,Simon's Reagent (Sodium Nitroprusside/Acetaldehyde),LOT-2026-SIMN-109,2363,14.3,PASS,1.112,88.29,0.48,1.03,87.23,-0.73,0.83,85.16,0.05,1.4,84.42,-0.64,1.92,4.126,0.0688,FieldSure-Narcotics-v2.1,0.925,NEG_NO_REACTION,VALIDATED_LAB_CONFIRMED,LAB-CONFIRM-80442,GC-MS (Gas Chromatography-Mass Spectrometry),LSD (Lysergic Acid Diethylamide),50.81,Phenacetin (11.0%),TRUE_POSITIVE,TRAIN_SET
FS-2026-00444,2026-04-15T01:12:00Z,OP-FORENSIC-115,Metropolitan_Task_Force,Crystalline Powder,Duquenois-Levine Reagent (Vanillin/Acetaldehyde),LOT-2026-DUQN-328,2363,22.9,PASS,1.579,90.31,0.6,5.1,88.43,0.24,5.83,86.65,0.55,6.77,86.4,0.49,7.15,4.416,0.0736,FieldSure-Narcotics-v2.1,0.928,NEG_NO_REACTION,VALIDATED_LAB_CONFIRMED,LAB-CONFIRM-80443,LC-MS/MS (Liquid Chromatography-Tandem Mass Spectrometry),Cocaine Hydrochloride,74.74,None (High Purity Grade),TRUE_POSITIVE,TRAIN_SET
FS-2026-00445,2026-04-15T01:25:00Z,OP-FORENSIC-110,District_Lab_North,Crystalline Powder,Duquenois-Levine Reagent (Vanillin/Acetaldehyde),LOT-2026-DUQN-505,564,22.5,PASS,0.915,92.69,0.01,5.78,91.22,-0.03,7.52,89.39,-0.43,6.12,88.64,-0.05,7.7,4.482,0.0747,FieldSure-Narcotics-v2.1,0.982,NEG_NO_REACTION,VALIDATED_LAB_CONFIRMED,LAB-CONFIRM-80444,GC-MS (Gas Chromatography-Mass Spectrometry),"3,4-MDMA (Ecstasy)",66.68,Lactose / Starch,TRUE_POSITIVE,TRAIN_SET
FS-2026-00446,2026-04-15T04:05:00Z,OP-FORENSIC-115,Border_Control_Post_3,Pressed Tablet (Crushed),Mecke Reagent (Selenious Acid/Sulfuric Acid),LOT-2026-MECK-896,2363,22.2,PASS,0.791,87.01,1.73,3.01,86.27,1.0,3.92,86.61,1.03,2.76,86.4,0.46,2.79,1.426,0.0238,FieldSure-Narcotics-v2.1,0.988,NEG_NO_REACTION,VALIDATED_LAB_CONFIRMED,LAB-CONFIRM-80445,GC-MS (Gas Chromatography-Mass Spectrometry),Cocaine Hydrochloride,78.63,Phenacetin (11.0%),TRUE_POSITIVE,TRAIN_SET
FS-2026-00447,2026-04-15T06:46:00Z,OP-FORENSIC-105,Border_Control_Post_3,Crystalline Powder,Duquenois-Levine Reagent (Vanillin/Acetaldehyde),LOT-2026-DUQN-406,7589,18.5,FAIL_GEOMETRY,9.454,95.35,-1.11,1.75,,,,,,,,,,,,FieldSure-Narcotics-v2.1,0.243,ABSTAIN_FAIL_GEOMETRY,UNVALIDATED_QC_ABSTAIN,LAB-CONFIRM-80446,GC-MS (Gas Chromatography-Mass Spectrometry),Procaine / Benzocaine (Local Anesthetic),0.0,N/A (Inert Sample),ABSTAINED_NO_PREDICTION,TRAIN_SET
FS-2026-00448,2026-04-15T07:42:00Z,OP-FORENSIC-117,Metropolitan_Task_Force,Pressed Tablet (Crushed),Duquenois-Levine Reagent (Vanillin/Acetaldehyde),LOT-2026-DUQN-213,2363,25.5,PASS,0.56,95.17,1.01,2.11,95.29,1.41,1.26,94.14,3.36,1.12,95.1,2.74,1.74,1.771,0.0295,FieldSure-Narcotics-v2.1,0.956,NEG_NO_REACTION,VALIDATED_LAB_CONFIRMED,LAB-CONFIRM-80447,GC-MS (Gas Chromatography-Mass Spectrometry),Heroin Hydrochloride,59.83,Lactose / Starch,TRUE_POSITIVE,TRAIN_SET
FS-2026-00449,2026-04-15T15:44:00Z,OP-FORENSIC-120,District_Lab_North,Liquid Solution (Diluted),Duquenois-Levine Reagent (Vanillin/Acetaldehyde),LOT-2026-DUQN-463,2363,18.7,FAIL_GLARE,10.659,88.81,1.15,2.8,,,,,,,,,,,,FieldSure-Narcotics-v2.1,0.257,ABSTAIN_FAIL_GLARE,UNVALIDATED_QC_ABSTAIN,LAB-CONFIRM-80448,GC-MS (Gas Chromatography-Mass Spectrometry),Procaine / Benzocaine (Local Anesthetic),0.0,N/A (Inert Sample),ABSTAINED_NO_PREDICTION,TRAIN_SET
FS-2026-00450,2026-04-15T21:41:00Z,OP-FORENSIC-116,Border_Control_Post_3,Off-White Powder,Mandelin Reagent (Ammonium Vanadate/Sulfuric Acid),LOT-2026-MAND-134,564,24.5,PASS,1.619,92.41,0.8,5.92,91.2,3.39,6.01,89.38,1.87,6.32,88.86,2.39,6.93,4.019,0.067,FieldSure-Narcotics-v2.1,0.946,NEG_NO_REACTION,VALIDATED_LAB_CONFIRMED,LAB-CONFIRM-80449,GC-MS (Gas Chromatography-Mass Spectrometry),Delta-9-THC,36.41,Dimethylsulfone (18.4%),TRUE_POSITIVE,TRAIN_SET
FS-2026-00451,2026-04-15T23:42:00Z,OP-FORENSIC-111,Border_Control_Post_3,Crystalline Powder,Marquis Reagent (Formaldehyde/Sulfuric Acid),LOT-2026-MARQ-395,2363,22.9,PASS,1.028,88.01,-1.29,1.09,74.67,15.75,9.81,63.84,25.04,17.92,57.3,32.95,22.56,50.759,0.846,FieldSure-Narcotics-v2.1,0.978,POS_MDMA,VALIDATED_LAB_CONFIRMED,LAB-CONFIRM-80450,GC-MS (Gas Chromatography-Mass Spectrometry),"3,4-MDMA (Ecstasy)",78.06,Dimethylsulfone (18.4%),TRUE_POSITIVE,TRAIN_SET
FS-2026-00452,2026-04-16T00:24:00Z,OP-FORENSIC-121,Customs_Evidence_Unit,Crystalline Powder,Scott Reagent (Cobalt Thiocyanate Phase),LOT-2026-SCOT-773,564,19.4,PASS,1.401,94.81,-1.18,3.56,92.62,-0.01,4.94,92.69,-0.82,6.59,91.15,-0.68,5.43,4.14,0.069,FieldSure-Narcotics-v2.1,0.952,NEG_NO_REACTION,VALIDATED_LAB_CONFIRMED,LAB-CONFIRM-80451,LC-MS/MS (Liquid Chromatography-Tandem Mass Spectrometry),Delta-9-THC,69.64,Phenacetin (11.0%),TRUE_POSITIVE,TRAIN_SET
FS-2026-00453,2026-04-16T02:21:00Z,OP-FORENSIC-116,State_Forensic_Field_Team,Pressed Tablet (Crushed),Simon's Reagent (Sodium Nitroprusside/Acetaldehyde),LOT-2026-SIMN-517,7589,22.4,PASS,0.682,93.08,-0.47,1.21,93.96,0.48,0.92,92.12,-0.47,1.41,91.82,0.1,0.72,1.467,0.0245,FieldSure-Narcotics-v2.1,0.982,NEG_NO_REACTION,VALIDATED_LAB_CONFIRMED,LAB-CONFIRM-80452,LC-MS/MS (Liquid Chromatography-Tandem Mass Spectrometry),Procaine / Benzocaine (Local Anesthetic),0.0,N/A (Inert Sample),TRUE_NEGATIVE,TRAIN_SET
FS-2026-00454,2026-04-16T02:58:00Z,OP-FORENSIC-103,Metropolitan_Task_Force,Pressed Tablet (Crushed),Mandelin Reagent (Ammonium Vanadate/Sulfuric Acid),LOT-2026-MAND-348,7589,20.4,FAIL_GLARE,11.119,95.65,0.49,1.98,,,,,,,,,,,,FieldSure-Narcotics-v2.1,0.069,ABSTAIN_FAIL_GLARE,UNVALIDATED_QC_ABSTAIN,LAB-CONFIRM-80453,GC-MS (Gas Chromatography-Mass Spectrometry),Methamphetamine HCl,65.6,Phenacetin (11.0%),ABSTAINED_NO_PREDICTION,TRAIN_SET
FS-2026-00455,2026-04-16T04:57:00Z,OP-FORENSIC-124,Customs_Evidence_Unit,Crystalline Powder,Simon's Reagent (Sodium Nitroprusside/Acetaldehyde),LOT-2026-SIMN-825,564,15.1,PASS,1.806,94.98,0.9,3.35,93.27,0.63,4.88,92.85,0.72,5.61,91.21,-0.19,6.49,5.026,0.0838,FieldSure-Narcotics-v2.1,0.951,NEG_NO_REACTION,VALIDATED_LAB_CONFIRMED,LAB-CONFIRM-80454,GC-MS (Gas Chromatography-Mass Spectrometry),Delta-9-THC,63.67,None (High Purity Grade),TRUE_POSITIVE,TRAIN_SET
FS-2026-00456,2026-04-16T05:51:00Z,OP-FORENSIC-111,Border_Control_Post_3,Pressed Tablet (Crushed),Simon's Reagent (Sodium Nitroprusside/Acetaldehyde),LOT-2026-SIMN-420,2363,18.7,PASS,1.478,92.32,-0.94,2.79,92.93,-1.11,2.49,91.88,-1.74,4.8,92.41,-1.87,4.41,1.87,0.0312,FieldSure-Narcotics-v2.1,0.991,NEG_NO_REACTION,VALIDATED_LAB_CONFIRMED,LAB-CONFIRM-80455,LC-MS/MS (Liquid Chromatography-Tandem Mass Spectrometry),Cocaine Hydrochloride,86.79,None (High Purity Grade),TRUE_POSITIVE,TRAIN_SET
FS-2026-00457,2026-04-16T12:12:00Z,OP-FORENSIC-108,District_Lab_North,Paper Blotter Segment,Mandelin Reagent (Ammonium Vanadate/Sulfuric Acid),LOT-2026-MAND-604,564,19.9,FAIL_BLUR,11.492,92.61,0.69,5.79,,,,,,,,,,,,FieldSure-Narcotics-v2.1,0.082,ABSTAIN_FAIL_BLUR,UNVALIDATED_QC_ABSTAIN,LAB-CONFIRM-80456,LC-MS/MS (Liquid Chromatography-Tandem Mass Spectrometry),Fentanyl HCl (Trace / Weak Response),6.44,None (High Purity Grade),ABSTAINED_NO_PREDICTION,TRAIN_SET
FS-2026-00458,2026-04-16T12:15:00Z,OP-FORENSIC-100,District_Lab_North,Crystalline Powder,Mecke Reagent (Selenious Acid/Sulfuric Acid),LOT-2026-MECK-948,564,12.6,PASS,1.099,92.43,-0.22,1.77,89.49,-0.86,3.24,90.17,0.27,3.4,89.58,-1.77,4.45,4.208,0.0701,FieldSure-Narcotics-v2.1,0.953,NEG_NO_REACTION,VALIDATED_LAB_CONFIRMED,LAB-CONFIRM-80457,GC-MS (Gas Chromatography-Mass Spectrometry),Delta-9-THC,32.59,Levamisole (8.2%),TRUE_POSITIVE,TRAIN_SET
FS-2026-00459,2026-04-16T13:00:00Z,OP-FORENSIC-119,Metropolitan_Task_Force,Crystalline Powder,Ehrlich Reagent (p-DMAB/HCl),LOT-2026-EHRL-537,564,24.9,FAIL_GEOMETRY,9.269,94.58,-1.27,4.77,,,,,,,,,,,,FieldSure-Narcotics-v2.1,0.133,ABSTAIN_FAIL_GEOMETRY,UNVALIDATED_QC_ABSTAIN,LAB-CONFIRM-80458,GC-MS (Gas Chromatography-Mass Spectrometry),"3,4-MDMA (Ecstasy)",84.67,None (High Purity Grade),ABSTAINED_NO_PREDICTION,TRAIN_SET
FS-2026-00460,2026-04-16T13:02:00Z,OP-FORENSIC-102,Customs_Evidence_Unit,Pressed Tablet (Crushed),Duquenois-Levine Reagent (Vanillin/Acetaldehyde),LOT-2026-DUQN-260,2363,29.8,PASS,0.447,86.68,1.57,1.92,84.34,2.18,2.7,84.1,2.36,0.75,84.02,2.35,3.1,3.013,0.0502,FieldSure-Narcotics-v2.1,0.935,NEG_NO_REACTION,VALIDATED_LAB_CONFIRMED,LAB-CONFIRM-80459,FTIR (Fourier Transform Infrared Spectroscopy),Heroin Hydrochloride,68.89,None (High Purity Grade),TRUE_POSITIVE,TRAIN_SET
FS-2026-00461,2026-04-16T14:01:00Z,OP-FORENSIC-102,Customs_Evidence_Unit,Plant Matter Extract,Duquenois-Levine Reagent (Vanillin/Acetaldehyde),LOT-2026-DUQN-689,2363,21.8,PASS,0.885,93.81,0.74,1.56,93.18,-0.76,1.99,92.55,-0.68,0.06,92.96,0.27,1.72,0.984,0.0164,FieldSure-Narcotics-v2.1,0.916,NEG_NO_REACTION,VALIDATED_LAB_CONFIRMED,LAB-CONFIRM-80460,FTIR (Fourier Transform Infrared Spectroscopy),Procaine / Benzocaine (Local Anesthetic),0.0,N/A (Inert Sample),TRUE_NEGATIVE,TRAIN_SET
FS-2026-00462,2026-04-16T17:35:00Z,OP-FORENSIC-112,District_Lab_North,Pressed Tablet (Crushed),Simon's Reagent (Sodium Nitroprusside/Acetaldehyde),LOT-2026-SIMN-560,564,20.3,PASS,0.509,93.83,1.49,1.12,91.68,1.98,0.08,91.12,1.15,1.48,89.42,0.15,0.96,4.612,0.0769,FieldSure-Narcotics-v2.1,0.925,NEG_NO_REACTION,VALIDATED_LAB_CONFIRMED,LAB-CONFIRM-80461,GC-MS (Gas Chromatography-Mass Spectrometry),Methamphetamine HCl,91.42,None (High Purity Grade),TRUE_POSITIVE,TRAIN_SET
FS-2026-00463,2026-04-16T20:43:00Z,OP-FORENSIC-101,Customs_Evidence_Unit,Crystalline Powder,Scott Reagent (Cobalt Thiocyanate Phase),LOT-2026-SCOT-936,564,18.0,PASS,0.522,88.16,0.68,5.11,86.67,0.84,5.11,86.25,1.78,7.23,85.42,0.8,8.24,4.162,0.0694,FieldSure-Narcotics-v2.1,0.937,NEG_NO_REACTION,VALIDATED_LAB_CONFIRMED,LAB-CONFIRM-80462,GC-MS (Gas Chromatography-Mass Spectrometry),Inert Cutting Agent (Lactose/Caffeine),0.0,N/A (Inert Sample),TRUE_NEGATIVE,TRAIN_SET
FS-2026-00464,2026-04-17T00:50:00Z,OP-FORENSIC-107,Customs_Evidence_Unit,Crystalline Powder,Ehrlich Reagent (p-DMAB/HCl),LOT-2026-EHRL-414,2363,22.7,PASS,1.604,94.93,-0.43,3.93,93.84,0.45,4.17,94.0,-0.2,2.55,94.77,-0.02,3.23,0.827,0.0138,FieldSure-Narcotics-v2.1,0.936,NEG_NO_REACTION,VALIDATED_LAB_CONFIRMED,LAB-CONFIRM-80463,LC-MS/MS (Liquid Chromatography-Tandem Mass Spectrometry),Heroin Hydrochloride,47.27,Dimethylsulfone (18.4%),TRUE_POSITIVE,TRAIN_SET
FS-2026-00465,2026-04-17T07:41:00Z,OP-FORENSIC-124,Customs_Evidence_Unit,Pressed Tablet (Crushed),Mandelin Reagent (Ammonium Vanadate/Sulfuric Acid),LOT-2026-MAND-885,2363,22.2,FAIL_BLUR,12.057,93.98,1.3,2.57,,,,,,,,,,,,FieldSure-Narcotics-v2.1,0.208,ABSTAIN_FAIL_BLUR,UNVALIDATED_QC_ABSTAIN,LAB-CONFIRM-80464,GC-MS (Gas Chromatography-Mass Spectrometry),Heroin Hydrochloride,50.27,Caffeine (14.5%),ABSTAINED_NO_PREDICTION,TRAIN_SET
FS-2026-00466,2026-04-17T08:57:00Z,OP-FORENSIC-110,Border_Control_Post_3,Pressed Tablet (Crushed),Mandelin Reagent (Ammonium Vanadate/Sulfuric Acid),LOT-2026-MAND-686,564,19.9,PASS,1.249,91.5,1.97,3.19,91.76,3.29,4.39,89.78,2.31,5.27,89.89,2.27,4.79,2.29,0.0382,FieldSure-Narcotics-v2.1,0.932,NEG_NO_REACTION,VALIDATED_LAB_CONFIRMED,LAB-CONFIRM-80465,GC-MS (Gas Chromatography-Mass Spectrometry),Methamphetamine HCl,90.77,Dimethylsulfone (18.4%),TRUE_POSITIVE,TRAIN_SET
FS-2026-00467,2026-04-17T09:10:00Z,OP-FORENSIC-106,District_Lab_North,Pressed Tablet (Crushed),Scott Reagent (Cobalt Thiocyanate Phase),LOT-2026-SCOT-440,564,19.4,PASS,1.573,95.54,0.31,3.43,97.11,0.39,3.05,96.63,-0.18,2.9,96.06,0.88,3.28,0.786,0.0131,FieldSure-Narcotics-v2.1,0.914,NEG_NO_REACTION,VALIDATED_LAB_CONFIRMED,LAB-CONFIRM-80466,LC-MS/MS (Liquid Chromatography-Tandem Mass Spectrometry),"3,4-MDMA (Ecstasy)",71.9,None (High Purity Grade),TRUE_POSITIVE,TRAIN_SET
FS-2026-00468,2026-04-17T15:59:00Z,OP-FORENSIC-103,Metropolitan_Task_Force,Pressed Tablet (Crushed),Mandelin Reagent (Ammonium Vanadate/Sulfuric Acid),LOT-2026-MAND-900,564,27.0,PASS,0.408,88.1,-0.77,1.77,90.3,-1.9,0.81,89.65,-2.2,0.82,88.62,-2.01,1.63,1.352,0.0225,FieldSure-Narcotics-v2.1,0.957,NEG_NO_REACTION,VALIDATED_LAB_CONFIRMED,LAB-CONFIRM-80467,GC-MS (Gas Chromatography-Mass Spectrometry),Inert Cutting Agent (Lactose/Caffeine),0.0,N/A (Inert Sample),TRUE_NEGATIVE,TRAIN_SET
FS-2026-00469,2026-04-17T16:50:00Z,OP-FORENSIC-109,Metropolitan_Task_Force,Off-White Powder,Marquis Reagent (Formaldehyde/Sulfuric Acid),LOT-2026-MARQ-532,2363,26.2,FAIL_GEOMETRY,8.106,92.58,-0.6,2.33,,,,,,,,,,,,FieldSure-Narcotics-v2.1,0.148,ABSTAIN_FAIL_GEOMETRY,UNVALIDATED_QC_ABSTAIN,LAB-CONFIRM-80468,FTIR (Fourier Transform Infrared Spectroscopy),Cocaine Hydrochloride,77.3,Caffeine (14.5%),ABSTAINED_NO_PREDICTION,TRAIN_SET
FS-2026-00470,2026-04-17T19:15:00Z,OP-FORENSIC-104,District_Lab_North,Crystalline Powder,Mecke Reagent (Selenious Acid/Sulfuric Acid),LOT-2026-MECK-209,564,21.4,PASS,1.096,91.8,0.94,5.41,91.41,0.4,5.64,90.12,1.55,4.0,90.23,1.71,4.58,1.936,0.0323,FieldSure-Narcotics-v2.1,0.941,NEG_NO_REACTION,VALIDATED_LAB_CONFIRMED,LAB-CONFIRM-80469,GC-MS (Gas Chromatography-Mass Spectrometry),LSD (Lysergic Acid Diethylamide),56.45,Phenacetin (11.0%),TRUE_POSITIVE,TRAIN_SET
FS-2026-00471,2026-04-17T20:39:00Z,OP-FORENSIC-104,Customs_Evidence_Unit,Off-White Powder,Mandelin Reagent (Ammonium Vanadate/Sulfuric Acid),LOT-2026-MAND-561,7589,30.4,FAIL_GLARE,6.574,95.42,0.02,4.52,,,,,,,,,,,,FieldSure-Narcotics-v2.1,0.079,ABSTAIN_FAIL_GLARE,UNVALIDATED_QC_ABSTAIN,LAB-CONFIRM-80470,FTIR (Fourier Transform Infrared Spectroscopy),Cocaine Hydrochloride,83.96,Lactose / Starch,ABSTAINED_NO_PREDICTION,TRAIN_SET
FS-2026-00472,2026-04-17T23:53:00Z,OP-FORENSIC-124,State_Forensic_Field_Team,Crystalline Powder,Scott Reagent (Cobalt Thiocyanate Phase),LOT-2026-SCOT-352,564,26.4,PASS,1.23,94.24,1.54,2.71,93.22,1.69,3.32,92.83,2.95,2.94,91.46,2.89,2.81,3.092,0.0515,FieldSure-Narcotics-v2.1,0.979,NEG_NO_REACTION,VALIDATED_LAB_CONFIRMED,LAB-CONFIRM-80471,GC-MS (Gas Chromatography-Mass Spectrometry),"3,4-MDMA (Ecstasy)",66.05,Caffeine (14.5%),TRUE_POSITIVE,TRAIN_SET
FS-2026-00473,2026-04-18T01:22:00Z,OP-FORENSIC-108,Metropolitan_Task_Force,Pressed Tablet (Crushed),Marquis Reagent (Formaldehyde/Sulfuric Acid),LOT-2026-MARQ-145,564,23.4,PASS,0.878,90.92,0.08,5.83,88.34,-0.47,7.78,88.41,-1.62,6.89,87.13,-1.37,7.29,4.313,0.0719,FieldSure-Narcotics-v2.1,0.948,NEG_NO_REACTION,VALIDATED_LAB_CONFIRMED,LAB-CONFIRM-80472,LC-MS/MS (Liquid Chromatography-Tandem Mass Spectrometry),Inert Cutting Agent (Lactose/Caffeine),0.0,N/A (Inert Sample),TRUE_NEGATIVE,TRAIN_SET
FS-2026-00474,2026-04-18T02:26:00Z,OP-FORENSIC-118,State_Forensic_Field_Team,Plant Matter Extract,Marquis Reagent (Formaldehyde/Sulfuric Acid),LOT-2026-MARQ-474,2363,23.2,PASS,0.742,94.23,0.07,2.61,80.62,17.89,21.78,68.33,31.98,37.42,62.6,38.15,45.8,65.696,1.0949,FieldSure-Narcotics-v2.1,0.978,POS_MDMA,VALIDATED_LAB_CONFIRMED,LAB-CONFIRM-80473,GC-MS (Gas Chromatography-Mass Spectrometry),"3,4-MDMA (Ecstasy)",78.95,Lactose / Starch,TRUE_POSITIVE,TRAIN_SET
FS-2026-00475,2026-04-18T04:35:00Z,OP-FORENSIC-106,Customs_Evidence_Unit,Crystalline Powder,Duquenois-Levine Reagent (Vanillin/Acetaldehyde),LOT-2026-DUQN-331,564,19.4,FAIL_EXPOSURE,9.564,88.72,-0.13,1.56,,,,,,,,,,,,FieldSure-Narcotics-v2.1,0.203,ABSTAIN_FAIL_EXPOSURE,UNVALIDATED_QC_ABSTAIN,LAB-CONFIRM-80474,LC-MS/MS (Liquid Chromatography-Tandem Mass Spectrometry),LSD (Lysergic Acid Diethylamide),41.24,Phenacetin (11.0%),ABSTAINED_NO_PREDICTION,TRAIN_SET
FS-2026-00476,2026-04-18T05:13:00Z,OP-FORENSIC-103,Customs_Evidence_Unit,Pressed Tablet (Crushed),Mecke Reagent (Selenious Acid/Sulfuric Acid),LOT-2026-MECK-237,564,25.2,PASS,0.403,95.4,1.68,3.11,94.07,2.86,2.52,94.96,2.18,5.81,94.8,2.55,5.98,3.058,0.051,FieldSure-Narcotics-v2.1,0.947,NEG_NO_REACTION,VALIDATED_LAB_CONFIRMED,LAB-CONFIRM-80475,GC-MS (Gas Chromatography-Mass Spectrometry),Methamphetamine HCl,86.09,Caffeine (14.5%),TRUE_POSITIVE,TRAIN_SET
FS-2026-00477,2026-04-18T05:35:00Z,OP-FORENSIC-109,Border_Control_Post_3,Crystalline Powder,Duquenois-Levine Reagent (Vanillin/Acetaldehyde),LOT-2026-DUQN-982,2363,22.3,PASS,1.528,95.26,0.8,3.22,95.58,0.69,3.15,92.95,0.16,3.54,93.13,0.19,4.14,2.399,0.04,FieldSure-Narcotics-v2.1,0.992,NEG_NO_REACTION,VALIDATED_LAB_CONFIRMED,LAB-CONFIRM-80476,LC-MS/MS (Liquid Chromatography-Tandem Mass Spectrometry),Heroin Hydrochloride,76.71,Dimethylsulfone (18.4%),TRUE_POSITIVE,TRAIN_SET
FS-2026-00478,2026-04-18T10:04:00Z,OP-FORENSIC-122,District_Lab_North,Crystalline Powder,Mecke Reagent (Selenious Acid/Sulfuric Acid),LOT-2026-MECK-566,2363,21.5,PASS,0.598,92.07,-1.17,2.05,90.64,-1.42,0.82,89.39,-0.15,0.89,88.03,-1.14,1.64,4.061,0.0677,FieldSure-Narcotics-v2.1,0.947,NEG_NO_REACTION,VALIDATED_LAB_CONFIRMED,LAB-CONFIRM-80477,LC-MS/MS (Liquid Chromatography-Tandem Mass Spectrometry),Inert Cutting Agent (Lactose/Caffeine),0.0,N/A (Inert Sample),TRUE_NEGATIVE,TRAIN_SET
FS-2026-00479,2026-04-18T11:47:00Z,OP-FORENSIC-108,Metropolitan_Task_Force,Liquid Solution (Diluted),Duquenois-Levine Reagent (Vanillin/Acetaldehyde),LOT-2026-DUQN-443,564,25.8,FAIL_EXPOSURE,4.536,88.21,-1.02,5.28,,,,,,,,,,,,FieldSure-Narcotics-v2.1,0.1,ABSTAIN_FAIL_EXPOSURE,UNVALIDATED_QC_ABSTAIN,LAB-CONFIRM-80478,GC-MS (Gas Chromatography-Mass Spectrometry),Fentanyl HCl (Trace / Weak Response),2.92,Caffeine (14.5%),ABSTAINED_NO_PREDICTION,TRAIN_SET
FS-2026-00480,2026-04-18T15:31:00Z,OP-FORENSIC-114,Border_Control_Post_3,Crystalline Powder,Marquis Reagent (Formaldehyde/Sulfuric Acid),LOT-2026-MARQ-468,564,29.0,FAIL_EXPOSURE,12.702,92.18,-1.31,5.03,,,,,,,,,,,,FieldSure-Narcotics-v2.1,0.13,ABSTAIN_FAIL_EXPOSURE,UNVALIDATED_QC_ABSTAIN,LAB-CONFIRM-80479,GC-MS (Gas Chromatography-Mass Spectrometry),Procaine / Benzocaine (Local Anesthetic),0.0,N/A (Inert Sample),ABSTAINED_NO_PREDICTION,TRAIN_SET
FS-2026-00481,2026-04-18T16:25:00Z,OP-FORENSIC-124,Border_Control_Post_3,Pressed Tablet (Crushed),Mandelin Reagent (Ammonium Vanadate/Sulfuric Acid),LOT-2026-MAND-207,564,20.5,PASS,1.12,95.33,-1.32,2.57,93.95,-0.13,3.6,93.73,-1.31,4.06,91.69,-0.91,1.93,3.719,0.062,FieldSure-Narcotics-v2.1,0.917,NEG_NO_REACTION,VALIDATED_LAB_CONFIRMED,LAB-CONFIRM-80480,FTIR (Fourier Transform Infrared Spectroscopy),"3,4-MDMA (Ecstasy)",75.96,Phenacetin (11.0%),TRUE_POSITIVE,TRAIN_SET
FS-2026-00482,2026-04-18T17:18:00Z,OP-FORENSIC-123,State_Forensic_Field_Team,Off-White Powder,Mandelin Reagent (Ammonium Vanadate/Sulfuric Acid),LOT-2026-MAND-581,564,24.7,PASS,1.806,95.55,1.84,4.67,95.88,1.98,5.42,95.46,2.89,6.29,95.68,1.38,5.4,0.873,0.0146,FieldSure-Narcotics-v2.1,0.939,NEG_NO_REACTION,VALIDATED_LAB_CONFIRMED,LAB-CONFIRM-80481,GC-MS (Gas Chromatography-Mass Spectrometry),"3,4-MDMA (Ecstasy)",57.72,None (High Purity Grade),TRUE_POSITIVE,TRAIN_SET
FS-2026-00483,2026-04-18T19:17:00Z,OP-FORENSIC-107,Metropolitan_Task_Force,Off-White Powder,Duquenois-Levine Reagent (Vanillin/Acetaldehyde),LOT-2026-DUQN-498,2363,20.1,FAIL_BLUR,8.59,95.21,0.53,4.2,,,,,,,,,,,,FieldSure-Narcotics-v2.1,0.264,ABSTAIN_FAIL_BLUR,UNVALIDATED_QC_ABSTAIN,LAB-CONFIRM-80482,GC-MS (Gas Chromatography-Mass Spectrometry),Fentanyl HCl (Trace / Weak Response),8.0,Caffeine (14.5%),ABSTAINED_NO_PREDICTION,TRAIN_SET
FS-2026-00484,2026-04-18T19:36:00Z,OP-FORENSIC-113,Metropolitan_Task_Force,Crystalline Powder,Duquenois-Levine Reagent (Vanillin/Acetaldehyde),LOT-2026-DUQN-470,2363,22.4,PASS,1.364,86.62,-1.22,6.0,86.1,-1.76,4.32,87.37,-2.05,6.61,87.63,-2.26,7.03,1.778,0.0296,FieldSure-Narcotics-v2.1,0.931,NEG_NO_REACTION,VALIDATED_LAB_CONFIRMED,LAB-CONFIRM-80483,GC-MS (Gas Chromatography-Mass Spectrometry),Heroin Hydrochloride,80.14,Phenacetin (11.0%),TRUE_POSITIVE,TRAIN_SET
FS-2026-00485,2026-04-18T21:23:00Z,OP-FORENSIC-100,Border_Control_Post_3,Crystalline Powder,Duquenois-Levine Reagent (Vanillin/Acetaldehyde),LOT-2026-DUQN-379,564,20.6,PASS,0.366,91.05,-1.32,1.92,89.04,0.4,2.13,89.16,0.0,2.96,87.84,-1.19,2.77,3.323,0.0554,FieldSure-Narcotics-v2.1,0.925,NEG_NO_REACTION,VALIDATED_LAB_CONFIRMED,LAB-CONFIRM-80484,GC-MS (Gas Chromatography-Mass Spectrometry),Cocaine Hydrochloride,92.39,Caffeine (14.5%),TRUE_POSITIVE,TRAIN_SET
FS-2026-00486,2026-04-19T01:00:00Z,OP-FORENSIC-102,Border_Control_Post_3,Liquid Solution (Diluted),Mecke Reagent (Selenious Acid/Sulfuric Acid),LOT-2026-MECK-440,564,26.9,PASS,1.528,86.85,1.82,4.79,85.71,1.59,6.65,82.99,0.73,6.92,82.82,1.39,7.08,4.655,0.0776,FieldSure-Narcotics-v2.1,0.907,NEG_NO_REACTION,VALIDATED_LAB_CONFIRMED,LAB-CONFIRM-80485,LC-MS/MS (Liquid Chromatography-Tandem Mass Spectrometry),LSD (Lysergic Acid Diethylamide),57.17,Caffeine (14.5%),TRUE_POSITIVE,TRAIN_SET
FS-2026-00487,2026-04-19T01:51:00Z,OP-FORENSIC-109,Border_Control_Post_3,Crystalline Powder,Ehrlich Reagent (p-DMAB/HCl),LOT-2026-EHRL-868,7589,26.4,PASS,1.71,94.1,-0.75,4.22,92.06,-1.29,4.2,90.76,-2.12,3.88,90.36,-2.28,3.7,4.074,0.0679,FieldSure-Narcotics-v2.1,0.94,NEG_NO_REACTION,VALIDATED_LAB_CONFIRMED,LAB-CONFIRM-80486,GC-MS (Gas Chromatography-Mass Spectrometry),Cocaine Hydrochloride,94.86,Dimethylsulfone (18.4%),TRUE_POSITIVE,TRAIN_SET
FS-2026-00488,2026-04-19T03:41:00Z,OP-FORENSIC-121,State_Forensic_Field_Team,Tar/Sticky Resin,Duquenois-Levine Reagent (Vanillin/Acetaldehyde),LOT-2026-DUQN-138,7589,21.0,PASS,1.155,95.02,2.18,3.13,93.47,2.31,3.56,92.89,2.1,2.41,93.56,2.44,2.19,1.756,0.0293,FieldSure-Narcotics-v2.1,0.931,NEG_NO_REACTION,VALIDATED_LAB_CONFIRMED,LAB-CONFIRM-80487,GC-MS (Gas Chromatography-Mass Spectrometry),Methamphetamine HCl,69.73,Levamisole (8.2%),TRUE_POSITIVE,TRAIN_SET
FS-2026-00489,2026-04-19T03:56:00Z,OP-FORENSIC-118,Customs_Evidence_Unit,Paper Blotter Segment,Ehrlich Reagent (p-DMAB/HCl),LOT-2026-EHRL-280,564,23.1,PASS,1.102,86.42,-0.41,1.46,86.75,-0.86,3.28,84.92,0.27,2.23,84.22,0.04,3.33,2.922,0.0487,FieldSure-Narcotics-v2.1,0.988,NEG_NO_REACTION,VALIDATED_LAB_CONFIRMED,LAB-CONFIRM-80488,LC-MS/MS (Liquid Chromatography-Tandem Mass Spectrometry),Fentanyl HCl (Trace / Weak Response),2.71,Dimethylsulfone (18.4%),TRUE_POSITIVE,TRAIN_SET
FS-2026-00490,2026-04-19T06:47:00Z,OP-FORENSIC-114,Customs_Evidence_Unit,Pressed Tablet (Crushed),Mecke Reagent (Selenious Acid/Sulfuric Acid),LOT-2026-MECK-220,2363,27.8,FAIL_BLUR,7.696,86.98,-0.56,2.69,,,,,,,,,,,,FieldSure-Narcotics-v2.1,0.037,ABSTAIN_FAIL_BLUR,UNVALIDATED_QC_ABSTAIN,LAB-CONFIRM-80489,LC-MS/MS (Liquid Chromatography-Tandem Mass Spectrometry),Procaine / Benzocaine (Local Anesthetic),0.0,N/A (Inert Sample),ABSTAINED_NO_PREDICTION,TRAIN_SET
FS-2026-00491,2026-04-19T08:56:00Z,OP-FORENSIC-102,Border_Control_Post_3,Tar/Sticky Resin,Mecke Reagent (Selenious Acid/Sulfuric Acid),LOT-2026-MECK-816,7589,19.8,PASS,1.696,86.22,-0.22,3.73,85.31,0.06,4.69,83.82,-1.91,4.7,83.78,-1.23,3.64,2.642,0.044,FieldSure-Narcotics-v2.1,0.95,NEG_NO_REACTION,VALIDATED_LAB_CONFIRMED,LAB-CONFIRM-80490,GC-MS (Gas Chromatography-Mass Spectrometry),Methamphetamine HCl,74.37,Phenacetin (11.0%),TRUE_POSITIVE,TRAIN_SET
FS-2026-00492,2026-04-19T13:11:00Z,OP-FORENSIC-116,State_Forensic_Field_Team,Crystalline Powder,Duquenois-Levine Reagent (Vanillin/Acetaldehyde),LOT-2026-DUQN-422,564,19.6,PASS,1.461,92.44,-1.07,5.23,80.39,-1.21,-7.23,71.68,-0.02,-17.92,65.24,-0.17,-24.54,40.335,0.6722,FieldSure-Narcotics-v2.1,0.91,POS_CANNABINOID_THC,VALIDATED_LAB_CONFIRMED,LAB-CONFIRM-80491,FTIR (Fourier Transform Infrared Spectroscopy),Delta-9-THC,49.92,Caffeine (14.5%),TRUE_POSITIVE,TRAIN_SET
FS-2026-00493,2026-04-19T15:02:00Z,OP-FORENSIC-120,State_Forensic_Field_Team,Crystalline Powder,Ehrlich Reagent (p-DMAB/HCl),LOT-2026-EHRL-264,2363,22.0,PASS,1.84,90.18,1.9,2.32,69.53,7.6,21.82,49.33,7.81,35.36,39.31,10.1,44.51,66.596,1.1099,FieldSure-Narcotics-v2.1,0.936,POS_INDOLE_LSD,VALIDATED_LAB_CONFIRMED,LAB-CONFIRM-80492,GC-MS (Gas Chromatography-Mass Spectrometry),LSD (Lysergic Acid Diethylamide),55.85,None (High Purity Grade),TRUE_POSITIVE,TRAIN_SET
FS-2026-00494,2026-04-19T21:41:00Z,OP-FORENSIC-122,Border_Control_Post_3,Crystalline Powder,Scott Reagent (Cobalt Thiocyanate Phase),LOT-2026-SCOT-245,2363,23.2,PASS,1.605,88.97,2.29,5.97,88.6,1.5,6.52,87.93,1.98,6.11,88.35,1.35,6.4,1.205,0.0201,FieldSure-Narcotics-v2.1,0.929,NEG_NO_REACTION,VALIDATED_LAB_CONFIRMED,LAB-CONFIRM-80493,GC-MS (Gas Chromatography-Mass Spectrometry),Delta-9-THC,74.37,Lactose / Starch,TRUE_POSITIVE,TRAIN_SET
FS-2026-00495,2026-04-19T22:39:00Z,OP-FORENSIC-117,District_Lab_North,Crystalline Powder,Mandelin Reagent (Ammonium Vanadate/Sulfuric Acid),LOT-2026-MAND-440,564,23.1,PASS,1.482,91.39,-0.2,4.01,92.78,0.19,4.49,91.28,0.2,3.95,91.7,0.01,3.99,0.375,0.0062,FieldSure-Narcotics-v2.1,0.969,NEG_NO_REACTION,VALIDATED_LAB_CONFIRMED,LAB-CONFIRM-80494,GC-MS (Gas Chromatography-Mass Spectrometry),Cocaine Hydrochloride,72.99,Levamisole (8.2%),TRUE_POSITIVE,TRAIN_SET
FS-2026-00496,2026-04-19T23:26:00Z,OP-FORENSIC-116,State_Forensic_Field_Team,Pressed Tablet (Crushed),Simon's Reagent (Sodium Nitroprusside/Acetaldehyde),LOT-2026-SIMN-932,564,23.8,PASS,1.506,92.39,1.47,1.9,92.31,0.21,0.97,92.18,0.31,2.79,91.81,0.39,3.34,1.891,0.0315,FieldSure-Narcotics-v2.1,0.941,NEG_NO_REACTION,VALIDATED_LAB_CONFIRMED,LAB-CONFIRM-80495,GC-MS (Gas Chromatography-Mass Spectrometry),Delta-9-THC,57.9,Phenacetin (11.0%),TRUE_POSITIVE,TRAIN_SET
FS-2026-00497,2026-04-20T04:46:00Z,OP-FORENSIC-107,State_Forensic_Field_Team,Crystalline Powder,Ehrlich Reagent (p-DMAB/HCl),LOT-2026-EHRL-703,564,20.4,PASS,1.511,88.49,-1.06,2.66,86.62,-1.64,3.64,85.76,-2.27,1.87,84.58,-2.04,2.62,4.031,0.0672,FieldSure-Narcotics-v2.1,0.913,NEG_NO_REACTION,VALIDATED_LAB_CONFIRMED,LAB-CONFIRM-80496,GC-MS (Gas Chromatography-Mass Spectrometry),"3,4-MDMA (Ecstasy)",81.92,Lactose / Starch,TRUE_POSITIVE,TRAIN_SET
FS-2026-00498,2026-04-20T06:12:00Z,OP-FORENSIC-101,Border_Control_Post_3,Pressed Tablet (Crushed),Duquenois-Levine Reagent (Vanillin/Acetaldehyde),LOT-2026-DUQN-648,7589,20.3,PASS,1.834,88.34,1.18,5.71,88.74,1.19,5.2,88.92,1.54,5.27,88.29,0.9,6.79,1.117,0.0186,FieldSure-Narcotics-v2.1,0.992,NEG_NO_REACTION,VALIDATED_LAB_CONFIRMED,LAB-CONFIRM-80497,GC-MS (Gas Chromatography-Mass Spectrometry),Procaine / Benzocaine (Local Anesthetic),0.0,N/A (Inert Sample),TRUE_NEGATIVE,TRAIN_SET
FS-2026-00499,2026-04-20T06:19:00Z,OP-FORENSIC-122,State_Forensic_Field_Team,Off-White Powder,Simon's Reagent (Sodium Nitroprusside/Acetaldehyde),LOT-2026-SIMN-581,564,37.0,FAIL_EXPOSURE,8.418,94.01,1.35,2.74,,,,,,,,,,,,FieldSure-Narcotics-v2.1,0.19,ABSTAIN_FAIL_EXPOSURE,UNVALIDATED_QC_ABSTAIN,LAB-CONFIRM-80498,LC-MS/MS (Liquid Chromatography-Tandem Mass Spectrometry),Cocaine Hydrochloride,93.03,Lactose / Starch,ABSTAINED_NO_PREDICTION,TRAIN_SET
FS-2026-00500,2026-04-20T11:00:00Z,OP-FORENSIC-111,District_Lab_North,Crystalline Powder,Scott Reagent (Cobalt Thiocyanate Phase),LOT-2026-SCOT-837,564,24.8,PASS,0.922,92.26,-0.2,4.89,91.02,0.8,5.42,91.13,0.96,4.13,91.1,0.88,4.57,1.617,0.027,FieldSure-Narcotics-v2.1,0.914,NEG_NO_REACTION,VALIDATED_LAB_CONFIRMED,LAB-CONFIRM-80499,LC-MS/MS (Liquid Chromatography-Tandem Mass Spectrometry),LSD (Lysergic Acid Diethylamide),56.72,Lactose / Starch,TRUE_POSITIVE,TRAIN_SET
FS-2026-00501,2026-04-20T14:24:00Z,OP-FORENSIC-120,District_Lab_North,Paper Blotter Segment,Scott Reagent (Cobalt Thiocyanate Phase),LOT-2026-SCOT-254,7589,26.7,PASS,0.815,91.79,1.38,2.52,89.03,-0.48,4.39,91.88,1.55,4.41,90.79,1.38,6.01,3.63,0.0605,FieldSure-Narcotics-v2.1,0.977,NEG_NO_REACTION,VALIDATED_LAB_CONFIRMED,LAB-CONFIRM-80500,GC-MS (Gas Chromatography-Mass Spectrometry),Inert Cutting Agent (Lactose/Caffeine),0.0,N/A (Inert Sample),TRUE_NEGATIVE,TRAIN_SET
FS-2026-00502,2026-04-20T15:23:00Z,OP-FORENSIC-123,District_Lab_North,Pressed Tablet (Crushed),Mandelin Reagent (Ammonium Vanadate/Sulfuric Acid),LOT-2026-MAND-225,564,30.0,PASS,1.138,88.44,1.9,1.19,88.5,1.49,1.12,87.85,1.87,1.04,88.97,2.64,2.41,1.522,0.0254,FieldSure-Narcotics-v2.1,0.99,NEG_NO_REACTION,VALIDATED_LAB_CONFIRMED,LAB-CONFIRM-80501,GC-MS (Gas Chromatography-Mass Spectrometry),Delta-9-THC,40.83,Dimethylsulfone (18.4%),TRUE_POSITIVE,TRAIN_SET
FS-2026-00503,2026-04-20T21:06:00Z,OP-FORENSIC-107,State_Forensic_Field_Team,Crystalline Powder,Marquis Reagent (Formaldehyde/Sulfuric Acid),LOT-2026-MARQ-722,564,23.2,PASS,0.716,95.43,0.25,4.62,97.38,2.14,6.73,95.02,-0.28,6.0,95.7,-1.11,7.08,2.824,0.0471,FieldSure-Narcotics-v2.1,0.924,NEG_NO_REACTION,VALIDATED_LAB_CONFIRMED,LAB-CONFIRM-80502,GC-MS (Gas Chromatography-Mass Spectrometry),LSD (Lysergic Acid Diethylamide),39.93,Phenacetin (11.0%),TRUE_POSITIVE,TRAIN_SET
FS-2026-00504,2026-04-20T22:32:00Z,OP-FORENSIC-119,State_Forensic_Field_Team,Liquid Solution (Diluted),Mandelin Reagent (Ammonium Vanadate/Sulfuric Acid),LOT-2026-MAND-222,564,21.9,PASS,0.613,86.22,-0.33,5.85,84.91,0.34,7.22,83.77,-0.08,6.86,83.07,1.02,5.97,3.429,0.0572,FieldSure-Narcotics-v2.1,0.967,NEG_NO_REACTION,VALIDATED_LAB_CONFIRMED,LAB-CONFIRM-80503,FTIR (Fourier Transform Infrared Spectroscopy),Heroin Hydrochloride,65.12,Dimethylsulfone (18.4%),TRUE_POSITIVE,TRAIN_SET
FS-2026-00505,2026-04-20T22:57:00Z,OP-FORENSIC-113,Customs_Evidence_Unit,Crystalline Powder,Simon's Reagent (Sodium Nitroprusside/Acetaldehyde),LOT-2026-SIMN-616,564,26.0,PASS,1.029,89.62,1.23,5.37,88.28,1.13,4.84,87.82,2.14,4.32,87.19,2.32,4.85,2.714,0.0452,FieldSure-Narcotics-v2.1,0.986,NEG_NO_REACTION,VALIDATED_LAB_CONFIRMED,LAB-CONFIRM-80504,GC-MS (Gas Chromatography-Mass Spectrometry),"3,4-MDMA (Ecstasy)",67.28,None (High Purity Grade),TRUE_POSITIVE,TRAIN_SET
FS-2026-00506,2026-04-21T01:19:00Z,OP-FORENSIC-123,Border_Control_Post_3,Pressed Tablet (Crushed),Marquis Reagent (Formaldehyde/Sulfuric Acid),LOT-2026-MARQ-112,2363,33.2,FAIL_EXPOSURE,11.347,92.28,2.41,2.97,,,,,,,,,,,,FieldSure-Narcotics-v2.1,0.125,ABSTAIN_FAIL_EXPOSURE,UNVALIDATED_QC_ABSTAIN,LAB-CONFIRM-80505,LC-MS/MS (Liquid Chromatography-Tandem Mass Spectrometry),Fentanyl HCl (Trace / Weak Response),10.77,Phenacetin (11.0%),ABSTAINED_NO_PREDICTION,TRAIN_SET
FS-2026-00507,2026-04-21T02:05:00Z,OP-FORENSIC-105,State_Forensic_Field_Team,Paper Blotter Segment,Simon's Reagent (Sodium Nitroprusside/Acetaldehyde),LOT-2026-SIMN-924,2363,29.2,PASS,1.731,95.46,1.1,2.59,92.94,0.21,2.87,93.91,0.02,0.89,93.69,-0.49,2.02,2.447,0.0408,FieldSure-Narcotics-v2.1,0.955,NEG_NO_REACTION,VALIDATED_LAB_CONFIRMED,LAB-CONFIRM-80506,GC-MS (Gas Chromatography-Mass Spectrometry),Procaine / Benzocaine (Local Anesthetic),0.0,N/A (Inert Sample),TRUE_NEGATIVE,TRAIN_SET
FS-2026-00508,2026-04-21T02:18:00Z,OP-FORENSIC-112,Border_Control_Post_3,Crystalline Powder,Marquis Reagent (Formaldehyde/Sulfuric Acid),LOT-2026-MARQ-664,2363,22.8,PASS,1.278,93.59,0.21,2.1,92.93,-0.38,2.69,93.49,-0.41,4.71,93.85,-1.92,4.74,3.402,0.0567,FieldSure-Narcotics-v2.1,0.967,NEG_NO_REACTION,VALIDATED_LAB_CONFIRMED,LAB-CONFIRM-80507,GC-MS (Gas Chromatography-Mass Spectrometry),Cocaine Hydrochloride,84.73,Caffeine (14.5%),TRUE_POSITIVE,TRAIN_SET
FS-2026-00509,2026-04-21T05:33:00Z,OP-FORENSIC-119,Border_Control_Post_3,Crystalline Powder,Mecke Reagent (Selenious Acid/Sulfuric Acid),LOT-2026-MECK-746,564,28.7,PASS,0.408,89.16,-0.61,3.24,88.88,-1.09,2.85,89.27,-1.21,4.12,88.12,-0.31,5.22,2.257,0.0376,FieldSure-Narcotics-v2.1,0.948,NEG_NO_REACTION,VALIDATED_LAB_CONFIRMED,LAB-CONFIRM-80508,LC-MS/MS (Liquid Chromatography-Tandem Mass Spectrometry),Procaine / Benzocaine (Local Anesthetic),0.0,N/A (Inert Sample),TRUE_NEGATIVE,TRAIN_SET
FS-2026-00510,2026-04-21T10:53:00Z,OP-FORENSIC-101,District_Lab_North,Pressed Tablet (Crushed),Mandelin Reagent (Ammonium Vanadate/Sulfuric Acid),LOT-2026-MAND-253,7589,25.1,PASS,1.292,94.26,0.34,5.72,93.57,1.31,5.17,93.35,-0.28,6.13,93.16,0.03,5.25,1.236,0.0206,FieldSure-Narcotics-v2.1,0.92,NEG_NO_REACTION,VALIDATED_LAB_CONFIRMED,LAB-CONFIRM-80509,GC-MS (Gas Chromatography-Mass Spectrometry),Inert Cutting Agent (Lactose/Caffeine),0.0,N/A (Inert Sample),TRUE_NEGATIVE,TRAIN_SET
FS-2026-00511,2026-04-21T15:22:00Z,OP-FORENSIC-113,Border_Control_Post_3,Tar/Sticky Resin,Marquis Reagent (Formaldehyde/Sulfuric Acid),LOT-2026-MARQ-739,2363,27.2,PASS,1.836,93.06,0.86,5.61,90.57,1.81,5.05,90.29,2.83,6.47,89.12,2.06,6.23,4.165,0.0694,FieldSure-Narcotics-v2.1,0.959,NEG_NO_REACTION,VALIDATED_LAB_CONFIRMED,LAB-CONFIRM-80510,GC-MS (Gas Chromatography-Mass Spectrometry),LSD (Lysergic Acid Diethylamide),43.05,Lactose / Starch,TRUE_POSITIVE,TRAIN_SET
FS-2026-00512,2026-04-21T17:14:00Z,OP-FORENSIC-105,Customs_Evidence_Unit,Off-White Powder,Duquenois-Levine Reagent (Vanillin/Acetaldehyde),LOT-2026-DUQN-624,7589,24.7,PASS,1.442,87.93,-0.98,4.59,87.38,-1.0,3.99,86.5,0.01,6.37,86.91,0.4,6.38,2.48,0.0413,FieldSure-Narcotics-v2.1,0.992,NEG_NO_REACTION,VALIDATED_LAB_CONFIRMED,LAB-CONFIRM-80511,LC-MS/MS (Liquid Chromatography-Tandem Mass Spectrometry),Heroin Hydrochloride,69.2,Levamisole (8.2%),TRUE_POSITIVE,TRAIN_SET
FS-2026-00513,2026-04-21T19:40:00Z,OP-FORENSIC-120,Customs_Evidence_Unit,Crystalline Powder,Ehrlich Reagent (p-DMAB/HCl),LOT-2026-EHRL-188,564,28.0,PASS,1.512,93.18,-0.98,5.87,78.26,4.47,9.9,66.76,10.73,12.89,61.32,12.72,14.1,35.644,0.5941,FieldSure-Narcotics-v2.1,0.968,POS_INDOLE_LSD,VALIDATED_LAB_CONFIRMED,LAB-CONFIRM-80512,LC-MS/MS (Liquid Chromatography-Tandem Mass Spectrometry),LSD (Lysergic Acid Diethylamide),24.18,Lactose / Starch,TRUE_POSITIVE,TRAIN_SET
FS-2026-00514,2026-04-22T00:50:00Z,OP-FORENSIC-121,Customs_Evidence_Unit,Tar/Sticky Resin,Duquenois-Levine Reagent (Vanillin/Acetaldehyde),LOT-2026-DUQN-855,564,22.5,PASS,1.361,91.79,0.08,3.94,90.08,-0.44,4.33,87.75,-0.81,4.42,87.97,-0.46,5.72,4.249,0.0708,FieldSure-Narcotics-v2.1,0.985,NEG_NO_REACTION,VALIDATED_LAB_CONFIRMED,LAB-CONFIRM-80513,FTIR (Fourier Transform Infrared Spectroscopy),Cocaine Hydrochloride,80.83,Caffeine (14.5%),TRUE_POSITIVE,TRAIN_SET
FS-2026-00515,2026-04-22T03:02:00Z,OP-FORENSIC-112,Customs_Evidence_Unit,Paper Blotter Segment,Ehrlich Reagent (p-DMAB/HCl),LOT-2026-EHRL-143,564,25.6,FAIL_GLARE,4.679,94.09,-1.05,2.63,,,,,,,,,,,,FieldSure-Narcotics-v2.1,0.217,ABSTAIN_FAIL_GLARE,UNVALIDATED_QC_ABSTAIN,LAB-CONFIRM-80514,FTIR (Fourier Transform Infrared Spectroscopy),Delta-9-THC,37.72,Dimethylsulfone (18.4%),ABSTAINED_NO_PREDICTION,TRAIN_SET
FS-2026-00516,2026-04-22T03:58:00Z,OP-FORENSIC-123,Border_Control_Post_3,Pressed Tablet (Crushed),Ehrlich Reagent (p-DMAB/HCl),LOT-2026-EHRL-556,564,24.6,PASS,0.899,93.63,1.12,4.31,92.16,2.2,4.03,92.15,1.48,4.43,91.11,0.83,2.98,2.864,0.0477,FieldSure-Narcotics-v2.1,0.958,NEG_NO_REACTION,VALIDATED_LAB_CONFIRMED,LAB-CONFIRM-80515,GC-MS (Gas Chromatography-Mass Spectrometry),Fentanyl HCl (Trace / Weak Response),10.54,Dimethylsulfone (18.4%),TRUE_POSITIVE,TRAIN_SET
FS-2026-00517,2026-04-22T05:39:00Z,OP-FORENSIC-111,State_Forensic_Field_Team,Tar/Sticky Resin,Scott Reagent (Cobalt Thiocyanate Phase),LOT-2026-SCOT-572,2363,18.5,FAIL_EXPOSURE,8.085,95.61,2.01,3.02,,,,,,,,,,,,FieldSure-Narcotics-v2.1,0.128,ABSTAIN_FAIL_EXPOSURE,UNVALIDATED_QC_ABSTAIN,LAB-CONFIRM-80516,FTIR (Fourier Transform Infrared Spectroscopy),LSD (Lysergic Acid Diethylamide),49.05,None (High Purity Grade),ABSTAINED_NO_PREDICTION,TRAIN_SET
FS-2026-00518,2026-04-22T12:49:00Z,OP-FORENSIC-119,District_Lab_North,Tar/Sticky Resin,Scott Reagent (Cobalt Thiocyanate Phase),LOT-2026-SCOT-891,2363,28.5,PASS,1.046,94.97,-0.08,1.33,96.01,-0.81,1.93,94.76,0.06,3.12,94.95,1.14,3.15,2.191,0.0365,FieldSure-Narcotics-v2.1,0.968,NEG_NO_REACTION,VALIDATED_LAB_CONFIRMED,LAB-CONFIRM-80517,GC-MS (Gas Chromatography-Mass Spectrometry),Fentanyl HCl (Trace / Weak Response),3.69,Caffeine (14.5%),TRUE_POSITIVE,TRAIN_SET
FS-2026-00519,2026-04-22T14:01:00Z,OP-FORENSIC-118,Customs_Evidence_Unit,Crystalline Powder,Scott Reagent (Cobalt Thiocyanate Phase),LOT-2026-SCOT-669,564,24.1,FAIL_GEOMETRY,4.536,87.09,2.26,5.16,,,,,,,,,,,,FieldSure-Narcotics-v2.1,0.195,ABSTAIN_FAIL_GEOMETRY,UNVALIDATED_QC_ABSTAIN,LAB-CONFIRM-80518,GC-MS (Gas Chromatography-Mass Spectrometry),Methamphetamine HCl,80.22,Caffeine (14.5%),ABSTAINED_NO_PREDICTION,TRAIN_SET
FS-2026-00520,2026-04-22T17:02:00Z,OP-FORENSIC-105,Border_Control_Post_3,Off-White Powder,Marquis Reagent (Formaldehyde/Sulfuric Acid),LOT-2026-MARQ-342,7589,27.5,PASS,1.835,92.82,0.79,3.71,92.48,-0.59,4.2,90.2,2.01,3.31,90.59,0.48,3.91,2.26,0.0377,FieldSure-Narcotics-v2.1,0.939,NEG_NO_REACTION,VALIDATED_LAB_CONFIRMED,LAB-CONFIRM-80519,LC-MS/MS (Liquid Chromatography-Tandem Mass Spectrometry),LSD (Lysergic Acid Diethylamide),54.5,Levamisole (8.2%),TRUE_POSITIVE,TRAIN_SET
FS-2026-00521,2026-04-22T17:06:00Z,OP-FORENSIC-116,District_Lab_North,Tar/Sticky Resin,Scott Reagent (Cobalt Thiocyanate Phase),LOT-2026-SCOT-236,2363,21.7,FAIL_BLUR,11.743,91.89,2.44,4.64,,,,,,,,,,,,FieldSure-Narcotics-v2.1,0.104,ABSTAIN_FAIL_BLUR,UNVALIDATED_QC_ABSTAIN,LAB-CONFIRM-80520,GC-MS (Gas Chromatography-Mass Spectrometry),Inert Cutting Agent (Lactose/Caffeine),0.0,N/A (Inert Sample),ABSTAINED_NO_PREDICTION,TRAIN_SET
FS-2026-00522,2026-04-22T23:25:00Z,OP-FORENSIC-103,District_Lab_North,Off-White Powder,Marquis Reagent (Formaldehyde/Sulfuric Acid),LOT-2026-MARQ-212,564,18.3,PASS,1.242,89.47,2.48,3.8,87.72,2.05,3.4,87.75,3.28,2.47,87.74,2.58,2.9,1.953,0.0326,FieldSure-Narcotics-v2.1,0.974,NEG_NO_REACTION,VALIDATED_LAB_CONFIRMED,LAB-CONFIRM-80521,LC-MS/MS (Liquid Chromatography-Tandem Mass Spectrometry),Inert Cutting Agent (Lactose/Caffeine),0.0,N/A (Inert Sample),TRUE_NEGATIVE,TRAIN_SET
FS-2026-00523,2026-04-23T01:44:00Z,OP-FORENSIC-105,Border_Control_Post_3,Crystalline Powder,Scott Reagent (Cobalt Thiocyanate Phase),LOT-2026-SCOT-627,2363,26.1,PASS,0.931,87.99,0.04,2.39,86.32,-1.94,2.38,86.47,-1.45,2.21,85.9,-0.92,2.22,2.306,0.0384,FieldSure-Narcotics-v2.1,0.927,NEG_NO_REACTION,VALIDATED_LAB_CONFIRMED,LAB-CONFIRM-80522,GC-MS (Gas Chromatography-Mass Spectrometry),Methamphetamine HCl,79.45,Phenacetin (11.0%),TRUE_POSITIVE,TRAIN_SET
FS-2026-00524,2026-04-23T07:39:00Z,OP-FORENSIC-101,State_Forensic_Field_Team,Tar/Sticky Resin,Mandelin Reagent (Ammonium Vanadate/Sulfuric Acid),LOT-2026-MAND-859,2363,27.3,PASS,1.051,91.45,0.91,2.91,92.55,2.07,3.67,90.39,1.14,4.2,91.4,0.79,4.31,1.406,0.0234,FieldSure-Narcotics-v2.1,0.942,NEG_NO_REACTION,VALIDATED_LAB_CONFIRMED,LAB-CONFIRM-80523,LC-MS/MS (Liquid Chromatography-Tandem Mass Spectrometry),Inert Cutting Agent (Lactose/Caffeine),0.0,N/A (Inert Sample),TRUE_NEGATIVE,TRAIN_SET
FS-2026-00525,2026-04-23T14:20:00Z,OP-FORENSIC-113,State_Forensic_Field_Team,Off-White Powder,Marquis Reagent (Formaldehyde/Sulfuric Acid),LOT-2026-MARQ-482,2363,30.1,PASS,0.834,91.02,1.27,3.88,87.06,0.59,4.19,89.54,2.08,4.9,87.45,1.96,5.04,3.817,0.0636,FieldSure-Narcotics-v2.1,0.955,NEG_NO_REACTION,VALIDATED_LAB_CONFIRMED,LAB-CONFIRM-80524,LC-MS/MS (Liquid Chromatography-Tandem Mass Spectrometry),Procaine / Benzocaine (Local Anesthetic),0.0,N/A (Inert Sample),TRUE_NEGATIVE,TRAIN_SET
FS-2026-00526,2026-04-23T18:36:00Z,OP-FORENSIC-122,Customs_Evidence_Unit,Pressed Tablet (Crushed),Ehrlich Reagent (p-DMAB/HCl),LOT-2026-EHRL-762,7589,21.6,FAIL_EXPOSURE,5.907,90.29,1.59,5.26,,,,,,,,,,,,FieldSure-Narcotics-v2.1,0.111,ABSTAIN_FAIL_EXPOSURE,UNVALIDATED_QC_ABSTAIN,LAB-CONFIRM-80525,LC-MS/MS (Liquid Chromatography-Tandem Mass Spectrometry),Heroin Hydrochloride,69.92,Levamisole (8.2%),ABSTAINED_NO_PREDICTION,TRAIN_SET
FS-2026-00527,2026-04-24T02:30:00Z,OP-FORENSIC-122,Border_Control_Post_3,Crystalline Powder,Marquis Reagent (Formaldehyde/Sulfuric Acid),LOT-2026-MARQ-191,564,24.7,PASS,0.61,90.85,1.0,3.95,90.1,0.04,3.16,90.47,0.46,3.38,90.67,0.4,4.42,0.783,0.013,FieldSure-Narcotics-v2.1,0.916,NEG_NO_REACTION,VALIDATED_LAB_CONFIRMED,LAB-CONFIRM-80526,LC-MS/MS (Liquid Chromatography-Tandem Mass Spectrometry),Procaine / Benzocaine (Local Anesthetic),0.0,N/A (Inert Sample),TRUE_NEGATIVE,TRAIN_SET
FS-2026-00528,2026-04-24T08:09:00Z,OP-FORENSIC-123,Metropolitan_Task_Force,Off-White Powder,Simon's Reagent (Sodium Nitroprusside/Acetaldehyde),LOT-2026-SIMN-608,7589,28.6,PASS,0.905,93.88,-0.54,2.92,94.2,-0.36,2.73,94.75,-0.55,2.33,94.15,-0.55,2.7,0.348,0.0058,FieldSure-Narcotics-v2.1,0.918,NEG_NO_REACTION,VALIDATED_LAB_CONFIRMED,LAB-CONFIRM-80527,GC-MS (Gas Chromatography-Mass Spectrometry),Methamphetamine HCl,69.75,None (High Purity Grade),TRUE_POSITIVE,TRAIN_SET
FS-2026-00529,2026-04-24T08:55:00Z,OP-FORENSIC-120,Border_Control_Post_3,Plant Matter Extract,Mandelin Reagent (Ammonium Vanadate/Sulfuric Acid),LOT-2026-MAND-495,7589,24.6,FAIL_BLUR,9.54,86.26,-1.26,2.89,,,,,,,,,,,,FieldSure-Narcotics-v2.1,0.252,ABSTAIN_FAIL_BLUR,UNVALIDATED_QC_ABSTAIN,LAB-CONFIRM-80528,GC-MS (Gas Chromatography-Mass Spectrometry),Delta-9-THC,39.33,Dimethylsulfone (18.4%),ABSTAINED_NO_PREDICTION,TRAIN_SET
FS-2026-00530,2026-04-24T09:54:00Z,OP-FORENSIC-122,Metropolitan_Task_Force,Crystalline Powder,Mecke Reagent (Selenious Acid/Sulfuric Acid),LOT-2026-MECK-458,7589,14.6,PASS,1.413,90.8,0.89,2.31,90.53,1.19,3.43,88.3,0.55,4.56,88.09,1.43,6.03,4.634,0.0772,FieldSure-Narcotics-v2.1,0.982,NEG_NO_REACTION,VALIDATED_LAB_CONFIRMED,LAB-CONFIRM-80529,GC-MS (Gas Chromatography-Mass Spectrometry),"3,4-MDMA (Ecstasy)",53.59,Lactose / Starch,TRUE_POSITIVE,TRAIN_SET
FS-2026-00531,2026-04-24T09:56:00Z,OP-FORENSIC-101,State_Forensic_Field_Team,Off-White Powder,Marquis Reagent (Formaldehyde/Sulfuric Acid),LOT-2026-MARQ-256,2363,23.2,PASS,1.413,95.35,1.5,5.21,94.66,2.83,6.18,92.97,1.36,5.81,91.24,0.56,5.6,4.234,0.0706,FieldSure-Narcotics-v2.1,0.929,NEG_NO_REACTION,VALIDATED_LAB_CONFIRMED,LAB-CONFIRM-80530,FTIR (Fourier Transform Infrared Spectroscopy),Delta-9-THC,66.01,Dimethylsulfone (18.4%),TRUE_POSITIVE,TRAIN_SET
FS-2026-00532,2026-04-24T10:42:00Z,OP-FORENSIC-110,State_Forensic_Field_Team,Off-White Powder,Simon's Reagent (Sodium Nitroprusside/Acetaldehyde),LOT-2026-SIMN-526,2363,23.9,PASS,1.204,87.25,-0.99,4.98,86.81,0.2,6.19,86.77,-0.57,4.01,85.94,0.23,3.39,2.394,0.0399,FieldSure-Narcotics-v2.1,0.898,NEG_NO_REACTION,VALIDATED_LAB_CONFIRMED,LAB-CONFIRM-80531,FTIR (Fourier Transform Infrared Spectroscopy),"3,4-MDMA (Ecstasy)",82.05,Lactose / Starch,TRUE_POSITIVE,TRAIN_SET
FS-2026-00533,2026-04-24T12:34:00Z,OP-FORENSIC-107,Border_Control_Post_3,Crystalline Powder,Scott Reagent (Cobalt Thiocyanate Phase),LOT-2026-SCOT-105,564,23.5,FAIL_GLARE,11.305,91.76,-0.19,3.86,,,,,,,,,,,,FieldSure-Narcotics-v2.1,0.097,ABSTAIN_FAIL_GLARE,UNVALIDATED_QC_ABSTAIN,LAB-CONFIRM-80532,LC-MS/MS (Liquid Chromatography-Tandem Mass Spectrometry),Inert Cutting Agent (Lactose/Caffeine),0.0,N/A (Inert Sample),ABSTAINED_NO_PREDICTION,TRAIN_SET
FS-2026-00534,2026-04-24T13:29:00Z,OP-FORENSIC-112,State_Forensic_Field_Team,Off-White Powder,Marquis Reagent (Formaldehyde/Sulfuric Acid),LOT-2026-MARQ-229,564,26.6,PASS,1.038,91.75,2.06,2.85,73.37,17.31,20.78,57.41,29.89,33.77,49.0,36.04,41.85,67.106,1.1184,FieldSure-Narcotics-v2.1,0.924,POS_FENTANYL_WEAK,VALIDATED_LAB_CONFIRMED,LAB-CONFIRM-80533,LC-MS/MS (Liquid Chromatography-Tandem Mass Spectrometry),Fentanyl HCl (Trace / Weak Response),5.79,Lactose / Starch,TRUE_POSITIVE,TRAIN_SET
FS-2026-00535,2026-04-24T15:41:00Z,OP-FORENSIC-104,Border_Control_Post_3,Pressed Tablet (Crushed),Duquenois-Levine Reagent (Vanillin/Acetaldehyde),LOT-2026-DUQN-255,2363,24.5,PASS,1.092,87.95,1.59,1.63,86.33,2.58,1.17,85.29,1.73,0.98,84.96,1.79,0.78,3.115,0.0519,FieldSure-Narcotics-v2.1,0.975,NEG_NO_REACTION,VALIDATED_LAB_CONFIRMED,LAB-CONFIRM-80534,GC-MS (Gas Chromatography-Mass Spectrometry),"3,4-MDMA (Ecstasy)",63.0,None (High Purity Grade),TRUE_POSITIVE,TRAIN_SET
FS-2026-00536,2026-04-24T19:27:00Z,OP-FORENSIC-112,Customs_Evidence_Unit,Tar/Sticky Resin,Ehrlich Reagent (p-DMAB/HCl),LOT-2026-EHRL-683,564,26.9,PASS,1.742,89.46,-1.15,3.67,91.38,-1.37,3.22,89.7,-2.63,3.85,89.92,-3.64,4.35,2.622,0.0437,FieldSure-Narcotics-v2.1,0.975,NEG_NO_REACTION,VALIDATED_LAB_CONFIRMED,LAB-CONFIRM-80535,GC-MS (Gas Chromatography-Mass Spectrometry),Fentanyl HCl (Trace / Weak Response),15.25,None (High Purity Grade),TRUE_POSITIVE,TRAIN_SET
FS-2026-00537,2026-04-24T19:44:00Z,OP-FORENSIC-102,State_Forensic_Field_Team,Off-White Powder,Scott Reagent (Cobalt Thiocyanate Phase),LOT-2026-SCOT-581,2363,29.1,PASS,1.735,93.2,-1.18,2.47,92.02,-1.73,3.73,89.86,-2.69,2.39,91.07,-1.8,3.82,2.597,0.0433,FieldSure-Narcotics-v2.1,0.909,NEG_NO_REACTION,VALIDATED_LAB_CONFIRMED,LAB-CONFIRM-80536,LC-MS/MS (Liquid Chromatography-Tandem Mass Spectrometry),Heroin Hydrochloride,76.88,Levamisole (8.2%),TRUE_POSITIVE,TRAIN_SET
FS-2026-00538,2026-04-24T22:23:00Z,OP-FORENSIC-124,Metropolitan_Task_Force,Off-White Powder,Mandelin Reagent (Ammonium Vanadate/Sulfuric Acid),LOT-2026-MAND-379,2363,23.6,PASS,0.358,95.04,1.89,3.36,93.91,1.57,3.99,92.24,4.41,5.26,90.82,2.55,4.81,4.511,0.0752,FieldSure-Narcotics-v2.1,0.915,NEG_NO_REACTION,VALIDATED_LAB_CONFIRMED,LAB-CONFIRM-80537,GC-MS (Gas Chromatography-Mass Spectrometry),Inert Cutting Agent (Lactose/Caffeine),0.0,N/A (Inert Sample),TRUE_NEGATIVE,TRAIN_SET
FS-2026-00539,2026-04-25T02:33:00Z,OP-FORENSIC-106,Border_Control_Post_3,Pressed Tablet (Crushed),Mecke Reagent (Selenious Acid/Sulfuric Acid),LOT-2026-MECK-460,7589,22.3,PASS,0.604,91.37,1.63,3.94,90.5,2.28,5.68,90.26,2.27,5.7,90.5,3.11,5.67,2.437,0.0406,FieldSure-Narcotics-v2.1,0.972,NEG_NO_REACTION,VALIDATED_LAB_CONFIRMED,LAB-CONFIRM-80538,GC-MS (Gas Chromatography-Mass Spectrometry),Heroin Hydrochloride,58.24,Dimethylsulfone (18.4%),TRUE_POSITIVE,TRAIN_SET
FS-2026-00540,2026-04-25T15:02:00Z,OP-FORENSIC-112,Metropolitan_Task_Force,Crystalline Powder,Marquis Reagent (Formaldehyde/Sulfuric Acid),LOT-2026-MARQ-796,564,25.5,PASS,1.489,91.94,-1.14,5.31,74.54,-5.08,7.2,59.43,-7.9,9.02,52.51,-9.95,11.36,40.853,0.6809,FieldSure-Narcotics-v2.1,0.928,POS_METHAMPHETAMINE,VALIDATED_LAB_CONFIRMED,LAB-CONFIRM-80539,GC-MS (Gas Chromatography-Mass Spectrometry),Methamphetamine HCl,70.38,Levamisole (8.2%),TRUE_POSITIVE,TRAIN_SET
FS-2026-00541,2026-04-25T15:28:00Z,OP-FORENSIC-123,State_Forensic_Field_Team,Paper Blotter Segment,Duquenois-Levine Reagent (Vanillin/Acetaldehyde),LOT-2026-DUQN-721,2363,32.8,PASS,1.487,88.16,0.48,5.97,88.75,-0.54,6.99,88.12,0.08,5.33,88.53,-0.52,6.5,1.191,0.0198,FieldSure-Narcotics-v2.1,0.931,NEG_NO_REACTION,VALIDATED_LAB_CONFIRMED,LAB-CONFIRM-80540,GC-MS (Gas Chromatography-Mass Spectrometry),Cocaine Hydrochloride,83.0,Dimethylsulfone (18.4%),TRUE_POSITIVE,TRAIN_SET
FS-2026-00542,2026-04-25T16:18:00Z,OP-FORENSIC-111,State_Forensic_Field_Team,Tar/Sticky Resin,Mecke Reagent (Selenious Acid/Sulfuric Acid),LOT-2026-MECK-298,564,24.4,PASS,1.361,91.13,-1.08,1.35,91.43,-2.03,1.47,91.42,-1.37,0.28,91.74,-1.34,1.06,0.724,0.0121,FieldSure-Narcotics-v2.1,0.97,NEG_NO_REACTION,VALIDATED_LAB_CONFIRMED,LAB-CONFIRM-80541,LC-MS/MS (Liquid Chromatography-Tandem Mass Spectrometry),"3,4-MDMA (Ecstasy)",82.24,Levamisole (8.2%),TRUE_POSITIVE,TRAIN_SET
FS-2026-00543,2026-04-25T18:02:00Z,OP-FORENSIC-115,Border_Control_Post_3,Crystalline Powder,Mandelin Reagent (Ammonium Vanadate/Sulfuric Acid),LOT-2026-MAND-650,564,25.1,PASS,1.228,87.09,-0.24,4.15,87.51,0.39,4.55,85.87,-0.71,4.34,87.44,-1.58,4.26,1.389,0.0232,FieldSure-Narcotics-v2.1,0.904,NEG_NO_REACTION,VALIDATED_LAB_CONFIRMED,LAB-CONFIRM-80542,GC-MS (Gas Chromatography-Mass Spectrometry),Fentanyl HCl (Trace / Weak Response),16.32,None (High Purity Grade),TRUE_POSITIVE,TRAIN_SET
FS-2026-00544,2026-04-25T22:22:00Z,OP-FORENSIC-123,Customs_Evidence_Unit,Pressed Tablet (Crushed),Ehrlich Reagent (p-DMAB/HCl),LOT-2026-EHRL-910,564,26.0,PASS,0.945,94.05,0.18,3.47,93.67,-0.16,5.37,91.39,-1.09,5.31,91.02,-0.46,5.91,3.943,0.0657,FieldSure-Narcotics-v2.1,0.985,NEG_NO_REACTION,VALIDATED_LAB_CONFIRMED,LAB-CONFIRM-80543,GC-MS (Gas Chromatography-Mass Spectrometry),Heroin Hydrochloride,66.9,Levamisole (8.2%),TRUE_POSITIVE,TRAIN_SET
FS-2026-00545,2026-04-26T01:19:00Z,OP-FORENSIC-114,Metropolitan_Task_Force,Crystalline Powder,Ehrlich Reagent (p-DMAB/HCl),LOT-2026-EHRL-707,7589,24.3,PASS,1.328,86.94,0.99,3.96,85.28,0.06,6.14,85.68,0.47,6.34,83.31,-1.67,7.06,5.465,0.0911,FieldSure-Narcotics-v2.1,0.937,NEG_NO_REACTION,VALIDATED_LAB_CONFIRMED,LAB-CONFIRM-80544,GC-MS (Gas Chromatography-Mass Spectrometry),Delta-9-THC,37.55,Lactose / Starch,TRUE_POSITIVE,TRAIN_SET
FS-2026-00546,2026-04-26T12:52:00Z,OP-FORENSIC-123,Customs_Evidence_Unit,Tar/Sticky Resin,Ehrlich Reagent (p-DMAB/HCl),LOT-2026-EHRL-192,2363,22.9,FAIL_BLUR,12.055,93.65,1.5,3.63,,,,,,,,,,,,FieldSure-Narcotics-v2.1,0.239,ABSTAIN_FAIL_BLUR,UNVALIDATED_QC_ABSTAIN,LAB-CONFIRM-80545,LC-MS/MS (Liquid Chromatography-Tandem Mass Spectrometry),Cocaine Hydrochloride,79.82,None (High Purity Grade),ABSTAINED_NO_PREDICTION,TRAIN_SET
FS-2026-00547,2026-04-27T08:25:00Z,OP-FORENSIC-109,Border_Control_Post_3,Tar/Sticky Resin,Duquenois-Levine Reagent (Vanillin/Acetaldehyde),LOT-2026-DUQN-372,564,18.6,PASS,1.194,90.37,1.46,3.57,76.2,-9.14,2.96,67.92,-18.46,2.06,62.24,-24.37,2.19,38.215,0.6369,FieldSure-Narcotics-v2.1,0.918,POS_CANNABINOID_THC,VALIDATED_LAB_CONFIRMED,LAB-CONFIRM-80546,GC-MS (Gas Chromatography-Mass Spectrometry),Delta-9-THC,36.88,None (High Purity Grade),TRUE_POSITIVE,TRAIN_SET
FS-2026-00548,2026-04-27T12:54:00Z,OP-FORENSIC-123,Border_Control_Post_3,Plant Matter Extract,Marquis Reagent (Formaldehyde/Sulfuric Acid),LOT-2026-MARQ-769,2363,26.9,PASS,0.915,90.22,-1.34,2.32,65.98,9.17,0.53,49.99,19.43,-0.37,40.09,23.76,-2.16,56.241,0.9374,FieldSure-Narcotics-v2.1,0.988,POS_MDMA,VALIDATED_LAB_CONFIRMED,LAB-CONFIRM-80547,LC-MS/MS (Liquid Chromatography-Tandem Mass Spectrometry),"3,4-MDMA (Ecstasy)",72.43,Lactose / Starch,TRUE_POSITIVE,TRAIN_SET
FS-2026-00549,2026-04-27T16:07:00Z,OP-FORENSIC-107,Border_Control_Post_3,Pressed Tablet (Crushed),Ehrlich Reagent (p-DMAB/HCl),LOT-2026-EHRL-927,2363,25.3,PASS,0.908,87.3,1.72,5.65,86.38,2.67,6.74,87.65,3.73,7.2,87.82,3.2,8.09,2.901,0.0483,FieldSure-Narcotics-v2.1,0.962,NEG_NO_REACTION,VALIDATED_LAB_CONFIRMED,LAB-CONFIRM-80548,GC-MS (Gas Chromatography-Mass Spectrometry),Delta-9-THC,34.06,Lactose / Starch,TRUE_POSITIVE,TRAIN_SET
FS-2026-00550,2026-04-27T16:46:00Z,OP-FORENSIC-116,State_Forensic_Field_Team,Off-White Powder,Marquis Reagent (Formaldehyde/Sulfuric Acid),LOT-2026-MARQ-964,2363,24.8,PASS,1.575,95.78,-0.58,2.54,95.77,-0.14,2.82,94.86,-0.26,3.33,93.85,0.06,4.8,3.04,0.0507,FieldSure-Narcotics-v2.1,0.948,NEG_NO_REACTION,VALIDATED_LAB_CONFIRMED,LAB-CONFIRM-80549,GC-MS (Gas Chromatography-Mass Spectrometry),LSD (Lysergic Acid Diethylamide),53.09,Phenacetin (11.0%),TRUE_POSITIVE,TRAIN_SET
FS-2026-00551,2026-04-27T23:01:00Z,OP-FORENSIC-106,Metropolitan_Task_Force,Off-White Powder,Scott Reagent (Cobalt Thiocyanate Phase),LOT-2026-SCOT-225,2363,32.2,PASS,0.817,94.4,1.63,3.22,92.97,3.0,4.09,93.84,2.56,5.56,94.51,3.08,5.32,2.554,0.0426,FieldSure-Narcotics-v2.1,0.901,NEG_NO_REACTION,VALIDATED_LAB_CONFIRMED,LAB-CONFIRM-80550,LC-MS/MS (Liquid Chromatography-Tandem Mass Spectrometry),Fentanyl HCl (Trace / Weak Response),14.18,None (High Purity Grade),TRUE_POSITIVE,TRAIN_SET
FS-2026-00552,2026-04-27T23:43:00Z,OP-FORENSIC-119,State_Forensic_Field_Team,Tar/Sticky Resin,Simon's Reagent (Sodium Nitroprusside/Acetaldehyde),LOT-2026-SIMN-209,564,20.2,PASS,0.902,90.7,-0.34,4.55,89.43,-0.96,4.64,89.23,-1.19,5.71,88.6,-1.5,5.58,2.611,0.0435,FieldSure-Narcotics-v2.1,0.938,NEG_NO_REACTION,VALIDATED_LAB_CONFIRMED,LAB-CONFIRM-80551,LC-MS/MS (Liquid Chromatography-Tandem Mass Spectrometry),Cocaine Hydrochloride,78.39,Dimethylsulfone (18.4%),TRUE_POSITIVE,TRAIN_SET
FS-2026-00553,2026-04-28T00:02:00Z,OP-FORENSIC-102,State_Forensic_Field_Team,Off-White Powder,Mandelin Reagent (Ammonium Vanadate/Sulfuric Acid),LOT-2026-MAND-655,7589,29.4,PASS,1.461,87.89,-0.2,5.94,87.16,0.05,6.29,86.73,-1.23,5.0,87.0,-1.33,6.29,1.48,0.0247,FieldSure-Narcotics-v2.1,0.935,NEG_NO_REACTION,VALIDATED_LAB_CONFIRMED,LAB-CONFIRM-80552,GC-MS (Gas Chromatography-Mass Spectrometry),Cocaine Hydrochloride,87.82,Caffeine (14.5%),TRUE_POSITIVE,TRAIN_SET
FS-2026-00554,2026-04-28T01:24:00Z,OP-FORENSIC-102,Metropolitan_Task_Force,Off-White Powder,Mecke Reagent (Selenious Acid/Sulfuric Acid),LOT-2026-MECK-329,2363,21.9,PASS,1.846,95.68,0.1,3.94,96.45,0.08,4.36,96.28,0.04,4.61,95.59,0.06,5.72,1.783,0.0297,FieldSure-Narcotics-v2.1,0.915,NEG_NO_REACTION,VALIDATED_LAB_CONFIRMED,LAB-CONFIRM-80553,GC-MS (Gas Chromatography-Mass Spectrometry),Cocaine Hydrochloride,84.69,Caffeine (14.5%),TRUE_POSITIVE,TRAIN_SET
FS-2026-00555,2026-04-28T03:19:00Z,OP-FORENSIC-113,Border_Control_Post_3,Tar/Sticky Resin,Ehrlich Reagent (p-DMAB/HCl),LOT-2026-EHRL-459,7589,21.6,PASS,0.781,94.91,-0.4,4.17,92.73,-0.73,3.77,93.63,-0.6,4.12,92.78,-0.36,3.71,2.179,0.0363,FieldSure-Narcotics-v2.1,0.938,NEG_NO_REACTION,VALIDATED_LAB_CONFIRMED,LAB-CONFIRM-80554,GC-MS (Gas Chromatography-Mass Spectrometry),Inert Cutting Agent (Lactose/Caffeine),0.0,N/A (Inert Sample),TRUE_NEGATIVE,TRAIN_SET
FS-2026-00556,2026-04-28T03:35:00Z,OP-FORENSIC-116,District_Lab_North,Crystalline Powder,Mandelin Reagent (Ammonium Vanadate/Sulfuric Acid),LOT-2026-MAND-889,2363,23.3,PASS,1.58,86.19,1.14,4.35,84.83,2.87,4.95,84.12,2.51,4.47,83.55,2.47,5.24,3.087,0.0514,FieldSure-Narcotics-v2.1,0.948,NEG_NO_REACTION,VALIDATED_LAB_CONFIRMED,LAB-CONFIRM-80555,GC-MS (Gas Chromatography-Mass Spectrometry),Procaine / Benzocaine (Local Anesthetic),0.0,N/A (Inert Sample),TRUE_NEGATIVE,TRAIN_SET
FS-2026-00557,2026-04-28T07:04:00Z,OP-FORENSIC-113,Customs_Evidence_Unit,Pressed Tablet (Crushed),Simon's Reagent (Sodium Nitroprusside/Acetaldehyde),LOT-2026-SIMN-952,564,25.0,PASS,0.772,87.35,1.82,1.69,86.07,1.89,4.32,84.54,1.81,3.34,85.04,0.52,3.84,3.413,0.0569,FieldSure-Narcotics-v2.1,0.974,NEG_NO_REACTION,VALIDATED_LAB_CONFIRMED,LAB-CONFIRM-80556,LC-MS/MS (Liquid Chromatography-Tandem Mass Spectrometry),Delta-9-THC,43.72,Caffeine (14.5%),TRUE_POSITIVE,TRAIN_SET
FS-2026-00558,2026-04-28T10:02:00Z,OP-FORENSIC-107,State_Forensic_Field_Team,Off-White Powder,Simon's Reagent (Sodium Nitroprusside/Acetaldehyde),LOT-2026-SIMN-539,564,28.1,PASS,0.599,93.25,-0.59,2.95,91.94,-0.27,2.27,92.2,-0.11,3.24,91.45,-0.69,2.42,1.879,0.0313,FieldSure-Narcotics-v2.1,0.924,NEG_NO_REACTION,VALIDATED_LAB_CONFIRMED,LAB-CONFIRM-80557,GC-MS (Gas Chromatography-Mass Spectrometry),Procaine / Benzocaine (Local Anesthetic),0.0,N/A (Inert Sample),TRUE_NEGATIVE,TRAIN_SET
FS-2026-00559,2026-04-28T11:57:00Z,OP-FORENSIC-115,Customs_Evidence_Unit,Liquid Solution (Diluted),Simon's Reagent (Sodium Nitroprusside/Acetaldehyde),LOT-2026-SIMN-156,7589,23.7,FAIL_BLUR,5.836,95.04,-0.43,5.86,,,,,,,,,,,,FieldSure-Narcotics-v2.1,0.2,ABSTAIN_FAIL_BLUR,UNVALIDATED_QC_ABSTAIN,LAB-CONFIRM-80558,GC-MS (Gas Chromatography-Mass Spectrometry),Methamphetamine HCl,89.99,Caffeine (14.5%),ABSTAINED_NO_PREDICTION,TRAIN_SET
FS-2026-00560,2026-04-28T13:30:00Z,OP-FORENSIC-108,District_Lab_North,Crystalline Powder,Mecke Reagent (Selenious Acid/Sulfuric Acid),LOT-2026-MECK-663,564,27.5,PASS,1.602,89.22,-0.15,3.89,88.94,-0.55,3.54,87.96,0.93,4.87,85.96,1.26,5.07,3.743,0.0624,FieldSure-Narcotics-v2.1,0.956,NEG_NO_REACTION,VALIDATED_LAB_CONFIRMED,LAB-CONFIRM-80559,LC-MS/MS (Liquid Chromatography-Tandem Mass Spectrometry),Delta-9-THC,56.78,Phenacetin (11.0%),TRUE_POSITIVE,TRAIN_SET
FS-2026-00561,2026-04-28T14:16:00Z,OP-FORENSIC-103,State_Forensic_Field_Team,Crystalline Powder,Simon's Reagent (Sodium Nitroprusside/Acetaldehyde),LOT-2026-SIMN-949,7589,21.2,PASS,1.509,87.96,2.26,2.12,89.3,1.99,1.84,86.75,3.27,2.34,87.49,1.86,0.52,1.715,0.0286,FieldSure-Narcotics-v2.1,0.937,NEG_NO_REACTION,VALIDATED_LAB_CONFIRMED,LAB-CONFIRM-80560,FTIR (Fourier Transform Infrared Spectroscopy),LSD (Lysergic Acid Diethylamide),21.69,Caffeine (14.5%),TRUE_POSITIVE,TRAIN_SET
FS-2026-00562,2026-04-28T15:19:00Z,OP-FORENSIC-103,Border_Control_Post_3,Pressed Tablet (Crushed),Simon's Reagent (Sodium Nitroprusside/Acetaldehyde),LOT-2026-SIMN-153,7589,23.7,FAIL_EXPOSURE,11.692,92.02,1.25,4.04,,,,,,,,,,,,FieldSure-Narcotics-v2.1,0.117,ABSTAIN_FAIL_EXPOSURE,UNVALIDATED_QC_ABSTAIN,LAB-CONFIRM-80561,GC-MS (Gas Chromatography-Mass Spectrometry),Heroin Hydrochloride,60.8,None (High Purity Grade),ABSTAINED_NO_PREDICTION,TRAIN_SET
FS-2026-00563,2026-04-28T18:35:00Z,OP-FORENSIC-101,Border_Control_Post_3,Off-White Powder,Simon's Reagent (Sodium Nitroprusside/Acetaldehyde),LOT-2026-SIMN-475,2363,15.5,PASS,1.488,92.14,-1.46,3.83,91.53,-0.84,4.29,91.16,-0.93,5.42,90.74,-0.94,4.87,1.82,0.0303,FieldSure-Narcotics-v2.1,0.942,NEG_NO_REACTION,VALIDATED_LAB_CONFIRMED,LAB-CONFIRM-80562,GC-MS (Gas Chromatography-Mass Spectrometry),LSD (Lysergic Acid Diethylamide),50.11,Dimethylsulfone (18.4%),TRUE_POSITIVE,TRAIN_SET
FS-2026-00564,2026-04-28T23:29:00Z,OP-FORENSIC-114,Customs_Evidence_Unit,Off-White Powder,Scott Reagent (Cobalt Thiocyanate Phase),LOT-2026-SCOT-832,564,20.0,PASS,0.364,92.0,1.96,3.65,89.85,2.71,4.34,89.79,2.05,4.2,89.27,1.95,3.68,2.73,0.0455,FieldSure-Narcotics-v2.1,0.926,NEG_NO_REACTION,VALIDATED_LAB_CONFIRMED,LAB-CONFIRM-80563,GC-MS (Gas Chromatography-Mass Spectrometry),Fentanyl HCl (Trace / Weak Response),10.1,Levamisole (8.2%),TRUE_POSITIVE,TRAIN_SET
FS-2026-00565,2026-04-29T01:29:00Z,OP-FORENSIC-122,Customs_Evidence_Unit,Pressed Tablet (Crushed),Duquenois-Levine Reagent (Vanillin/Acetaldehyde),LOT-2026-DUQN-509,7589,25.2,FAIL_GLARE,12.159,86.81,1.92,2.07,,,,,,,,,,,,FieldSure-Narcotics-v2.1,0.266,ABSTAIN_FAIL_GLARE,UNVALIDATED_QC_ABSTAIN,LAB-CONFIRM-80564,GC-MS (Gas Chromatography-Mass Spectrometry),"3,4-MDMA (Ecstasy)",67.66,Caffeine (14.5%),ABSTAINED_NO_PREDICTION,TRAIN_SET
FS-2026-00566,2026-04-29T03:30:00Z,OP-FORENSIC-116,State_Forensic_Field_Team,Crystalline Powder,Mecke Reagent (Selenious Acid/Sulfuric Acid),LOT-2026-MECK-124,2363,22.5,PASS,1.637,88.91,-0.53,5.92,87.7,0.59,5.75,86.9,-0.61,6.77,87.46,-1.11,7.36,2.124,0.0354,FieldSure-Narcotics-v2.1,0.908,NEG_NO_REACTION,VALIDATED_LAB_CONFIRMED,LAB-CONFIRM-80565,GC-MS (Gas Chromatography-Mass Spectrometry),Heroin Hydrochloride,80.41,Dimethylsulfone (18.4%),TRUE_POSITIVE,TRAIN_SET
FS-2026-00567,2026-04-29T04:06:00Z,OP-FORENSIC-118,State_Forensic_Field_Team,Crystalline Powder,Duquenois-Levine Reagent (Vanillin/Acetaldehyde),LOT-2026-DUQN-683,2363,23.2,PASS,1.379,88.96,1.42,3.01,87.72,0.27,2.03,86.26,0.92,2.49,86.35,0.46,2.67,2.802,0.0467,FieldSure-Narcotics-v2.1,0.915,NEG_NO_REACTION,VALIDATED_LAB_CONFIRMED,LAB-CONFIRM-80566,LC-MS/MS (Liquid Chromatography-Tandem Mass Spectrometry),Procaine / Benzocaine (Local Anesthetic),0.0,N/A (Inert Sample),TRUE_NEGATIVE,TRAIN_SET
FS-2026-00568,2026-04-29T06:03:00Z,OP-FORENSIC-124,Border_Control_Post_3,Tar/Sticky Resin,Mecke Reagent (Selenious Acid/Sulfuric Acid),LOT-2026-MECK-461,564,25.0,PASS,0.415,95.74,-0.5,2.48,94.56,-1.87,1.81,94.93,-0.92,1.89,93.73,-1.67,0.8,2.869,0.0478,FieldSure-Narcotics-v2.1,0.941,NEG_NO_REACTION,VALIDATED_LAB_CONFIRMED,LAB-CONFIRM-80567,LC-MS/MS (Liquid Chromatography-Tandem Mass Spectrometry),Procaine / Benzocaine (Local Anesthetic),0.0,N/A (Inert Sample),TRUE_NEGATIVE,TRAIN_SET
FS-2026-00569,2026-04-29T11:26:00Z,OP-FORENSIC-122,Customs_Evidence_Unit,Liquid Solution (Diluted),Mandelin Reagent (Ammonium Vanadate/Sulfuric Acid),LOT-2026-MAND-433,564,28.1,PASS,0.549,87.93,-0.4,4.89,87.22,0.42,4.26,86.42,-0.4,5.57,85.05,-0.24,4.53,2.907,0.0484,FieldSure-Narcotics-v2.1,0.97,NEG_NO_REACTION,VALIDATED_LAB_CONFIRMED,LAB-CONFIRM-80568,GC-MS (Gas Chromatography-Mass Spectrometry),Methamphetamine HCl,82.14,Caffeine (14.5%),TRUE_POSITIVE,TRAIN_SET
FS-2026-00570,2026-04-29T15:40:00Z,OP-FORENSIC-110,District_Lab_North,Pressed Tablet (Crushed),Ehrlich Reagent (p-DMAB/HCl),LOT-2026-EHRL-365,2363,20.0,FAIL_GLARE,7.162,88.73,1.32,3.66,,,,,,,,,,,,FieldSure-Narcotics-v2.1,0.037,ABSTAIN_FAIL_GLARE,UNVALIDATED_QC_ABSTAIN,LAB-CONFIRM-80569,GC-MS (Gas Chromatography-Mass Spectrometry),Methamphetamine HCl,85.01,Dimethylsulfone (18.4%),ABSTAINED_NO_PREDICTION,TRAIN_SET
FS-2026-00571,2026-04-29T16:38:00Z,OP-FORENSIC-113,District_Lab_North,Crystalline Powder,Mandelin Reagent (Ammonium Vanadate/Sulfuric Acid),LOT-2026-MAND-230,2363,24.8,PASS,1.216,90.97,1.54,3.28,89.89,3.15,3.62,89.17,2.6,3.05,87.97,1.56,3.33,3.0,0.05,FieldSure-Narcotics-v2.1,0.982,NEG_NO_REACTION,VALIDATED_LAB_CONFIRMED,LAB-CONFIRM-80570,GC-MS (Gas Chromatography-Mass Spectrometry),Cocaine Hydrochloride,91.93,Caffeine (14.5%),TRUE_POSITIVE,TRAIN_SET
FS-2026-00572,2026-04-29T16:45:00Z,OP-FORENSIC-103,District_Lab_North,Crystalline Powder,Scott Reagent (Cobalt Thiocyanate Phase),LOT-2026-SCOT-804,7589,18.4,FAIL_BLUR,10.103,90.49,2.3,3.71,,,,,,,,,,,,FieldSure-Narcotics-v2.1,0.165,ABSTAIN_FAIL_BLUR,UNVALIDATED_QC_ABSTAIN,LAB-CONFIRM-80571,GC-MS (Gas Chromatography-Mass Spectrometry),Cocaine Hydrochloride,92.01,Phenacetin (11.0%),ABSTAINED_NO_PREDICTION,TRAIN_SET
FS-2026-00573,2026-04-29T21:31:00Z,OP-FORENSIC-123,Border_Control_Post_3,Crystalline Powder,Simon's Reagent (Sodium Nitroprusside/Acetaldehyde),LOT-2026-SIMN-406,564,20.2,PASS,0.741,93.85,2.36,1.71,92.53,3.66,2.05,93.09,4.16,1.88,92.21,3.46,2.89,2.3,0.0383,FieldSure-Narcotics-v2.1,0.994,NEG_NO_REACTION,VALIDATED_LAB_CONFIRMED,LAB-CONFIRM-80572,GC-MS (Gas Chromatography-Mass Spectrometry),Cocaine Hydrochloride,83.56,Levamisole (8.2%),TRUE_POSITIVE,TRAIN_SET
FS-2026-00574,2026-04-29T22:28:00Z,OP-FORENSIC-102,Customs_Evidence_Unit,Off-White Powder,Mandelin Reagent (Ammonium Vanadate/Sulfuric Acid),LOT-2026-MAND-484,564,22.3,PASS,1.842,90.23,0.49,3.81,91.08,1.11,4.94,89.19,0.98,5.49,88.65,1.99,5.14,2.553,0.0426,FieldSure-Narcotics-v2.1,0.955,NEG_NO_REACTION,VALIDATED_LAB_CONFIRMED,LAB-CONFIRM-80573,GC-MS (Gas Chromatography-Mass Spectrometry),Cocaine Hydrochloride,94.2,Lactose / Starch,TRUE_POSITIVE,TRAIN_SET
FS-2026-00575,2026-04-29T22:42:00Z,OP-FORENSIC-101,Metropolitan_Task_Force,Crystalline Powder,Mandelin Reagent (Ammonium Vanadate/Sulfuric Acid),LOT-2026-MAND-725,7589,22.6,PASS,0.606,92.08,-0.43,3.25,90.15,-1.8,5.32,88.25,-2.2,5.5,87.93,-0.69,5.08,4.543,0.0757,FieldSure-Narcotics-v2.1,0.928,NEG_NO_REACTION,VALIDATED_LAB_CONFIRMED,LAB-CONFIRM-80574,GC-MS (Gas Chromatography-Mass Spectrometry),Heroin Hydrochloride,73.19,Phenacetin (11.0%),TRUE_POSITIVE,TRAIN_SET
FS-2026-00576,2026-04-29T22:55:00Z,OP-FORENSIC-109,State_Forensic_Field_Team,Plant Matter Extract,Mecke Reagent (Selenious Acid/Sulfuric Acid),LOT-2026-MECK-856,564,26.4,PASS,1.784,90.6,-1.26,3.53,90.56,-1.48,4.31,90.31,-1.17,5.31,90.69,-0.8,5.97,2.485,0.0414,FieldSure-Narcotics-v2.1,0.994,NEG_NO_REACTION,VALIDATED_LAB_CONFIRMED,LAB-CONFIRM-80575,GC-MS (Gas Chromatography-Mass Spectrometry),"3,4-MDMA (Ecstasy)",70.69,None (High Purity Grade),TRUE_POSITIVE,TRAIN_SET
FS-2026-00577,2026-04-30T03:01:00Z,OP-FORENSIC-119,Border_Control_Post_3,Liquid Solution (Diluted),Mecke Reagent (Selenious Acid/Sulfuric Acid),LOT-2026-MECK-800,564,14.6,FAIL_GEOMETRY,12.49,94.6,1.02,4.67,,,,,,,,,,,,FieldSure-Narcotics-v2.1,0.052,ABSTAIN_FAIL_GEOMETRY,UNVALIDATED_QC_ABSTAIN,LAB-CONFIRM-80576,LC-MS/MS (Liquid Chromatography-Tandem Mass Spectrometry),Fentanyl HCl (Trace / Weak Response),12.45,Levamisole (8.2%),ABSTAINED_NO_PREDICTION,TRAIN_SET
FS-2026-00578,2026-04-30T04:55:00Z,OP-FORENSIC-108,State_Forensic_Field_Team,Off-White Powder,Scott Reagent (Cobalt Thiocyanate Phase),LOT-2026-SCOT-785,564,25.6,PASS,1.315,86.83,-1.12,3.38,84.93,-0.64,4.36,85.28,-0.88,3.73,84.27,-0.75,3.51,2.59,0.0432,FieldSure-Narcotics-v2.1,0.915,NEG_NO_REACTION,VALIDATED_LAB_CONFIRMED,LAB-CONFIRM-80577,GC-MS (Gas Chromatography-Mass Spectrometry),Heroin Hydrochloride,63.65,Caffeine (14.5%),TRUE_POSITIVE,TRAIN_SET
FS-2026-00579,2026-04-30T06:12:00Z,OP-FORENSIC-122,Metropolitan_Task_Force,Crystalline Powder,Marquis Reagent (Formaldehyde/Sulfuric Acid),LOT-2026-MARQ-563,564,29.1,PASS,0.392,94.39,0.37,3.08,93.34,0.28,3.28,93.18,0.22,5.78,92.48,-0.01,6.03,3.535,0.0589,FieldSure-Narcotics-v2.1,0.937,NEG_NO_REACTION,VALIDATED_LAB_CONFIRMED,LAB-CONFIRM-80578,FTIR (Fourier Transform Infrared Spectroscopy),LSD (Lysergic Acid Diethylamide),20.37,Caffeine (14.5%),TRUE_POSITIVE,TRAIN_SET
FS-2026-00580,2026-04-30T06:27:00Z,OP-FORENSIC-120,Customs_Evidence_Unit,Paper Blotter Segment,Simon's Reagent (Sodium Nitroprusside/Acetaldehyde),LOT-2026-SIMN-788,2363,25.6,PASS,1.138,92.8,0.48,2.76,91.77,-0.75,4.13,91.35,0.5,4.73,90.91,0.96,5.33,3.226,0.0538,FieldSure-Narcotics-v2.1,0.951,NEG_NO_REACTION,VALIDATED_LAB_CONFIRMED,LAB-CONFIRM-80579,GC-MS (Gas Chromatography-Mass Spectrometry),Fentanyl HCl (Trace / Weak Response),10.79,Lactose / Starch,TRUE_POSITIVE,TRAIN_SET
FS-2026-00581,2026-04-30T13:49:00Z,OP-FORENSIC-119,State_Forensic_Field_Team,Off-White Powder,Scott Reagent (Cobalt Thiocyanate Phase),LOT-2026-SCOT-804,564,25.1,PASS,1.109,92.47,1.99,5.93,92.3,1.6,5.67,92.33,1.25,5.84,90.62,1.44,5.94,1.93,0.0322,FieldSure-Narcotics-v2.1,0.923,NEG_NO_REACTION,VALIDATED_LAB_CONFIRMED,LAB-CONFIRM-80580,GC-MS (Gas Chromatography-Mass Spectrometry),Inert Cutting Agent (Lactose/Caffeine),0.0,N/A (Inert Sample),TRUE_NEGATIVE,TRAIN_SET
FS-2026-00582,2026-04-30T19:20:00Z,OP-FORENSIC-124,District_Lab_North,Pressed Tablet (Crushed),Mandelin Reagent (Ammonium Vanadate/Sulfuric Acid),LOT-2026-MAND-409,564,22.7,PASS,0.736,93.51,-1.15,3.0,92.23,-2.21,3.34,92.22,-1.18,2.68,91.91,-1.73,2.16,1.898,0.0316,FieldSure-Narcotics-v2.1,0.943,NEG_NO_REACTION,VALIDATED_LAB_CONFIRMED,LAB-CONFIRM-80581,LC-MS/MS (Liquid Chromatography-Tandem Mass Spectrometry),Heroin Hydrochloride,52.79,Dimethylsulfone (18.4%),TRUE_POSITIVE,TRAIN_SET
FS-2026-00583,2026-04-30T19:40:00Z,OP-FORENSIC-122,Customs_Evidence_Unit,Off-White Powder,Simon's Reagent (Sodium Nitroprusside/Acetaldehyde),LOT-2026-SIMN-551,2363,29.0,PASS,1.217,93.68,1.59,4.46,91.48,2.11,4.86,92.83,1.74,5.04,91.59,2.82,5.78,2.761,0.046,FieldSure-Narcotics-v2.1,0.945,NEG_NO_REACTION,VALIDATED_LAB_CONFIRMED,LAB-CONFIRM-80582,LC-MS/MS (Liquid Chromatography-Tandem Mass Spectrometry),Heroin Hydrochloride,40.79,Caffeine (14.5%),TRUE_POSITIVE,TRAIN_SET
FS-2026-00584,2026-04-30T19:50:00Z,OP-FORENSIC-124,District_Lab_North,Off-White Powder,Duquenois-Levine Reagent (Vanillin/Acetaldehyde),LOT-2026-DUQN-188,2363,23.2,PASS,1.022,92.28,-1.05,4.29,91.62,-0.86,6.21,91.74,-1.27,6.44,92.41,-0.86,6.59,2.311,0.0385,FieldSure-Narcotics-v2.1,0.949,NEG_NO_REACTION,VALIDATED_LAB_CONFIRMED,LAB-CONFIRM-80583,LC-MS/MS (Liquid Chromatography-Tandem Mass Spectrometry),Cocaine Hydrochloride,80.76,None (High Purity Grade),TRUE_POSITIVE,TRAIN_SET
FS-2026-00585,2026-04-30T22:25:00Z,OP-FORENSIC-112,State_Forensic_Field_Team,Crystalline Powder,Mandelin Reagent (Ammonium Vanadate/Sulfuric Acid),LOT-2026-MAND-341,2363,24.3,PASS,1.306,86.16,-0.12,2.9,86.96,-0.56,4.83,85.21,-0.29,5.04,84.64,-0.96,5.69,3.286,0.0548,FieldSure-Narcotics-v2.1,0.947,NEG_NO_REACTION,VALIDATED_LAB_CONFIRMED,LAB-CONFIRM-80584,LC-MS/MS (Liquid Chromatography-Tandem Mass Spectrometry),"3,4-MDMA (Ecstasy)",61.85,None (High Purity Grade),TRUE_POSITIVE,TRAIN_SET
FS-2026-00586,2026-05-01T00:54:00Z,OP-FORENSIC-106,District_Lab_North,Crystalline Powder,Scott Reagent (Cobalt Thiocyanate Phase),LOT-2026-SCOT-717,564,23.2,PASS,0.588,95.91,-1.2,5.41,94.77,-0.63,5.86,93.25,-0.25,5.78,92.02,-0.15,5.71,4.04,0.0673,FieldSure-Narcotics-v2.1,0.901,NEG_NO_REACTION,VALIDATED_LAB_CONFIRMED,LAB-CONFIRM-80585,LC-MS/MS (Liquid Chromatography-Tandem Mass Spectrometry),Inert Cutting Agent (Lactose/Caffeine),0.0,N/A (Inert Sample),TRUE_NEGATIVE,TRAIN_SET
FS-2026-00587,2026-05-01T01:37:00Z,OP-FORENSIC-110,Metropolitan_Task_Force,Tar/Sticky Resin,Ehrlich Reagent (p-DMAB/HCl),LOT-2026-EHRL-307,564,24.0,PASS,0.951,95.1,-1.26,1.5,93.71,-1.62,1.45,94.44,-0.3,2.96,94.07,-0.25,2.21,1.608,0.0268,FieldSure-Narcotics-v2.1,0.919,NEG_NO_REACTION,VALIDATED_LAB_CONFIRMED,LAB-CONFIRM-80586,FTIR (Fourier Transform Infrared Spectroscopy),"3,4-MDMA (Ecstasy)",74.68,Lactose / Starch,TRUE_POSITIVE,TRAIN_SET
FS-2026-00588,2026-05-01T01:41:00Z,OP-FORENSIC-120,District_Lab_North,Paper Blotter Segment,Marquis Reagent (Formaldehyde/Sulfuric Acid),LOT-2026-MARQ-741,564,25.9,PASS,1.072,91.77,0.07,4.02,90.79,0.15,5.66,89.96,2.24,5.34,89.97,1.58,5.88,2.997,0.05,FieldSure-Narcotics-v2.1,0.943,NEG_NO_REACTION,VALIDATED_LAB_CONFIRMED,LAB-CONFIRM-80587,LC-MS/MS (Liquid Chromatography-Tandem Mass Spectrometry),Procaine / Benzocaine (Local Anesthetic),0.0,N/A (Inert Sample),TRUE_NEGATIVE,TRAIN_SET
FS-2026-00589,2026-05-01T03:09:00Z,OP-FORENSIC-122,District_Lab_North,Tar/Sticky Resin,Ehrlich Reagent (p-DMAB/HCl),LOT-2026-EHRL-879,2363,24.8,FAIL_EXPOSURE,6.308,92.4,-1.35,3.1,,,,,,,,,,,,FieldSure-Narcotics-v2.1,0.092,ABSTAIN_FAIL_EXPOSURE,UNVALIDATED_QC_ABSTAIN,LAB-CONFIRM-80588,GC-MS (Gas Chromatography-Mass Spectrometry),Delta-9-THC,39.48,Phenacetin (11.0%),ABSTAINED_NO_PREDICTION,TRAIN_SET
FS-2026-00590,2026-05-01T07:43:00Z,OP-FORENSIC-113,State_Forensic_Field_Team,Pressed Tablet (Crushed),Simon's Reagent (Sodium Nitroprusside/Acetaldehyde),LOT-2026-SIMN-434,564,19.0,PASS,0.421,90.57,2.15,5.37,90.2,3.69,5.55,88.46,3.3,6.76,88.31,3.78,6.59,3.042,0.0507,FieldSure-Narcotics-v2.1,0.995,NEG_NO_REACTION,VALIDATED_LAB_CONFIRMED,LAB-CONFIRM-80589,GC-MS (Gas Chromatography-Mass Spectrometry),Cocaine Hydrochloride,74.32,Phenacetin (11.0%),TRUE_POSITIVE,TRAIN_SET
FS-2026-00591,2026-05-01T14:48:00Z,OP-FORENSIC-110,Customs_Evidence_Unit,Off-White Powder,Scott Reagent (Cobalt Thiocyanate Phase),LOT-2026-SCOT-853,2363,25.2,FAIL_GLARE,11.234,90.46,1.57,3.35,,,,,,,,,,,,FieldSure-Narcotics-v2.1,0.226,ABSTAIN_FAIL_GLARE,UNVALIDATED_QC_ABSTAIN,LAB-CONFIRM-80590,GC-MS (Gas Chromatography-Mass Spectrometry),Inert Cutting Agent (Lactose/Caffeine),0.0,N/A (Inert Sample),ABSTAINED_NO_PREDICTION,TRAIN_SET
FS-2026-00592,2026-05-01T14:53:00Z,OP-FORENSIC-115,Border_Control_Post_3,Pressed Tablet (Crushed),Ehrlich Reagent (p-DMAB/HCl),LOT-2026-EHRL-432,7589,21.8,PASS,1.245,91.29,0.98,2.7,90.87,0.73,1.75,89.29,1.48,3.18,88.72,0.47,3.17,2.662,0.0444,FieldSure-Narcotics-v2.1,0.893,NEG_NO_REACTION,VALIDATED_LAB_CONFIRMED,LAB-CONFIRM-80591,GC-MS (Gas Chromatography-Mass Spectrometry),Procaine / Benzocaine (Local Anesthetic),0.0,N/A (Inert Sample),TRUE_NEGATIVE,TRAIN_SET
FS-2026-00593,2026-05-01T16:56:00Z,OP-FORENSIC-105,State_Forensic_Field_Team,Pressed Tablet (Crushed),Simon's Reagent (Sodium Nitroprusside/Acetaldehyde),LOT-2026-SIMN-250,2363,28.7,FAIL_GLARE,11.439,90.89,2.4,2.45,,,,,,,,,,,,FieldSure-Narcotics-v2.1,0.216,ABSTAIN_FAIL_GLARE,UNVALIDATED_QC_ABSTAIN,LAB-CONFIRM-80592,LC-MS/MS (Liquid Chromatography-Tandem Mass Spectrometry),"3,4-MDMA (Ecstasy)",81.79,Phenacetin (11.0%),ABSTAINED_NO_PREDICTION,TRAIN_SET
FS-2026-00594,2026-05-02T03:16:00Z,OP-FORENSIC-120,District_Lab_North,Off-White Powder,Simon's Reagent (Sodium Nitroprusside/Acetaldehyde),LOT-2026-SIMN-902,7589,21.0,PASS,1.837,87.51,1.15,4.45,88.53,0.12,3.57,86.55,0.56,2.83,86.08,-0.37,4.48,2.087,0.0348,FieldSure-Narcotics-v2.1,0.946,NEG_NO_REACTION,VALIDATED_LAB_CONFIRMED,LAB-CONFIRM-80593,GC-MS (Gas Chromatography-Mass Spectrometry),Inert Cutting Agent (Lactose/Caffeine),0.0,N/A (Inert Sample),TRUE_NEGATIVE,TRAIN_SET
FS-2026-00595,2026-05-02T04:14:00Z,OP-FORENSIC-108,Border_Control_Post_3,Pressed Tablet (Crushed),Scott Reagent (Cobalt Thiocyanate Phase),LOT-2026-SCOT-851,7589,21.8,PASS,0.763,88.18,1.53,5.33,86.45,2.31,6.67,84.73,2.36,6.03,84.62,1.0,7.21,4.061,0.0677,FieldSure-Narcotics-v2.1,0.9,NEG_NO_REACTION,VALIDATED_LAB_CONFIRMED,LAB-CONFIRM-80594,GC-MS (Gas Chromatography-Mass Spectrometry),LSD (Lysergic Acid Diethylamide),29.42,Dimethylsulfone (18.4%),TRUE_POSITIVE,TRAIN_SET
FS-2026-00596,2026-05-02T09:01:00Z,OP-FORENSIC-124,District_Lab_North,Paper Blotter Segment,Ehrlich Reagent (p-DMAB/HCl),LOT-2026-EHRL-720,564,14.0,PASS,1.025,92.99,-1.32,5.56,91.33,-2.25,4.63,91.05,-1.4,5.04,89.79,-2.35,5.27,3.374,0.0562,FieldSure-Narcotics-v2.1,0.961,NEG_NO_REACTION,VALIDATED_LAB_CONFIRMED,LAB-CONFIRM-80595,GC-MS (Gas Chromatography-Mass Spectrometry),Heroin Hydrochloride,79.47,None (High Purity Grade),TRUE_POSITIVE,TRAIN_SET
FS-2026-00597,2026-05-02T10:15:00Z,OP-FORENSIC-121,Border_Control_Post_3,Crystalline Powder,Marquis Reagent (Formaldehyde/Sulfuric Acid),LOT-2026-MARQ-451,2363,21.3,PASS,1.754,87.7,0.44,4.43,87.23,1.79,4.29,85.92,1.51,6.02,86.37,2.12,7.53,3.768,0.0628,FieldSure-Narcotics-v2.1,0.952,NEG_NO_REACTION,VALIDATED_LAB_CONFIRMED,LAB-CONFIRM-80596,LC-MS/MS (Liquid Chromatography-Tandem Mass Spectrometry),Procaine / Benzocaine (Local Anesthetic),0.0,N/A (Inert Sample),TRUE_NEGATIVE,TRAIN_SET
FS-2026-00598,2026-05-02T15:09:00Z,OP-FORENSIC-124,Border_Control_Post_3,Pressed Tablet (Crushed),Simon's Reagent (Sodium Nitroprusside/Acetaldehyde),LOT-2026-SIMN-454,2363,21.2,PASS,1.122,91.35,0.3,4.92,91.53,0.23,4.59,91.07,-1.24,5.57,92.09,0.06,4.45,0.909,0.0152,FieldSure-Narcotics-v2.1,0.988,NEG_NO_REACTION,VALIDATED_LAB_CONFIRMED,LAB-CONFIRM-80597,GC-MS (Gas Chromatography-Mass Spectrometry),Inert Cutting Agent (Lactose/Caffeine),0.0,N/A (Inert Sample),TRUE_NEGATIVE,TRAIN_SET
FS-2026-00599,2026-05-02T21:00:00Z,OP-FORENSIC-123,District_Lab_North,Pressed Tablet (Crushed),Simon's Reagent (Sodium Nitroprusside/Acetaldehyde),LOT-2026-SIMN-855,7589,27.9,PASS,0.542,91.73,2.16,2.52,92.23,1.39,3.94,90.26,1.97,4.46,90.31,1.94,4.52,2.463,0.0411,FieldSure-Narcotics-v2.1,0.957,NEG_NO_REACTION,VALIDATED_LAB_CONFIRMED,LAB-CONFIRM-80598,GC-MS (Gas Chromatography-Mass Spectrometry),Cocaine Hydrochloride,85.76,Dimethylsulfone (18.4%),TRUE_POSITIVE,TRAIN_SET
FS-2026-00600,2026-05-03T05:29:00Z,OP-FORENSIC-111,Border_Control_Post_3,Pressed Tablet (Crushed),Ehrlich Reagent (p-DMAB/HCl),LOT-2026-EHRL-410,7589,19.6,PASS,0.943,88.52,-0.35,5.06,89.6,0.68,5.87,89.65,-2.02,7.28,88.66,-0.94,7.42,2.437,0.0406,FieldSure-Narcotics-v2.1,0.915,NEG_NO_REACTION,VALIDATED_LAB_CONFIRMED,LAB-CONFIRM-80599,GC-MS (Gas Chromatography-Mass Spectrometry),Cocaine Hydrochloride,83.21,Phenacetin (11.0%),TRUE_POSITIVE,TRAIN_SET
FS-2026-00601,2026-05-03T07:02:00Z,OP-FORENSIC-114,Border_Control_Post_3,Liquid Solution (Diluted),Simon's Reagent (Sodium Nitroprusside/Acetaldehyde),LOT-2026-SIMN-887,564,16.3,PASS,0.583,90.34,2.12,5.44,90.03,2.36,7.46,90.11,2.15,8.56,89.74,3.48,7.57,2.597,0.0433,FieldSure-Narcotics-v2.1,0.946,NEG_NO_REACTION,VALIDATED_LAB_CONFIRMED,LAB-CONFIRM-80600,GC-MS (Gas Chromatography-Mass Spectrometry),Cocaine Hydrochloride,88.89,Levamisole (8.2%),TRUE_POSITIVE,TRAIN_SET
FS-2026-00602,2026-05-03T07:03:00Z,OP-FORENSIC-102,State_Forensic_Field_Team,Pressed Tablet (Crushed),Marquis Reagent (Formaldehyde/Sulfuric Acid),LOT-2026-MARQ-694,7589,24.5,PASS,0.378,91.25,0.08,3.33,90.52,-0.07,3.28,89.68,-0.3,3.23,90.2,-1.77,4.28,2.33,0.0388,FieldSure-Narcotics-v2.1,0.896,NEG_NO_REACTION,VALIDATED_LAB_CONFIRMED,LAB-CONFIRM-80601,GC-MS (Gas Chromatography-Mass Spectrometry),Inert Cutting Agent (Lactose/Caffeine),0.0,N/A (Inert Sample),TRUE_NEGATIVE,TRAIN_SET
FS-2026-00603,2026-05-03T09:33:00Z,OP-FORENSIC-108,State_Forensic_Field_Team,Paper Blotter Segment,Simon's Reagent (Sodium Nitroprusside/Acetaldehyde),LOT-2026-SIMN-874,564,17.9,PASS,1.454,92.67,-0.67,4.05,92.59,0.8,2.02,92.2,-0.63,4.0,91.81,-0.4,4.54,1.026,0.0171,FieldSure-Narcotics-v2.1,0.959,NEG_NO_REACTION,VALIDATED_LAB_CONFIRMED,LAB-CONFIRM-80602,GC-MS (Gas Chromatography-Mass Spectrometry),"3,4-MDMA (Ecstasy)",65.12,Phenacetin (11.0%),TRUE_POSITIVE,TRAIN_SET
FS-2026-00604,2026-05-03T14:29:00Z,OP-FORENSIC-121,District_Lab_North,Crystalline Powder,Ehrlich Reagent (p-DMAB/HCl),LOT-2026-EHRL-909,7589,22.2,FAIL_EXPOSURE,6.775,88.66,0.97,1.32,,,,,,,,,,,,FieldSure-Narcotics-v2.1,0.051,ABSTAIN_FAIL_EXPOSURE,UNVALIDATED_QC_ABSTAIN,LAB-CONFIRM-80603,GC-MS (Gas Chromatography-Mass Spectrometry),Delta-9-THC,35.27,Phenacetin (11.0%),ABSTAINED_NO_PREDICTION,TRAIN_SET
FS-2026-00605,2026-05-03T16:48:00Z,OP-FORENSIC-114,District_Lab_North,Crystalline Powder,Ehrlich Reagent (p-DMAB/HCl),LOT-2026-EHRL-714,2363,24.1,PASS,0.665,87.42,-0.24,3.27,84.99,0.46,1.8,84.5,0.22,2.36,85.1,0.83,2.73,2.611,0.0435,FieldSure-Narcotics-v2.1,0.908,NEG_NO_REACTION,VALIDATED_LAB_CONFIRMED,LAB-CONFIRM-80604,FTIR (Fourier Transform Infrared Spectroscopy),Cocaine Hydrochloride,74.98,Lactose / Starch,TRUE_POSITIVE,TRAIN_SET
FS-2026-00606,2026-05-03T18:26:00Z,OP-FORENSIC-102,Border_Control_Post_3,Tar/Sticky Resin,Marquis Reagent (Formaldehyde/Sulfuric Acid),LOT-2026-MARQ-553,564,19.4,FAIL_GEOMETRY,6.958,92.36,-0.12,4.09,,,,,,,,,,,,FieldSure-Narcotics-v2.1,0.179,ABSTAIN_FAIL_GEOMETRY,UNVALIDATED_QC_ABSTAIN,LAB-CONFIRM-80605,GC-MS (Gas Chromatography-Mass Spectrometry),Delta-9-THC,67.21,Lactose / Starch,ABSTAINED_NO_PREDICTION,TRAIN_SET
FS-2026-00607,2026-05-03T19:25:00Z,OP-FORENSIC-113,District_Lab_North,Tar/Sticky Resin,Simon's Reagent (Sodium Nitroprusside/Acetaldehyde),LOT-2026-SIMN-739,2363,23.9,PASS,1.152,93.36,2.17,4.46,93.24,2.59,4.49,91.51,2.41,3.16,91.19,2.35,4.29,2.184,0.0364,FieldSure-Narcotics-v2.1,0.896,NEG_NO_REACTION,VALIDATED_LAB_CONFIRMED,LAB-CONFIRM-80606,GC-MS (Gas Chromatography-Mass Spectrometry),Inert Cutting Agent (Lactose/Caffeine),0.0,N/A (Inert Sample),TRUE_NEGATIVE,TRAIN_SET
FS-2026-00608,2026-05-03T22:43:00Z,OP-FORENSIC-120,District_Lab_North,Tar/Sticky Resin,Ehrlich Reagent (p-DMAB/HCl),LOT-2026-EHRL-116,564,21.5,PASS,0.571,90.16,1.18,4.66,89.1,0.96,6.78,88.0,0.18,6.75,89.19,-0.23,6.72,2.678,0.0446,FieldSure-Narcotics-v2.1,0.944,NEG_NO_REACTION,VALIDATED_LAB_CONFIRMED,LAB-CONFIRM-80607,GC-MS (Gas Chromatography-Mass Spectrometry),Inert Cutting Agent (Lactose/Caffeine),0.0,N/A (Inert Sample),TRUE_NEGATIVE,TRAIN_SET
FS-2026-00609,2026-05-03T23:14:00Z,OP-FORENSIC-113,Metropolitan_Task_Force,Crystalline Powder,Marquis Reagent (Formaldehyde/Sulfuric Acid),LOT-2026-MARQ-936,7589,22.3,FAIL_GEOMETRY,7.745,93.72,-1.07,3.07,,,,,,,,,,,,FieldSure-Narcotics-v2.1,0.225,ABSTAIN_FAIL_GEOMETRY,UNVALIDATED_QC_ABSTAIN,LAB-CONFIRM-80608,GC-MS (Gas Chromatography-Mass Spectrometry),Cocaine Hydrochloride,81.54,None (High Purity Grade),ABSTAINED_NO_PREDICTION,TRAIN_SET
FS-2026-00610,2026-05-03T23:55:00Z,OP-FORENSIC-109,State_Forensic_Field_Team,Crystalline Powder,Mandelin Reagent (Ammonium Vanadate/Sulfuric Acid),LOT-2026-MAND-230,564,30.3,FAIL_GEOMETRY,8.681,92.31,1.72,2.3,,,,,,,,,,,,FieldSure-Narcotics-v2.1,0.088,ABSTAIN_FAIL_GEOMETRY,UNVALIDATED_QC_ABSTAIN,LAB-CONFIRM-80609,LC-MS/MS (Liquid Chromatography-Tandem Mass Spectrometry),Inert Cutting Agent (Lactose/Caffeine),0.0,N/A (Inert Sample),ABSTAINED_NO_PREDICTION,TRAIN_SET
FS-2026-00611,2026-05-04T01:58:00Z,OP-FORENSIC-118,Metropolitan_Task_Force,Crystalline Powder,Duquenois-Levine Reagent (Vanillin/Acetaldehyde),LOT-2026-DUQN-954,564,24.3,PASS,1.735,93.28,0.54,2.22,92.98,0.3,1.8,93.36,-0.39,2.1,92.48,-0.98,0.52,2.417,0.0403,FieldSure-Narcotics-v2.1,0.955,NEG_NO_REACTION,VALIDATED_LAB_CONFIRMED,LAB-CONFIRM-80610,LC-MS/MS (Liquid Chromatography-Tandem Mass Spectrometry),Fentanyl HCl (Trace / Weak Response),3.13,Dimethylsulfone (18.4%),TRUE_POSITIVE,TRAIN_SET
FS-2026-00612,2026-05-04T06:29:00Z,OP-FORENSIC-106,State_Forensic_Field_Team,Pressed Tablet (Crushed),Marquis Reagent (Formaldehyde/Sulfuric Acid),LOT-2026-MARQ-566,7589,18.4,PASS,0.676,93.06,-1.14,2.43,71.51,18.69,11.95,55.7,33.93,21.0,46.73,42.01,25.59,67.415,1.1236,FieldSure-Narcotics-v2.1,0.954,POS_MDMA,VALIDATED_LAB_CONFIRMED,LAB-CONFIRM-80611,FTIR (Fourier Transform Infrared Spectroscopy),"3,4-MDMA (Ecstasy)",84.05,None (High Purity Grade),TRUE_POSITIVE,TRAIN_SET
FS-2026-00613,2026-05-04T07:38:00Z,OP-FORENSIC-100,Border_Control_Post_3,Tar/Sticky Resin,Ehrlich Reagent (p-DMAB/HCl),LOT-2026-EHRL-371,2363,27.7,PASS,0.431,90.59,0.51,1.62,89.91,-0.32,2.16,90.21,-0.03,2.78,90.0,0.5,3.42,1.894,0.0316,FieldSure-Narcotics-v2.1,0.898,NEG_NO_REACTION,VALIDATED_LAB_CONFIRMED,LAB-CONFIRM-80612,LC-MS/MS (Liquid Chromatography-Tandem Mass Spectrometry),"3,4-MDMA (Ecstasy)",73.54,Lactose / Starch,TRUE_POSITIVE,TRAIN_SET
FS-2026-00614,2026-05-04T11:43:00Z,OP-FORENSIC-112,Metropolitan_Task_Force,Crystalline Powder,Mandelin Reagent (Ammonium Vanadate/Sulfuric Acid),LOT-2026-MAND-518,7589,32.2,PASS,0.615,91.27,1.74,1.03,89.92,1.56,1.68,88.47,2.64,1.49,87.97,2.02,1.74,3.387,0.0564,FieldSure-Narcotics-v2.1,0.9,NEG_NO_REACTION,VALIDATED_LAB_CONFIRMED,LAB-CONFIRM-80613,GC-MS (Gas Chromatography-Mass Spectrometry),Methamphetamine HCl,65.32,None (High Purity Grade),TRUE_POSITIVE,TRAIN_SET
FS-2026-00615,2026-05-04T16:17:00Z,OP-FORENSIC-108,Customs_Evidence_Unit,Pressed Tablet (Crushed),Mandelin Reagent (Ammonium Vanadate/Sulfuric Acid),LOT-2026-MAND-464,564,23.0,FAIL_EXPOSURE,7.601,95.89,1.38,5.96,,,,,,,,,,,,FieldSure-Narcotics-v2.1,0.145,ABSTAIN_FAIL_EXPOSURE,UNVALIDATED_QC_ABSTAIN,LAB-CONFIRM-80614,LC-MS/MS (Liquid Chromatography-Tandem Mass Spectrometry),"3,4-MDMA (Ecstasy)",63.8,Lactose / Starch,ABSTAINED_NO_PREDICTION,TRAIN_SET
FS-2026-00616,2026-05-04T16:36:00Z,OP-FORENSIC-119,District_Lab_North,Pressed Tablet (Crushed),Marquis Reagent (Formaldehyde/Sulfuric Acid),LOT-2026-MARQ-861,2363,27.0,FAIL_GEOMETRY,10.035,93.46,1.31,1.85,,,,,,,,,,,,FieldSure-Narcotics-v2.1,0.107,ABSTAIN_FAIL_GEOMETRY,UNVALIDATED_QC_ABSTAIN,LAB-CONFIRM-80615,GC-MS (Gas Chromatography-Mass Spectrometry),Procaine / Benzocaine (Local Anesthetic),0.0,N/A (Inert Sample),ABSTAINED_NO_PREDICTION,TRAIN_SET
FS-2026-00617,2026-05-04T17:37:00Z,OP-FORENSIC-107,Metropolitan_Task_Force,Crystalline Powder,Duquenois-Levine Reagent (Vanillin/Acetaldehyde),LOT-2026-DUQN-261,7589,28.4,PASS,0.492,95.55,1.75,2.9,94.63,1.89,3.44,93.97,2.12,4.7,93.14,1.77,5.78,3.755,0.0626,FieldSure-Narcotics-v2.1,0.952,NEG_NO_REACTION,VALIDATED_LAB_CONFIRMED,LAB-CONFIRM-80616,GC-MS (Gas Chromatography-Mass Spectrometry),Methamphetamine HCl,67.44,None (High Purity Grade),TRUE_POSITIVE,TRAIN_SET
FS-2026-00618,2026-05-04T22:02:00Z,OP-FORENSIC-118,Metropolitan_Task_Force,Crystalline Powder,Mandelin Reagent (Ammonium Vanadate/Sulfuric Acid),LOT-2026-MAND-191,2363,20.2,PASS,1.491,88.36,1.56,3.21,86.69,2.56,4.42,84.45,2.11,5.12,84.99,1.95,5.19,3.928,0.0655,FieldSure-Narcotics-v2.1,0.91,NEG_NO_REACTION,VALIDATED_LAB_CONFIRMED,LAB-CONFIRM-80617,GC-MS (Gas Chromatography-Mass Spectrometry),Cocaine Hydrochloride,90.77,Phenacetin (11.0%),TRUE_POSITIVE,TRAIN_SET
FS-2026-00619,2026-05-05T03:04:00Z,OP-FORENSIC-120,Customs_Evidence_Unit,Liquid Solution (Diluted),Mandelin Reagent (Ammonium Vanadate/Sulfuric Acid),LOT-2026-MAND-130,564,26.3,PASS,0.782,95.02,-0.91,2.44,94.53,-0.64,3.37,93.95,-0.61,4.27,95.52,-0.56,4.24,1.901,0.0317,FieldSure-Narcotics-v2.1,0.929,NEG_NO_REACTION,VALIDATED_LAB_CONFIRMED,LAB-CONFIRM-80618,LC-MS/MS (Liquid Chromatography-Tandem Mass Spectrometry),Heroin Hydrochloride,54.07,Lactose / Starch,TRUE_POSITIVE,TRAIN_SET
FS-2026-00620,2026-05-05T03:46:00Z,OP-FORENSIC-106,Customs_Evidence_Unit,Liquid Solution (Diluted),Marquis Reagent (Formaldehyde/Sulfuric Acid),LOT-2026-MARQ-647,564,19.5,PASS,0.736,92.53,-1.3,3.08,93.14,-3.42,4.44,91.57,-3.12,5.53,92.72,-3.19,6.43,3.851,0.0642,FieldSure-Narcotics-v2.1,0.979,NEG_NO_REACTION,VALIDATED_LAB_CONFIRMED,LAB-CONFIRM-80619,GC-MS (Gas Chromatography-Mass Spectrometry),Inert Cutting Agent (Lactose/Caffeine),0.0,N/A (Inert Sample),TRUE_NEGATIVE,TRAIN_SET
FS-2026-00621,2026-05-05T09:39:00Z,OP-FORENSIC-111,State_Forensic_Field_Team,Off-White Powder,Ehrlich Reagent (p-DMAB/HCl),LOT-2026-EHRL-436,564,24.1,PASS,1.667,92.65,1.34,5.84,92.15,0.84,6.77,92.78,0.95,6.48,91.92,0.86,7.02,1.468,0.0245,FieldSure-Narcotics-v2.1,0.933,NEG_NO_REACTION,VALIDATED_LAB_CONFIRMED,LAB-CONFIRM-80620,FTIR (Fourier Transform Infrared Spectroscopy),Procaine / Benzocaine (Local Anesthetic),0.0,N/A (Inert Sample),TRUE_NEGATIVE,TRAIN_SET
FS-2026-00622,2026-05-05T17:49:00Z,OP-FORENSIC-123,Metropolitan_Task_Force,Liquid Solution (Diluted),Simon's Reagent (Sodium Nitroprusside/Acetaldehyde),LOT-2026-SIMN-927,564,22.0,PASS,0.585,87.42,1.18,1.45,87.2,0.8,2.93,88.13,1.46,2.02,87.75,1.13,2.32,0.932,0.0155,FieldSure-Narcotics-v2.1,0.936,NEG_NO_REACTION,VALIDATED_LAB_CONFIRMED,LAB-CONFIRM-80621,GC-MS (Gas Chromatography-Mass Spectrometry),LSD (Lysergic Acid Diethylamide),52.64,Lactose / Starch,TRUE_POSITIVE,TRAIN_SET
FS-2026-00623,2026-05-06T05:27:00Z,OP-FORENSIC-109,District_Lab_North,Pressed Tablet (Crushed),Mandelin Reagent (Ammonium Vanadate/Sulfuric Acid),LOT-2026-MAND-849,564,20.0,PASS,0.524,86.7,-0.54,1.78,85.11,-0.33,0.97,83.75,-0.19,0.87,84.44,0.61,1.47,2.555,0.0426,FieldSure-Narcotics-v2.1,0.91,NEG_NO_REACTION,VALIDATED_LAB_CONFIRMED,LAB-CONFIRM-80622,GC-MS (Gas Chromatography-Mass Spectrometry),Procaine / Benzocaine (Local Anesthetic),0.0,N/A (Inert Sample),TRUE_NEGATIVE,TRAIN_SET
FS-2026-00624,2026-05-06T08:09:00Z,OP-FORENSIC-124,District_Lab_North,Liquid Solution (Diluted),Scott Reagent (Cobalt Thiocyanate Phase),LOT-2026-SCOT-255,564,25.3,FAIL_BLUR,9.147,89.63,2.18,5.3,,,,,,,,,,,,FieldSure-Narcotics-v2.1,0.04,ABSTAIN_FAIL_BLUR,UNVALIDATED_QC_ABSTAIN,LAB-CONFIRM-80623,LC-MS/MS (Liquid Chromatography-Tandem Mass Spectrometry),Methamphetamine HCl,91.05,Phenacetin (11.0%),ABSTAINED_NO_PREDICTION,TRAIN_SET
FS-2026-00625,2026-05-06T08:42:00Z,OP-FORENSIC-124,Metropolitan_Task_Force,Crystalline Powder,Scott Reagent (Cobalt Thiocyanate Phase),LOT-2026-SCOT-861,564,25.1,FAIL_GEOMETRY,6.97,86.59,2.24,2.41,,,,,,,,,,,,FieldSure-Narcotics-v2.1,0.267,ABSTAIN_FAIL_GEOMETRY,UNVALIDATED_QC_ABSTAIN,LAB-CONFIRM-80624,GC-MS (Gas Chromatography-Mass Spectrometry),Procaine / Benzocaine (Local Anesthetic),0.0,N/A (Inert Sample),ABSTAINED_NO_PREDICTION,TRAIN_SET
FS-2026-00626,2026-05-06T09:29:00Z,OP-FORENSIC-120,Customs_Evidence_Unit,Tar/Sticky Resin,Marquis Reagent (Formaldehyde/Sulfuric Acid),LOT-2026-MARQ-121,564,24.3,FAIL_GLARE,7.359,91.44,-0.91,2.36,,,,,,,,,,,,FieldSure-Narcotics-v2.1,0.159,ABSTAIN_FAIL_GLARE,UNVALIDATED_QC_ABSTAIN,LAB-CONFIRM-80625,LC-MS/MS (Liquid Chromatography-Tandem Mass Spectrometry),Fentanyl HCl (Trace / Weak Response),7.8,Phenacetin (11.0%),ABSTAINED_NO_PREDICTION,TRAIN_SET
FS-2026-00627,2026-05-06T10:32:00Z,OP-FORENSIC-108,Border_Control_Post_3,Pressed Tablet (Crushed),Ehrlich Reagent (p-DMAB/HCl),LOT-2026-EHRL-588,564,18.7,PASS,0.775,90.97,-0.87,5.65,88.62,-0.66,5.09,88.09,-1.64,8.08,88.61,-1.82,8.69,3.964,0.0661,FieldSure-Narcotics-v2.1,0.99,NEG_NO_REACTION,VALIDATED_LAB_CONFIRMED,LAB-CONFIRM-80626,GC-MS (Gas Chromatography-Mass Spectrometry),Heroin Hydrochloride,44.21,Lactose / Starch,TRUE_POSITIVE,TRAIN_SET
FS-2026-00628,2026-05-06T12:27:00Z,OP-FORENSIC-116,Customs_Evidence_Unit,Off-White Powder,Scott Reagent (Cobalt Thiocyanate Phase),LOT-2026-SCOT-703,564,29.3,PASS,0.826,94.59,-1.31,2.84,95.34,-0.97,2.78,93.22,-1.1,4.63,93.29,-0.35,4.85,2.579,0.043,FieldSure-Narcotics-v2.1,0.95,NEG_NO_REACTION,VALIDATED_LAB_CONFIRMED,LAB-CONFIRM-80627,GC-MS (Gas Chromatography-Mass Spectrometry),Heroin Hydrochloride,74.56,Levamisole (8.2%),TRUE_POSITIVE,TRAIN_SET
FS-2026-00629,2026-05-06T15:50:00Z,OP-FORENSIC-118,District_Lab_North,Paper Blotter Segment,Scott Reagent (Cobalt Thiocyanate Phase),LOT-2026-SCOT-399,7589,22.3,PASS,0.567,94.88,-1.47,3.31,94.2,-0.52,4.99,93.74,-1.77,2.19,94.53,-1.72,3.68,0.567,0.0094,FieldSure-Narcotics-v2.1,0.92,NEG_NO_REACTION,VALIDATED_LAB_CONFIRMED,LAB-CONFIRM-80628,GC-MS (Gas Chromatography-Mass Spectrometry),Delta-9-THC,67.25,None (High Purity Grade),TRUE_POSITIVE,TRAIN_SET
FS-2026-00630,2026-05-06T18:05:00Z,OP-FORENSIC-114,Customs_Evidence_Unit,Liquid Solution (Diluted),Marquis Reagent (Formaldehyde/Sulfuric Acid),LOT-2026-MARQ-532,2363,19.4,PASS,1.823,88.22,0.32,2.38,87.78,0.95,0.98,86.63,-0.24,0.12,88.02,1.63,0.84,2.032,0.0339,FieldSure-Narcotics-v2.1,0.938,NEG_NO_REACTION,VALIDATED_LAB_CONFIRMED,LAB-CONFIRM-80629,GC-MS (Gas Chromatography-Mass Spectrometry),Inert Cutting Agent (Lactose/Caffeine),0.0,N/A (Inert Sample),TRUE_NEGATIVE,TRAIN_SET
FS-2026-00631,2026-05-06T22:21:00Z,OP-FORENSIC-119,Metropolitan_Task_Force,Crystalline Powder,Marquis Reagent (Formaldehyde/Sulfuric Acid),LOT-2026-MARQ-402,2363,17.7,PASS,1.254,90.36,0.68,2.81,79.53,9.56,8.32,70.28,15.86,13.11,65.99,20.44,17.15,34.496,0.5749,FieldSure-Narcotics-v2.1,0.956,POS_METHAMPHETAMINE,VALIDATED_LAB_CONFIRMED,LAB-CONFIRM-80630,FTIR (Fourier Transform Infrared Spectroscopy),Methamphetamine HCl,82.99,Levamisole (8.2%),TRUE_POSITIVE,TRAIN_SET
FS-2026-00632,2026-05-07T00:04:00Z,OP-FORENSIC-113,Border_Control_Post_3,Crystalline Powder,Mecke Reagent (Selenious Acid/Sulfuric Acid),LOT-2026-MECK-811,2363,25.1,FAIL_BLUR,5.597,89.9,-1.24,4.31,,,,,,,,,,,,FieldSure-Narcotics-v2.1,0.221,ABSTAIN_FAIL_BLUR,UNVALIDATED_QC_ABSTAIN,LAB-CONFIRM-80631,GC-MS (Gas Chromatography-Mass Spectrometry),LSD (Lysergic Acid Diethylamide),29.22,Dimethylsulfone (18.4%),ABSTAINED_NO_PREDICTION,TRAIN_SET
FS-2026-00633,2026-05-07T00:45:00Z,OP-FORENSIC-119,Customs_Evidence_Unit,Pressed Tablet (Crushed),Marquis Reagent (Formaldehyde/Sulfuric Acid),LOT-2026-MARQ-729,564,23.2,PASS,0.354,86.81,1.14,4.85,76.2,7.28,-1.08,65.04,13.96,-5.44,60.14,18.51,-8.71,34.596,0.5766,FieldSure-Narcotics-v2.1,0.988,POS_FENTANYL_WEAK,VALIDATED_LAB_CONFIRMED,LAB-CONFIRM-80632,GC-MS (Gas Chromatography-Mass Spectrometry),Fentanyl HCl (Trace / Weak Response),8.35,Levamisole (8.2%),TRUE_POSITIVE,TRAIN_SET
FS-2026-00634,2026-05-07T00:48:00Z,OP-FORENSIC-122,Border_Control_Post_3,Liquid Solution (Diluted),Simon's Reagent (Sodium Nitroprusside/Acetaldehyde),LOT-2026-SIMN-724,2363,24.2,PASS,1.568,87.06,1.25,1.79,84.44,1.68,2.57,86.46,1.98,2.67,84.71,2.59,2.89,2.92,0.0487,FieldSure-Narcotics-v2.1,0.904,NEG_NO_REACTION,VALIDATED_LAB_CONFIRMED,LAB-CONFIRM-80633,GC-MS (Gas Chromatography-Mass Spectrometry),Heroin Hydrochloride,58.85,None (High Purity Grade),TRUE_POSITIVE,TRAIN_SET
FS-2026-00635,2026-05-07T03:11:00Z,OP-FORENSIC-121,Customs_Evidence_Unit,Pressed Tablet (Crushed),Simon's Reagent (Sodium Nitroprusside/Acetaldehyde),LOT-2026-SIMN-809,564,23.0,PASS,1.102,89.68,0.48,5.05,89.47,0.45,4.95,87.72,1.61,6.26,88.83,2.04,6.76,2.466,0.0411,FieldSure-Narcotics-v2.1,0.97,NEG_NO_REACTION,VALIDATED_LAB_CONFIRMED,LAB-CONFIRM-80634,GC-MS (Gas Chromatography-Mass Spectrometry),Heroin Hydrochloride,53.12,Dimethylsulfone (18.4%),TRUE_POSITIVE,TRAIN_SET
FS-2026-00636,2026-05-07T03:29:00Z,OP-FORENSIC-111,Customs_Evidence_Unit,Pressed Tablet (Crushed),Duquenois-Levine Reagent (Vanillin/Acetaldehyde),LOT-2026-DUQN-418,564,26.1,PASS,1.224,93.86,1.51,1.59,93.15,2.07,1.39,92.28,3.27,2.16,91.73,2.83,1.68,2.507,0.0418,FieldSure-Narcotics-v2.1,0.973,NEG_NO_REACTION,VALIDATED_LAB_CONFIRMED,LAB-CONFIRM-80635,GC-MS (Gas Chromatography-Mass Spectrometry),Cocaine Hydrochloride,88.48,Dimethylsulfone (18.4%),TRUE_POSITIVE,TRAIN_SET
FS-2026-00637,2026-05-07T08:46:00Z,OP-FORENSIC-111,Metropolitan_Task_Force,Off-White Powder,Scott Reagent (Cobalt Thiocyanate Phase),LOT-2026-SCOT-355,2363,21.6,PASS,0.661,88.26,0.01,5.75,84.15,-0.75,4.34,87.03,0.04,7.67,85.18,-0.43,6.66,3.242,0.054,FieldSure-Narcotics-v2.1,0.952,NEG_NO_REACTION,VALIDATED_LAB_CONFIRMED,LAB-CONFIRM-80636,GC-MS (Gas Chromatography-Mass Spectrometry),LSD (Lysergic Acid Diethylamide),30.72,Phenacetin (11.0%),TRUE_POSITIVE,TRAIN_SET
FS-2026-00638,2026-05-07T08:56:00Z,OP-FORENSIC-124,Border_Control_Post_3,Off-White Powder,Mandelin Reagent (Ammonium Vanadate/Sulfuric Acid),LOT-2026-MAND-583,564,28.1,PASS,1.365,93.84,-1.05,5.32,92.5,-1.04,6.17,93.86,-2.09,7.15,93.95,-1.86,7.53,2.356,0.0393,FieldSure-Narcotics-v2.1,0.909,NEG_NO_REACTION,VALIDATED_LAB_CONFIRMED,LAB-CONFIRM-80637,GC-MS (Gas Chromatography-Mass Spectrometry),LSD (Lysergic Acid Diethylamide),50.99,Dimethylsulfone (18.4%),TRUE_POSITIVE,TRAIN_SET
FS-2026-00639,2026-05-07T11:32:00Z,OP-FORENSIC-112,Metropolitan_Task_Force,Pressed Tablet (Crushed),Ehrlich Reagent (p-DMAB/HCl),LOT-2026-EHRL-813,564,33.7,PASS,0.455,90.57,2.41,4.68,86.68,2.31,5.71,88.21,1.68,6.51,88.32,1.33,7.68,3.902,0.065,FieldSure-Narcotics-v2.1,0.95,NEG_NO_REACTION,VALIDATED_LAB_CONFIRMED,LAB-CONFIRM-80638,LC-MS/MS (Liquid Chromatography-Tandem Mass Spectrometry),Cocaine Hydrochloride,89.74,Caffeine (14.5%),TRUE_POSITIVE,TRAIN_SET
FS-2026-00640,2026-05-07T16:13:00Z,OP-FORENSIC-115,State_Forensic_Field_Team,Crystalline Powder,Mecke Reagent (Selenious Acid/Sulfuric Acid),LOT-2026-MECK-293,2363,23.2,PASS,1.062,94.9,1.88,5.42,94.45,1.58,7.59,92.99,2.84,6.67,92.87,1.86,8.11,3.37,0.0562,FieldSure-Narcotics-v2.1,0.912,NEG_NO_REACTION,VALIDATED_LAB_CONFIRMED,LAB-CONFIRM-80639,GC-MS (Gas Chromatography-Mass Spectrometry),Delta-9-THC,65.02,None (High Purity Grade),TRUE_POSITIVE,TRAIN_SET
FS-2026-00641,2026-05-07T18:56:00Z,OP-FORENSIC-121,District_Lab_North,Crystalline Powder,Duquenois-Levine Reagent (Vanillin/Acetaldehyde),LOT-2026-DUQN-719,7589,24.3,PASS,1.019,94.3,0.52,4.37,92.96,0.48,6.69,92.22,2.03,6.33,92.26,1.38,7.35,3.712,0.0619,FieldSure-Narcotics-v2.1,0.957,NEG_NO_REACTION,VALIDATED_LAB_CONFIRMED,LAB-CONFIRM-80640,LC-MS/MS (Liquid Chromatography-Tandem Mass Spectrometry),LSD (Lysergic Acid Diethylamide),50.93,Dimethylsulfone (18.4%),TRUE_POSITIVE,TRAIN_SET
FS-2026-00642,2026-05-07T21:52:00Z,OP-FORENSIC-105,State_Forensic_Field_Team,Off-White Powder,Duquenois-Levine Reagent (Vanillin/Acetaldehyde),LOT-2026-DUQN-666,564,22.5,PASS,0.675,94.32,-1.24,2.56,93.05,-1.95,3.05,91.65,-0.93,1.56,91.33,-1.88,1.5,3.236,0.0539,FieldSure-Narcotics-v2.1,0.935,NEG_NO_REACTION,VALIDATED_LAB_CONFIRMED,LAB-CONFIRM-80641,GC-MS (Gas Chromatography-Mass Spectrometry),Heroin Hydrochloride,74.55,Caffeine (14.5%),TRUE_POSITIVE,TRAIN_SET
FS-2026-00643,2026-05-07T21:58:00Z,OP-FORENSIC-102,Metropolitan_Task_Force,Off-White Powder,Simon's Reagent (Sodium Nitroprusside/Acetaldehyde),LOT-2026-SIMN-745,564,24.5,FAIL_GLARE,9.11,95.85,0.88,4.68,,,,,,,,,,,,FieldSure-Narcotics-v2.1,0.061,ABSTAIN_FAIL_GLARE,UNVALIDATED_QC_ABSTAIN,LAB-CONFIRM-80642,LC-MS/MS (Liquid Chromatography-Tandem Mass Spectrometry),Fentanyl HCl (Trace / Weak Response),14.19,Phenacetin (11.0%),ABSTAINED_NO_PREDICTION,TRAIN_SET
FS-2026-00644,2026-05-08T01:25:00Z,OP-FORENSIC-120,Border_Control_Post_3,Crystalline Powder,Ehrlich Reagent (p-DMAB/HCl),LOT-2026-EHRL-410,564,26.2,PASS,0.871,87.81,2.49,3.39,87.93,1.9,4.0,86.81,2.15,3.48,86.36,1.31,3.6,1.881,0.0314,FieldSure-Narcotics-v2.1,0.894,NEG_NO_REACTION,VALIDATED_LAB_CONFIRMED,LAB-CONFIRM-80643,LC-MS/MS (Liquid Chromatography-Tandem Mass Spectrometry),Inert Cutting Agent (Lactose/Caffeine),0.0,N/A (Inert Sample),TRUE_NEGATIVE,TRAIN_SET
FS-2026-00645,2026-05-08T02:47:00Z,OP-FORENSIC-116,Metropolitan_Task_Force,Tar/Sticky Resin,Mandelin Reagent (Ammonium Vanadate/Sulfuric Acid),LOT-2026-MAND-849,564,19.8,PASS,1.22,95.44,1.75,4.61,94.94,0.99,4.07,93.29,2.5,4.29,92.74,1.76,3.39,2.963,0.0494,FieldSure-Narcotics-v2.1,0.925,NEG_NO_REACTION,VALIDATED_LAB_CONFIRMED,LAB-CONFIRM-80644,LC-MS/MS (Liquid Chromatography-Tandem Mass Spectrometry),Procaine / Benzocaine (Local Anesthetic),0.0,N/A (Inert Sample),TRUE_NEGATIVE,TRAIN_SET
FS-2026-00646,2026-05-08T04:07:00Z,OP-FORENSIC-111,State_Forensic_Field_Team,Pressed Tablet (Crushed),Marquis Reagent (Formaldehyde/Sulfuric Acid),LOT-2026-MARQ-696,564,21.1,PASS,1.098,92.68,1.95,1.47,90.11,3.29,2.78,88.6,2.45,0.69,88.91,2.43,0.96,3.835,0.0639,FieldSure-Narcotics-v2.1,0.908,NEG_NO_REACTION,VALIDATED_LAB_CONFIRMED,LAB-CONFIRM-80645,GC-MS (Gas Chromatography-Mass Spectrometry),Inert Cutting Agent (Lactose/Caffeine),0.0,N/A (Inert Sample),TRUE_NEGATIVE,TRAIN_SET
FS-2026-00647,2026-05-08T05:58:00Z,OP-FORENSIC-114,Border_Control_Post_3,Crystalline Powder,Marquis Reagent (Formaldehyde/Sulfuric Acid),LOT-2026-MARQ-836,2363,22.6,FAIL_BLUR,8.326,86.7,1.78,3.85,,,,,,,,,,,,FieldSure-Narcotics-v2.1,0.079,ABSTAIN_FAIL_BLUR,UNVALIDATED_QC_ABSTAIN,LAB-CONFIRM-80646,GC-MS (Gas Chromatography-Mass Spectrometry),Procaine / Benzocaine (Local Anesthetic),0.0,N/A (Inert Sample),ABSTAINED_NO_PREDICTION,TRAIN_SET
FS-2026-00648,2026-05-08T06:14:00Z,OP-FORENSIC-120,Metropolitan_Task_Force,Crystalline Powder,Ehrlich Reagent (p-DMAB/HCl),LOT-2026-EHRL-399,2363,23.5,PASS,1.409,92.07,0.75,4.23,90.98,0.37,5.48,92.61,1.54,3.95,92.58,0.32,4.33,0.675,0.0113,FieldSure-Narcotics-v2.1,0.925,NEG_NO_REACTION,VALIDATED_LAB_CONFIRMED,LAB-CONFIRM-80647,LC-MS/MS (Liquid Chromatography-Tandem Mass Spectrometry),Cocaine Hydrochloride,92.23,Dimethylsulfone (18.4%),TRUE_POSITIVE,TRAIN_SET
FS-2026-00649,2026-05-08T08:29:00Z,OP-FORENSIC-109,Customs_Evidence_Unit,Crystalline Powder,Ehrlich Reagent (p-DMAB/HCl),LOT-2026-EHRL-204,564,23.6,PASS,1.776,95.23,1.98,3.77,93.09,2.32,3.55,93.41,3.55,6.37,92.55,3.25,6.56,4.072,0.0679,FieldSure-Narcotics-v2.1,0.989,NEG_NO_REACTION,VALIDATED_LAB_CONFIRMED,LAB-CONFIRM-80648,GC-MS (Gas Chromatography-Mass Spectrometry),Methamphetamine HCl,79.46,Lactose / Starch,TRUE_POSITIVE,TRAIN_SET
FS-2026-00650,2026-05-08T12:48:00Z,OP-FORENSIC-101,Metropolitan_Task_Force,Off-White Powder,Duquenois-Levine Reagent (Vanillin/Acetaldehyde),LOT-2026-DUQN-142,2363,23.1,PASS,0.417,89.67,-0.67,1.75,88.87,-0.62,0.93,86.77,-0.5,1.66,86.61,-0.25,2.03,3.101,0.0517,FieldSure-Narcotics-v2.1,0.976,NEG_NO_REACTION,VALIDATED_LAB_CONFIRMED,LAB-CONFIRM-80649,FTIR (Fourier Transform Infrared Spectroscopy),"3,4-MDMA (Ecstasy)",72.91,Caffeine (14.5%),TRUE_POSITIVE,TRAIN_SET
FS-2026-00651,2026-05-08T15:00:00Z,OP-FORENSIC-100,District_Lab_North,Plant Matter Extract,Duquenois-Levine Reagent (Vanillin/Acetaldehyde),LOT-2026-DUQN-978,564,21.5,PASS,1.353,86.41,-1.17,3.08,86.89,-0.19,4.36,85.28,0.46,3.47,85.17,-0.13,4.1,1.913,0.0319,FieldSure-Narcotics-v2.1,0.935,NEG_NO_REACTION,VALIDATED_LAB_CONFIRMED,LAB-CONFIRM-80650,GC-MS (Gas Chromatography-Mass Spectrometry),Cocaine Hydrochloride,87.05,Lactose / Starch,TRUE_POSITIVE,TRAIN_SET
FS-2026-00652,2026-05-08T18:43:00Z,OP-FORENSIC-120,Border_Control_Post_3,Pressed Tablet (Crushed),Duquenois-Levine Reagent (Vanillin/Acetaldehyde),LOT-2026-DUQN-684,564,25.1,PASS,1.515,95.27,-0.08,5.42,94.85,-0.37,5.97,93.9,0.24,5.85,94.9,1.54,5.42,1.662,0.0277,FieldSure-Narcotics-v2.1,0.992,NEG_NO_REACTION,VALIDATED_LAB_CONFIRMED,LAB-CONFIRM-80651,LC-MS/MS (Liquid Chromatography-Tandem Mass Spectrometry),"3,4-MDMA (Ecstasy)",72.32,Levamisole (8.2%),TRUE_POSITIVE,TRAIN_SET
FS-2026-00653,2026-05-08T19:03:00Z,OP-FORENSIC-121,State_Forensic_Field_Team,Crystalline Powder,Ehrlich Reagent (p-DMAB/HCl),LOT-2026-EHRL-223,564,22.8,FAIL_GEOMETRY,5.009,93.47,-0.16,5.99,,,,,,,,,,,,FieldSure-Narcotics-v2.1,0.262,ABSTAIN_FAIL_GEOMETRY,UNVALIDATED_QC_ABSTAIN,LAB-CONFIRM-80652,GC-MS (Gas Chromatography-Mass Spectrometry),"3,4-MDMA (Ecstasy)",50.11,Lactose / Starch,ABSTAINED_NO_PREDICTION,TRAIN_SET
FS-2026-00654,2026-05-08T19:57:00Z,OP-FORENSIC-114,State_Forensic_Field_Team,Off-White Powder,Mecke Reagent (Selenious Acid/Sulfuric Acid),LOT-2026-MECK-946,564,24.2,PASS,0.937,95.35,1.66,4.96,95.93,2.29,4.35,95.56,3.37,5.68,94.95,2.53,5.13,0.973,0.0162,FieldSure-Narcotics-v2.1,0.92,NEG_NO_REACTION,VALIDATED_LAB_CONFIRMED,LAB-CONFIRM-80653,FTIR (Fourier Transform Infrared Spectroscopy),Cocaine Hydrochloride,86.48,Dimethylsulfone (18.4%),TRUE_POSITIVE,TRAIN_SET
FS-2026-00655,2026-05-08T20:33:00Z,OP-FORENSIC-110,Customs_Evidence_Unit,Off-White Powder,Marquis Reagent (Formaldehyde/Sulfuric Acid),LOT-2026-MARQ-901,564,20.5,PASS,1.812,94.3,-0.14,3.95,79.52,17.14,8.24,67.69,30.54,11.46,61.55,36.25,12.5,49.698,0.8283,FieldSure-Narcotics-v2.1,0.892,POS_MDMA,VALIDATED_LAB_CONFIRMED,LAB-CONFIRM-80654,GC-MS (Gas Chromatography-Mass Spectrometry),"3,4-MDMA (Ecstasy)",66.22,Levamisole (8.2%),TRUE_POSITIVE,TRAIN_SET
FS-2026-00656,2026-05-09T00:42:00Z,OP-FORENSIC-112,State_Forensic_Field_Team,Tar/Sticky Resin,Mandelin Reagent (Ammonium Vanadate/Sulfuric Acid),LOT-2026-MAND-566,564,27.8,PASS,1.1,87.14,0.74,3.88,87.45,0.34,3.37,86.68,0.83,3.63,85.67,-0.36,3.07,2.007,0.0334,FieldSure-Narcotics-v2.1,0.963,NEG_NO_REACTION,VALIDATED_LAB_CONFIRMED,LAB-CONFIRM-80655,GC-MS (Gas Chromatography-Mass Spectrometry),Fentanyl HCl (Trace / Weak Response),4.85,Lactose / Starch,TRUE_POSITIVE,TRAIN_SET
FS-2026-00657,2026-05-09T04:24:00Z,OP-FORENSIC-124,Border_Control_Post_3,Crystalline Powder,Mecke Reagent (Selenious Acid/Sulfuric Acid),LOT-2026-MECK-438,2363,32.3,PASS,1.236,89.81,0.77,5.65,89.28,-0.87,6.03,89.13,1.48,5.88,89.86,1.66,6.16,1.027,0.0171,FieldSure-Narcotics-v2.1,0.941,NEG_NO_REACTION,VALIDATED_LAB_CONFIRMED,LAB-CONFIRM-80656,GC-MS (Gas Chromatography-Mass Spectrometry),Heroin Hydrochloride,63.27,Lactose / Starch,TRUE_POSITIVE,TRAIN_SET
FS-2026-00658,2026-05-09T05:18:00Z,OP-FORENSIC-121,Border_Control_Post_3,Crystalline Powder,Mandelin Reagent (Ammonium Vanadate/Sulfuric Acid),LOT-2026-MAND-731,7589,26.5,PASS,0.655,90.67,0.2,2.11,89.96,0.04,2.36,91.29,0.79,3.17,90.59,0.62,1.96,0.453,0.0076,FieldSure-Narcotics-v2.1,0.947,NEG_NO_REACTION,VALIDATED_LAB_CONFIRMED,LAB-CONFIRM-80657,GC-MS (Gas Chromatography-Mass Spectrometry),Inert Cutting Agent (Lactose/Caffeine),0.0,N/A (Inert Sample),TRUE_NEGATIVE,TRAIN_SET
FS-2026-00659,2026-05-09T06:33:00Z,OP-FORENSIC-105,Metropolitan_Task_Force,Pressed Tablet (Crushed),Duquenois-Levine Reagent (Vanillin/Acetaldehyde),LOT-2026-DUQN-752,564,25.2,FAIL_GEOMETRY,10.407,87.12,0.08,2.39,,,,,,,,,,,,FieldSure-Narcotics-v2.1,0.076,ABSTAIN_FAIL_GEOMETRY,UNVALIDATED_QC_ABSTAIN,LAB-CONFIRM-80658,GC-MS (Gas Chromatography-Mass Spectrometry),Fentanyl HCl (Trace / Weak Response),12.05,Caffeine (14.5%),ABSTAINED_NO_PREDICTION,TRAIN_SET
FS-2026-00660,2026-05-09T06:54:00Z,OP-FORENSIC-104,Border_Control_Post_3,Pressed Tablet (Crushed),Scott Reagent (Cobalt Thiocyanate Phase),LOT-2026-SCOT-285,564,23.9,PASS,1.121,94.98,1.7,2.53,94.16,1.96,1.38,91.56,2.44,2.96,91.15,3.18,1.7,4.189,0.0698,FieldSure-Narcotics-v2.1,0.897,NEG_NO_REACTION,VALIDATED_LAB_CONFIRMED,LAB-CONFIRM-80659,LC-MS/MS (Liquid Chromatography-Tandem Mass Spectrometry),Methamphetamine HCl,71.7,Dimethylsulfone (18.4%),TRUE_POSITIVE,TRAIN_SET
FS-2026-00661,2026-05-09T09:24:00Z,OP-FORENSIC-121,Border_Control_Post_3,Off-White Powder,Marquis Reagent (Formaldehyde/Sulfuric Acid),LOT-2026-MARQ-253,2363,27.5,PASS,1.713,92.26,-1.27,5.83,91.38,-2.31,6.06,91.71,-2.95,6.65,91.37,-2.24,5.18,1.468,0.0245,FieldSure-Narcotics-v2.1,0.974,NEG_NO_REACTION,VALIDATED_LAB_CONFIRMED,LAB-CONFIRM-80660,GC-MS (Gas Chromatography-Mass Spectrometry),LSD (Lysergic Acid Diethylamide),41.68,Dimethylsulfone (18.4%),TRUE_POSITIVE,TRAIN_SET
FS-2026-00662,2026-05-09T09:43:00Z,OP-FORENSIC-114,Metropolitan_Task_Force,Off-White Powder,Marquis Reagent (Formaldehyde/Sulfuric Acid),LOT-2026-MARQ-638,564,25.7,PASS,0.528,91.0,1.77,4.41,77.01,13.59,19.18,62.28,21.12,31.05,56.37,26.42,37.79,54.047,0.9008,FieldSure-Narcotics-v2.1,0.913,POS_METHAMPHETAMINE,VALIDATED_LAB_CONFIRMED,LAB-CONFIRM-80661,LC-MS/MS (Liquid Chromatography-Tandem Mass Spectrometry),Methamphetamine HCl,74.72,Lactose / Starch,TRUE_POSITIVE,TRAIN_SET
FS-2026-00663,2026-05-09T09:48:00Z,OP-FORENSIC-100,Border_Control_Post_3,Pressed Tablet (Crushed),Mandelin Reagent (Ammonium Vanadate/Sulfuric Acid),LOT-2026-MAND-342,7589,18.6,PASS,1.457,94.01,-0.56,5.48,93.81,-0.7,6.02,94.02,-1.47,4.3,92.58,-0.93,5.18,1.507,0.0251,FieldSure-Narcotics-v2.1,0.942,NEG_NO_REACTION,VALIDATED_LAB_CONFIRMED,LAB-CONFIRM-80662,GC-MS (Gas Chromatography-Mass Spectrometry),Inert Cutting Agent (Lactose/Caffeine),0.0,N/A (Inert Sample),TRUE_NEGATIVE,TRAIN_SET
FS-2026-00664,2026-05-09T11:04:00Z,OP-FORENSIC-118,State_Forensic_Field_Team,Crystalline Powder,Mecke Reagent (Selenious Acid/Sulfuric Acid),LOT-2026-MECK-180,564,16.4,PASS,1.466,91.88,0.37,4.87,91.02,1.84,5.31,90.7,3.47,5.04,89.45,1.43,4.41,2.691,0.0448,FieldSure-Narcotics-v2.1,0.996,NEG_NO_REACTION,VALIDATED_LAB_CONFIRMED,LAB-CONFIRM-80663,GC-MS (Gas Chromatography-Mass Spectrometry),Delta-9-THC,42.69,Levamisole (8.2%),TRUE_POSITIVE,TRAIN_SET
FS-2026-00665,2026-05-09T11:33:00Z,OP-FORENSIC-104,State_Forensic_Field_Team,Paper Blotter Segment,Mandelin Reagent (Ammonium Vanadate/Sulfuric Acid),LOT-2026-MAND-205,564,25.2,FAIL_EXPOSURE,10.215,87.24,-0.53,2.32,,,,,,,,,,,,FieldSure-Narcotics-v2.1,0.11,ABSTAIN_FAIL_EXPOSURE,UNVALIDATED_QC_ABSTAIN,LAB-CONFIRM-80664,GC-MS (Gas Chromatography-Mass Spectrometry),Methamphetamine HCl,79.14,Lactose / Starch,ABSTAINED_NO_PREDICTION,TRAIN_SET
FS-2026-00666,2026-05-09T12:51:00Z,OP-FORENSIC-103,Border_Control_Post_3,Crystalline Powder,Simon's Reagent (Sodium Nitroprusside/Acetaldehyde),LOT-2026-SIMN-805,2363,15.4,PASS,0.674,88.7,-0.73,3.77,88.14,-0.51,4.29,86.55,0.02,4.45,85.42,0.18,5.76,3.943,0.0657,FieldSure-Narcotics-v2.1,0.977,NEG_NO_REACTION,VALIDATED_LAB_CONFIRMED,LAB-CONFIRM-80665,GC-MS (Gas Chromatography-Mass Spectrometry),Fentanyl HCl (Trace / Weak Response),15.46,Phenacetin (11.0%),TRUE_POSITIVE,TRAIN_SET
FS-2026-00667,2026-05-09T17:28:00Z,OP-FORENSIC-103,Border_Control_Post_3,Crystalline Powder,Mecke Reagent (Selenious Acid/Sulfuric Acid),LOT-2026-MECK-943,2363,21.5,PASS,1.166,91.28,-0.44,3.46,91.15,-0.74,3.74,89.95,-1.01,2.42,90.64,-1.21,2.78,1.21,0.0202,FieldSure-Narcotics-v2.1,0.961,NEG_NO_REACTION,VALIDATED_LAB_CONFIRMED,LAB-CONFIRM-80666,GC-MS (Gas Chromatography-Mass Spectrometry),Procaine / Benzocaine (Local Anesthetic),0.0,N/A (Inert Sample),TRUE_NEGATIVE,TRAIN_SET
FS-2026-00668,2026-05-09T17:45:00Z,OP-FORENSIC-114,District_Lab_North,Crystalline Powder,Mandelin Reagent (Ammonium Vanadate/Sulfuric Acid),LOT-2026-MAND-739,7589,15.2,PASS,0.526,88.76,2.23,1.54,86.15,2.93,2.36,85.36,2.88,1.97,85.2,2.73,2.79,3.806,0.0634,FieldSure-Narcotics-v2.1,0.956,NEG_NO_REACTION,VALIDATED_LAB_CONFIRMED,LAB-CONFIRM-80667,GC-MS (Gas Chromatography-Mass Spectrometry),Cocaine Hydrochloride,92.73,Caffeine (14.5%),TRUE_POSITIVE,TRAIN_SET
FS-2026-00669,2026-05-09T19:51:00Z,OP-FORENSIC-121,Border_Control_Post_3,Crystalline Powder,Mandelin Reagent (Ammonium Vanadate/Sulfuric Acid),LOT-2026-MAND-340,564,15.3,PASS,0.658,90.55,-0.86,3.65,90.86,-1.36,4.23,89.32,-0.46,6.09,91.41,0.46,5.41,2.362,0.0394,FieldSure-Narcotics-v2.1,0.977,NEG_NO_REACTION,VALIDATED_LAB_CONFIRMED,LAB-CONFIRM-80668,GC-MS (Gas Chromatography-Mass Spectrometry),"3,4-MDMA (Ecstasy)",75.9,Phenacetin (11.0%),TRUE_POSITIVE,TRAIN_SET
FS-2026-00670,2026-05-09T20:04:00Z,OP-FORENSIC-124,State_Forensic_Field_Team,Crystalline Powder,Ehrlich Reagent (p-DMAB/HCl),LOT-2026-EHRL-826,564,26.5,PASS,0.874,87.49,-0.4,4.99,85.63,-0.32,6.09,84.16,-0.68,6.0,83.43,-0.16,6.95,4.515,0.0752,FieldSure-Narcotics-v2.1,0.942,NEG_NO_REACTION,VALIDATED_LAB_CONFIRMED,LAB-CONFIRM-80669,GC-MS (Gas Chromatography-Mass Spectrometry),Methamphetamine HCl,90.15,Levamisole (8.2%),TRUE_POSITIVE,TRAIN_SET
FS-2026-00671,2026-05-10T02:01:00Z,OP-FORENSIC-116,District_Lab_North,Off-White Powder,Duquenois-Levine Reagent (Vanillin/Acetaldehyde),LOT-2026-DUQN-980,2363,11.7,PASS,1.824,87.01,-0.26,4.67,87.07,-1.01,4.94,86.39,-0.49,6.0,87.61,-0.4,6.47,1.903,0.0317,FieldSure-Narcotics-v2.1,0.97,NEG_NO_REACTION,VALIDATED_LAB_CONFIRMED,LAB-CONFIRM-80670,GC-MS (Gas Chromatography-Mass Spectrometry),Inert Cutting Agent (Lactose/Caffeine),0.0,N/A (Inert Sample),TRUE_NEGATIVE,TRAIN_SET
FS-2026-00672,2026-05-10T03:25:00Z,OP-FORENSIC-105,State_Forensic_Field_Team,Pressed Tablet (Crushed),Scott Reagent (Cobalt Thiocyanate Phase),LOT-2026-SCOT-373,7589,27.8,PASS,1.195,87.92,-0.73,2.54,88.44,0.29,3.14,85.82,-0.11,1.28,84.52,-0.37,1.85,3.488,0.0581,FieldSure-Narcotics-v2.1,0.916,NEG_NO_REACTION,VALIDATED_LAB_CONFIRMED,LAB-CONFIRM-80671,GC-MS (Gas Chromatography-Mass Spectrometry),Inert Cutting Agent (Lactose/Caffeine),0.0,N/A (Inert Sample),TRUE_NEGATIVE,TRAIN_SET
FS-2026-00673,2026-05-10T10:15:00Z,OP-FORENSIC-106,District_Lab_North,Off-White Powder,Mecke Reagent (Selenious Acid/Sulfuric Acid),LOT-2026-MECK-727,564,21.4,PASS,1.22,92.19,2.35,2.37,91.2,2.31,4.12,90.3,2.13,3.28,90.17,4.02,3.65,2.917,0.0486,FieldSure-Narcotics-v2.1,0.913,NEG_NO_REACTION,VALIDATED_LAB_CONFIRMED,LAB-CONFIRM-80672,LC-MS/MS (Liquid Chromatography-Tandem Mass Spectrometry),LSD (Lysergic Acid Diethylamide),25.13,Dimethylsulfone (18.4%),TRUE_POSITIVE,TRAIN_SET
FS-2026-00674,2026-05-10T12:07:00Z,OP-FORENSIC-111,Customs_Evidence_Unit,Off-White Powder,Marquis Reagent (Formaldehyde/Sulfuric Acid),LOT-2026-MARQ-947,7589,28.6,PASS,0.409,90.02,2.31,4.8,88.59,3.47,5.87,89.04,3.35,5.9,88.3,3.05,5.29,1.935,0.0322,FieldSure-Narcotics-v2.1,0.969,NEG_NO_REACTION,VALIDATED_LAB_CONFIRMED,LAB-CONFIRM-80673,GC-MS (Gas Chromatography-Mass Spectrometry),Procaine / Benzocaine (Local Anesthetic),0.0,N/A (Inert Sample),TRUE_NEGATIVE,TRAIN_SET
FS-2026-00675,2026-05-10T16:33:00Z,OP-FORENSIC-108,State_Forensic_Field_Team,Crystalline Powder,Scott Reagent (Cobalt Thiocyanate Phase),LOT-2026-SCOT-454,7589,22.0,PASS,1.104,86.13,0.01,5.47,85.68,-1.52,6.45,84.93,0.42,8.19,83.46,0.48,8.08,3.763,0.0627,FieldSure-Narcotics-v2.1,0.976,NEG_NO_REACTION,VALIDATED_LAB_CONFIRMED,LAB-CONFIRM-80674,GC-MS (Gas Chromatography-Mass Spectrometry),Inert Cutting Agent (Lactose/Caffeine),0.0,N/A (Inert Sample),TRUE_NEGATIVE,TRAIN_SET
FS-2026-00676,2026-05-10T16:44:00Z,OP-FORENSIC-103,State_Forensic_Field_Team,Plant Matter Extract,Simon's Reagent (Sodium Nitroprusside/Acetaldehyde),LOT-2026-SIMN-829,7589,28.1,PASS,0.634,90.06,0.07,4.69,90.58,-1.0,2.99,88.3,0.02,4.31,88.11,-0.56,5.06,2.082,0.0347,FieldSure-Narcotics-v2.1,0.967,NEG_NO_REACTION,VALIDATED_LAB_CONFIRMED,LAB-CONFIRM-80675,LC-MS/MS (Liquid Chromatography-Tandem Mass Spectrometry),Inert Cutting Agent (Lactose/Caffeine),0.0,N/A (Inert Sample),TRUE_NEGATIVE,TRAIN_SET
FS-2026-00677,2026-05-10T17:28:00Z,OP-FORENSIC-114,District_Lab_North,Crystalline Powder,Simon's Reagent (Sodium Nitroprusside/Acetaldehyde),LOT-2026-SIMN-931,564,24.7,PASS,0.427,94.91,1.57,4.68,93.45,2.44,5.55,92.69,3.73,5.8,92.43,2.61,4.68,2.689,0.0448,FieldSure-Narcotics-v2.1,0.912,NEG_NO_REACTION,VALIDATED_LAB_CONFIRMED,LAB-CONFIRM-80676,LC-MS/MS (Liquid Chromatography-Tandem Mass Spectrometry),Inert Cutting Agent (Lactose/Caffeine),0.0,N/A (Inert Sample),TRUE_NEGATIVE,TRAIN_SET
FS-2026-00678,2026-05-10T21:03:00Z,OP-FORENSIC-103,Customs_Evidence_Unit,Tar/Sticky Resin,Scott Reagent (Cobalt Thiocyanate Phase),LOT-2026-SCOT-280,564,22.8,PASS,1.464,92.95,1.96,1.55,93.05,2.99,1.99,92.11,1.19,0.92,92.54,2.39,1.02,0.796,0.0133,FieldSure-Narcotics-v2.1,0.96,NEG_NO_REACTION,VALIDATED_LAB_CONFIRMED,LAB-CONFIRM-80677,GC-MS (Gas Chromatography-Mass Spectrometry),LSD (Lysergic Acid Diethylamide),16.29,Dimethylsulfone (18.4%),TRUE_POSITIVE,TRAIN_SET
FS-2026-00679,2026-05-11T01:43:00Z,OP-FORENSIC-120,Customs_Evidence_Unit,Crystalline Powder,Mecke Reagent (Selenious Acid/Sulfuric Acid),LOT-2026-MECK-722,2363,20.0,PASS,0.922,95.73,0.58,5.59,96.64,-1.31,6.53,95.87,-0.31,6.98,95.6,0.35,8.16,2.584,0.0431,FieldSure-Narcotics-v2.1,0.923,NEG_NO_REACTION,VALIDATED_LAB_CONFIRMED,LAB-CONFIRM-80678,FTIR (Fourier Transform Infrared Spectroscopy),Inert Cutting Agent (Lactose/Caffeine),0.0,N/A (Inert Sample),TRUE_NEGATIVE,TRAIN_SET
FS-2026-00680,2026-05-11T02:39:00Z,OP-FORENSIC-118,Metropolitan_Task_Force,Tar/Sticky Resin,Scott Reagent (Cobalt Thiocyanate Phase),LOT-2026-SCOT-563,7589,19.4,PASS,1.748,91.35,2.11,1.56,69.98,18.63,2.02,53.65,31.59,1.48,43.9,38.84,2.82,60.018,1.0003,FieldSure-Narcotics-v2.1,0.915,FALSE_POS_LOCAL_ANESTHETIC,VALIDATED_LAB_CONFIRMED,LAB-CONFIRM-80679,GC-MS (Gas Chromatography-Mass Spectrometry),Procaine / Benzocaine (Local Anesthetic),0.0,N/A (Inert Sample),TRUE_POSITIVE,TRAIN_SET
FS-2026-00681,2026-05-11T02:42:00Z,OP-FORENSIC-109,Metropolitan_Task_Force,Off-White Powder,Scott Reagent (Cobalt Thiocyanate Phase),LOT-2026-SCOT-681,564,22.0,PASS,1.035,86.21,-0.53,3.34,65.85,10.55,23.39,47.13,18.7,39.06,38.43,24.52,47.1,69.465,1.1578,FieldSure-Narcotics-v2.1,0.973,POS_COCAINE,VALIDATED_LAB_CONFIRMED,LAB-CONFIRM-80680,LC-MS/MS (Liquid Chromatography-Tandem Mass Spectrometry),Cocaine Hydrochloride,79.17,Dimethylsulfone (18.4%),TRUE_POSITIVE,TRAIN_SET
FS-2026-00682,2026-05-11T03:53:00Z,OP-FORENSIC-120,Metropolitan_Task_Force,Crystalline Powder,Mandelin Reagent (Ammonium Vanadate/Sulfuric Acid),LOT-2026-MAND-134,564,22.9,PASS,0.901,87.36,1.88,3.04,85.28,1.27,2.87,84.85,1.4,2.85,83.99,1.02,3.63,3.528,0.0588,FieldSure-Narcotics-v2.1,0.962,NEG_NO_REACTION,VALIDATED_LAB_CONFIRMED,LAB-CONFIRM-80681,GC-MS (Gas Chromatography-Mass Spectrometry),Cocaine Hydrochloride,86.26,Levamisole (8.2%),TRUE_POSITIVE,TRAIN_SET
FS-2026-00683,2026-05-11T04:10:00Z,OP-FORENSIC-108,Border_Control_Post_3,Off-White Powder,Simon's Reagent (Sodium Nitroprusside/Acetaldehyde),LOT-2026-SIMN-333,2363,23.1,PASS,0.384,94.02,-0.78,2.77,91.5,-1.42,3.27,91.34,-0.2,4.5,90.03,-1.24,5.83,5.049,0.0842,FieldSure-Narcotics-v2.1,0.897,NEG_NO_REACTION,VALIDATED_LAB_CONFIRMED,LAB-CONFIRM-80682,LC-MS/MS (Liquid Chromatography-Tandem Mass Spectrometry),Inert Cutting Agent (Lactose/Caffeine),0.0,N/A (Inert Sample),TRUE_NEGATIVE,TRAIN_SET
FS-2026-00684,2026-05-11T07:50:00Z,OP-FORENSIC-103,Border_Control_Post_3,Pressed Tablet (Crushed),Simon's Reagent (Sodium Nitroprusside/Acetaldehyde),LOT-2026-SIMN-181,7589,21.6,PASS,1.149,87.79,-0.83,2.77,87.87,0.56,5.45,87.83,0.13,5.17,88.02,0.92,5.72,3.438,0.0573,FieldSure-Narcotics-v2.1,0.898,NEG_NO_REACTION,VALIDATED_LAB_CONFIRMED,LAB-CONFIRM-80683,LC-MS/MS (Liquid Chromatography-Tandem Mass Spectrometry),Procaine / Benzocaine (Local Anesthetic),0.0,N/A (Inert Sample),TRUE_NEGATIVE,TRAIN_SET
FS-2026-00685,2026-05-11T10:43:00Z,OP-FORENSIC-122,Metropolitan_Task_Force,Off-White Powder,Duquenois-Levine Reagent (Vanillin/Acetaldehyde),LOT-2026-DUQN-306,2363,26.4,PASS,0.699,90.04,1.76,3.64,87.31,2.3,3.16,89.11,2.21,4.01,87.97,1.37,4.63,2.327,0.0388,FieldSure-Narcotics-v2.1,0.941,NEG_NO_REACTION,VALIDATED_LAB_CONFIRMED,LAB-CONFIRM-80684,FTIR (Fourier Transform Infrared Spectroscopy),Heroin Hydrochloride,62.38,Lactose / Starch,TRUE_POSITIVE,TRAIN_SET
FS-2026-00686,2026-05-11T13:08:00Z,OP-FORENSIC-105,State_Forensic_Field_Team,Crystalline Powder,Duquenois-Levine Reagent (Vanillin/Acetaldehyde),LOT-2026-DUQN-445,564,24.0,FAIL_BLUR,7.597,88.49,2.48,4.1,,,,,,,,,,,,FieldSure-Narcotics-v2.1,0.025,ABSTAIN_FAIL_BLUR,UNVALIDATED_QC_ABSTAIN,LAB-CONFIRM-80685,FTIR (Fourier Transform Infrared Spectroscopy),Fentanyl HCl (Trace / Weak Response),16.55,Phenacetin (11.0%),ABSTAINED_NO_PREDICTION,TRAIN_SET
FS-2026-00687,2026-05-11T13:36:00Z,OP-FORENSIC-111,Metropolitan_Task_Force,Pressed Tablet (Crushed),Duquenois-Levine Reagent (Vanillin/Acetaldehyde),LOT-2026-DUQN-173,564,16.1,PASS,1.713,92.24,-0.19,4.31,90.87,-0.62,5.83,90.27,-0.39,5.05,89.14,0.41,4.77,3.191,0.0532,FieldSure-Narcotics-v2.1,0.993,NEG_NO_REACTION,VALIDATED_LAB_CONFIRMED,LAB-CONFIRM-80686,LC-MS/MS (Liquid Chromatography-Tandem Mass Spectrometry),"3,4-MDMA (Ecstasy)",74.66,Phenacetin (11.0%),TRUE_POSITIVE,TRAIN_SET
FS-2026-00688,2026-05-11T14:06:00Z,OP-FORENSIC-111,Metropolitan_Task_Force,Pressed Tablet (Crushed),Ehrlich Reagent (p-DMAB/HCl),LOT-2026-EHRL-848,564,22.6,FAIL_BLUR,7.994,94.27,1.51,4.54,,,,,,,,,,,,FieldSure-Narcotics-v2.1,0.063,ABSTAIN_FAIL_BLUR,UNVALIDATED_QC_ABSTAIN,LAB-CONFIRM-80687,FTIR (Fourier Transform Infrared Spectroscopy),Delta-9-THC,42.85,Phenacetin (11.0%),ABSTAINED_NO_PREDICTION,TRAIN_SET
FS-2026-00689,2026-05-11T16:04:00Z,OP-FORENSIC-108,District_Lab_North,Plant Matter Extract,Mandelin Reagent (Ammonium Vanadate/Sulfuric Acid),LOT-2026-MAND-815,2363,23.8,PASS,1.574,93.07,-1.2,5.19,91.48,-2.27,5.56,92.47,-2.69,5.64,91.52,-2.53,6.72,2.552,0.0425,FieldSure-Narcotics-v2.1,0.896,NEG_NO_REACTION,VALIDATED_LAB_CONFIRMED,LAB-CONFIRM-80688,GC-MS (Gas Chromatography-Mass Spectrometry),Procaine / Benzocaine (Local Anesthetic),0.0,N/A (Inert Sample),TRUE_NEGATIVE,TRAIN_SET
FS-2026-00690,2026-05-11T16:56:00Z,OP-FORENSIC-100,District_Lab_North,Off-White Powder,Scott Reagent (Cobalt Thiocyanate Phase),LOT-2026-SCOT-891,564,21.0,PASS,0.598,94.94,1.24,4.55,92.88,0.95,5.21,94.09,1.75,6.73,92.55,1.66,6.18,2.923,0.0487,FieldSure-Narcotics-v2.1,0.995,NEG_NO_REACTION,VALIDATED_LAB_CONFIRMED,LAB-CONFIRM-80689,LC-MS/MS (Liquid Chromatography-Tandem Mass Spectrometry),"3,4-MDMA (Ecstasy)",75.62,Phenacetin (11.0%),TRUE_POSITIVE,TRAIN_SET
FS-2026-00691,2026-05-11T17:13:00Z,OP-FORENSIC-120,Customs_Evidence_Unit,Crystalline Powder,Simon's Reagent (Sodium Nitroprusside/Acetaldehyde),LOT-2026-SIMN-875,564,21.2,PASS,1.488,90.09,-1.16,4.06,88.92,-1.35,4.25,88.68,0.25,3.04,87.82,0.05,3.16,2.725,0.0454,FieldSure-Narcotics-v2.1,0.946,NEG_NO_REACTION,VALIDATED_LAB_CONFIRMED,LAB-CONFIRM-80690,GC-MS (Gas Chromatography-Mass Spectrometry),Methamphetamine HCl,74.63,Dimethylsulfone (18.4%),TRUE_POSITIVE,TRAIN_SET
FS-2026-00692,2026-05-11T17:39:00Z,OP-FORENSIC-107,Metropolitan_Task_Force,Crystalline Powder,Ehrlich Reagent (p-DMAB/HCl),LOT-2026-EHRL-401,564,24.2,PASS,1.745,93.88,-1.42,2.0,93.77,-1.51,2.57,91.74,-2.34,3.26,91.78,-1.66,4.74,3.461,0.0577,FieldSure-Narcotics-v2.1,0.952,NEG_NO_REACTION,VALIDATED_LAB_CONFIRMED,LAB-CONFIRM-80691,GC-MS (Gas Chromatography-Mass Spectrometry),Procaine / Benzocaine (Local Anesthetic),0.0,N/A (Inert Sample),TRUE_NEGATIVE,TRAIN_SET
FS-2026-00693,2026-05-11T17:54:00Z,OP-FORENSIC-120,Metropolitan_Task_Force,Crystalline Powder,Mandelin Reagent (Ammonium Vanadate/Sulfuric Acid),LOT-2026-MAND-372,7589,26.3,PASS,0.831,94.73,-1.42,1.91,93.88,-1.39,1.78,93.0,-1.01,3.15,94.14,-2.35,3.46,1.901,0.0317,FieldSure-Narcotics-v2.1,0.943,NEG_NO_REACTION,VALIDATED_LAB_CONFIRMED,LAB-CONFIRM-80692,GC-MS (Gas Chromatography-Mass Spectrometry),Heroin Hydrochloride,77.65,Levamisole (8.2%),TRUE_POSITIVE,TRAIN_SET
FS-2026-00694,2026-05-11T18:07:00Z,OP-FORENSIC-105,Customs_Evidence_Unit,Pressed Tablet (Crushed),Mandelin Reagent (Ammonium Vanadate/Sulfuric Acid),LOT-2026-MAND-698,7589,25.0,PASS,1.154,95.71,0.56,4.84,95.85,1.88,5.35,92.89,-0.42,5.47,93.57,-1.07,6.18,3.005,0.0501,FieldSure-Narcotics-v2.1,0.952,NEG_NO_REACTION,VALIDATED_LAB_CONFIRMED,LAB-CONFIRM-80693,GC-MS (Gas Chromatography-Mass Spectrometry),LSD (Lysergic Acid Diethylamide),37.6,Levamisole (8.2%),TRUE_POSITIVE,TRAIN_SET
FS-2026-00695,2026-05-11T18:11:00Z,OP-FORENSIC-120,Customs_Evidence_Unit,Crystalline Powder,Marquis Reagent (Formaldehyde/Sulfuric Acid),LOT-2026-MARQ-598,2363,28.9,PASS,0.397,95.05,0.09,3.67,94.59,2.06,1.66,93.64,-0.33,3.54,93.35,1.16,3.17,2.07,0.0345,FieldSure-Narcotics-v2.1,0.978,NEG_NO_REACTION,VALIDATED_LAB_CONFIRMED,LAB-CONFIRM-80694,GC-MS (Gas Chromatography-Mass Spectrometry),LSD (Lysergic Acid Diethylamide),44.64,Dimethylsulfone (18.4%),TRUE_POSITIVE,TRAIN_SET
FS-2026-00696,2026-05-11T19:47:00Z,OP-FORENSIC-108,District_Lab_North,Pressed Tablet (Crushed),Duquenois-Levine Reagent (Vanillin/Acetaldehyde),LOT-2026-DUQN-724,7589,22.6,PASS,0.645,95.87,-0.89,1.73,95.28,-0.52,2.6,95.58,-2.1,0.66,95.19,-0.34,0.42,1.575,0.0262,FieldSure-Narcotics-v2.1,0.892,NEG_NO_REACTION,VALIDATED_LAB_CONFIRMED,LAB-CONFIRM-80695,GC-MS (Gas Chromatography-Mass Spectrometry),Cocaine Hydrochloride,86.42,Phenacetin (11.0%),TRUE_POSITIVE,TRAIN_SET
FS-2026-00697,2026-05-11T21:07:00Z,OP-FORENSIC-109,District_Lab_North,Pressed Tablet (Crushed),Mecke Reagent (Selenious Acid/Sulfuric Acid),LOT-2026-MECK-543,564,31.2,PASS,1.494,86.12,0.63,1.19,85.01,0.01,1.55,85.96,2.46,3.17,84.56,1.7,3.54,3.017,0.0503,FieldSure-Narcotics-v2.1,0.894,NEG_NO_REACTION,VALIDATED_LAB_CONFIRMED,LAB-CONFIRM-80696,LC-MS/MS (Liquid Chromatography-Tandem Mass Spectrometry),Inert Cutting Agent (Lactose/Caffeine),0.0,N/A (Inert Sample),TRUE_NEGATIVE,TRAIN_SET
FS-2026-00698,2026-05-12T05:21:00Z,OP-FORENSIC-102,Customs_Evidence_Unit,Off-White Powder,Duquenois-Levine Reagent (Vanillin/Acetaldehyde),LOT-2026-DUQN-672,564,21.2,PASS,1.558,94.54,0.0,3.11,93.39,0.9,3.54,92.5,-1.01,4.51,91.45,-0.81,4.17,3.366,0.0561,FieldSure-Narcotics-v2.1,0.95,NEG_NO_REACTION,VALIDATED_LAB_CONFIRMED,LAB-CONFIRM-80697,LC-MS/MS (Liquid Chromatography-Tandem Mass Spectrometry),Fentanyl HCl (Trace / Weak Response),14.37,Phenacetin (11.0%),TRUE_POSITIVE,TRAIN_SET
FS-2026-00699,2026-05-12T06:45:00Z,OP-FORENSIC-102,Customs_Evidence_Unit,Pressed Tablet (Crushed),Duquenois-Levine Reagent (Vanillin/Acetaldehyde),LOT-2026-DUQN-828,564,24.2,PASS,1.634,91.43,-0.19,4.38,90.48,-1.73,5.53,88.09,-1.45,5.26,88.26,-0.95,3.89,3.296,0.0549,FieldSure-Narcotics-v2.1,0.911,NEG_NO_REACTION,VALIDATED_LAB_CONFIRMED,LAB-CONFIRM-80698,FTIR (Fourier Transform Infrared Spectroscopy),Heroin Hydrochloride,77.54,None (High Purity Grade),TRUE_POSITIVE,TRAIN_SET
FS-2026-00700,2026-05-12T10:24:00Z,OP-FORENSIC-119,Metropolitan_Task_Force,Pressed Tablet (Crushed),Simon's Reagent (Sodium Nitroprusside/Acetaldehyde),LOT-2026-SIMN-493,7589,18.9,PASS,0.629,90.12,-1.48,4.59,89.37,-0.67,2.25,89.4,-0.57,3.95,89.46,-0.49,3.78,1.439,0.024,FieldSure-Narcotics-v2.1,0.931,NEG_NO_REACTION,VALIDATED_LAB_CONFIRMED,LAB-CONFIRM-80699,GC-MS (Gas Chromatography-Mass Spectrometry),Delta-9-THC,53.5,Levamisole (8.2%),TRUE_POSITIVE,TRAIN_SET
FS-2026-00701,2026-05-12T11:38:00Z,OP-FORENSIC-118,Customs_Evidence_Unit,Off-White Powder,Duquenois-Levine Reagent (Vanillin/Acetaldehyde),LOT-2026-DUQN-484,7589,17.5,PASS,1.687,87.3,0.3,5.66,86.88,-0.36,5.22,85.93,-0.11,6.28,84.91,0.69,6.07,2.456,0.0409,FieldSure-Narcotics-v2.1,0.952,NEG_NO_REACTION,VALIDATED_LAB_CONFIRMED,LAB-CONFIRM-80700,GC-MS (Gas Chromatography-Mass Spectrometry),Inert Cutting Agent (Lactose/Caffeine),0.0,N/A (Inert Sample),TRUE_NEGATIVE,TRAIN_SET
FS-2026-00702,2026-05-12T13:07:00Z,OP-FORENSIC-113,Metropolitan_Task_Force,Pressed Tablet (Crushed),Mandelin Reagent (Ammonium Vanadate/Sulfuric Acid),LOT-2026-MAND-636,2363,21.4,PASS,1.156,90.01,0.11,4.63,90.48,1.07,5.99,89.76,0.26,7.12,89.32,-0.77,5.93,1.715,0.0286,FieldSure-Narcotics-v2.1,0.964,NEG_NO_REACTION,VALIDATED_LAB_CONFIRMED,LAB-CONFIRM-80701,GC-MS (Gas Chromatography-Mass Spectrometry),LSD (Lysergic Acid Diethylamide),19.18,Lactose / Starch,TRUE_POSITIVE,TRAIN_SET
FS-2026-00703,2026-05-12T13:19:00Z,OP-FORENSIC-103,Border_Control_Post_3,Pressed Tablet (Crushed),Duquenois-Levine Reagent (Vanillin/Acetaldehyde),LOT-2026-DUQN-567,2363,27.6,PASS,1.84,88.37,-0.02,5.57,87.96,0.48,5.06,88.53,-0.46,5.48,88.75,-0.75,4.89,1.068,0.0178,FieldSure-Narcotics-v2.1,0.983,NEG_NO_REACTION,VALIDATED_LAB_CONFIRMED,LAB-CONFIRM-80702,LC-MS/MS (Liquid Chromatography-Tandem Mass Spectrometry),LSD (Lysergic Acid Diethylamide),49.95,None (High Purity Grade),TRUE_POSITIVE,TRAIN_SET
FS-2026-00704,2026-05-12T16:18:00Z,OP-FORENSIC-108,District_Lab_North,Crystalline Powder,Scott Reagent (Cobalt Thiocyanate Phase),LOT-2026-SCOT-606,2363,21.4,PASS,1.439,88.11,-1.01,1.49,85.2,-0.94,2.18,85.39,-1.95,1.68,85.85,-1.18,0.75,2.384,0.0397,FieldSure-Narcotics-v2.1,0.971,NEG_NO_REACTION,VALIDATED_LAB_CONFIRMED,LAB-CONFIRM-80703,GC-MS (Gas Chromatography-Mass Spectrometry),Delta-9-THC,32.31,Caffeine (14.5%),TRUE_POSITIVE,TRAIN_SET
FS-2026-00705,2026-05-12T17:32:00Z,OP-FORENSIC-120,State_Forensic_Field_Team,Off-White Powder,Simon's Reagent (Sodium Nitroprusside/Acetaldehyde),LOT-2026-SIMN-707,564,21.2,FAIL_GLARE,12.641,93.34,1.84,3.15,,,,,,,,,,,,FieldSure-Narcotics-v2.1,0.109,ABSTAIN_FAIL_GLARE,UNVALIDATED_QC_ABSTAIN,LAB-CONFIRM-80704,LC-MS/MS (Liquid Chromatography-Tandem Mass Spectrometry),Delta-9-THC,46.74,None (High Purity Grade),ABSTAINED_NO_PREDICTION,TRAIN_SET
FS-2026-00706,2026-05-12T20:34:00Z,OP-FORENSIC-123,District_Lab_North,Off-White Powder,Mandelin Reagent (Ammonium Vanadate/Sulfuric Acid),LOT-2026-MAND-408,7589,25.4,PASS,1.828,90.55,0.03,2.83,91.51,0.44,2.1,90.66,-0.48,3.2,90.82,1.08,3.16,1.133,0.0189,FieldSure-Narcotics-v2.1,0.978,NEG_NO_REACTION,VALIDATED_LAB_CONFIRMED,LAB-CONFIRM-80705,GC-MS (Gas Chromatography-Mass Spectrometry),Heroin Hydrochloride,65.52,None (High Purity Grade),TRUE_POSITIVE,TRAIN_SET
FS-2026-00707,2026-05-12T21:11:00Z,OP-FORENSIC-109,Border_Control_Post_3,Tar/Sticky Resin,Mandelin Reagent (Ammonium Vanadate/Sulfuric Acid),LOT-2026-MAND-343,564,29.8,FAIL_GEOMETRY,5.112,86.98,1.0,4.86,,,,,,,,,,,,FieldSure-Narcotics-v2.1,0.126,ABSTAIN_FAIL_GEOMETRY,UNVALIDATED_QC_ABSTAIN,LAB-CONFIRM-80706,GC-MS (Gas Chromatography-Mass Spectrometry),"3,4-MDMA (Ecstasy)",87.26,Lactose / Starch,ABSTAINED_NO_PREDICTION,TRAIN_SET
FS-2026-00708,2026-05-12T21:12:00Z,OP-FORENSIC-113,State_Forensic_Field_Team,Pressed Tablet (Crushed),Scott Reagent (Cobalt Thiocyanate Phase),LOT-2026-SCOT-496,564,21.6,FAIL_EXPOSURE,7.394,88.13,1.64,3.97,,,,,,,,,,,,FieldSure-Narcotics-v2.1,0.276,ABSTAIN_FAIL_EXPOSURE,UNVALIDATED_QC_ABSTAIN,LAB-CONFIRM-80707,GC-MS (Gas Chromatography-Mass Spectrometry),Fentanyl HCl (Trace / Weak Response),5.53,None (High Purity Grade),ABSTAINED_NO_PREDICTION,TRAIN_SET
FS-2026-00709,2026-05-13T01:42:00Z,OP-FORENSIC-114,Customs_Evidence_Unit,Pressed Tablet (Crushed),Mecke Reagent (Selenious Acid/Sulfuric Acid),LOT-2026-MECK-859,564,30.0,PASS,0.587,87.31,1.21,2.95,86.22,0.55,1.75,84.64,-0.44,1.28,84.16,0.66,1.9,3.366,0.0561,FieldSure-Narcotics-v2.1,0.929,NEG_NO_REACTION,VALIDATED_LAB_CONFIRMED,LAB-CONFIRM-80708,GC-MS (Gas Chromatography-Mass Spectrometry),Inert Cutting Agent (Lactose/Caffeine),0.0,N/A (Inert Sample),TRUE_NEGATIVE,TRAIN_SET
FS-2026-00710,2026-05-13T02:49:00Z,OP-FORENSIC-122,District_Lab_North,Pressed Tablet (Crushed),Scott Reagent (Cobalt Thiocyanate Phase),LOT-2026-SCOT-807,7589,28.2,PASS,1.691,92.59,2.11,5.2,75.46,-9.43,18.65,65.69,-18.76,26.28,58.53,-21.76,31.54,49.231,0.8205,FieldSure-Narcotics-v2.1,0.916,FALSE_POS_LOCAL_ANESTHETIC,VALIDATED_LAB_CONFIRMED,LAB-CONFIRM-80709,GC-MS (Gas Chromatography-Mass Spectrometry),Procaine / Benzocaine (Local Anesthetic),0.0,N/A (Inert Sample),TRUE_POSITIVE,TRAIN_SET
FS-2026-00711,2026-05-13T04:04:00Z,OP-FORENSIC-121,State_Forensic_Field_Team,Off-White Powder,Marquis Reagent (Formaldehyde/Sulfuric Acid),LOT-2026-MARQ-191,2363,19.8,PASS,0.921,86.24,-1.08,3.33,85.55,-0.54,2.67,83.36,0.19,2.21,83.52,0.43,2.28,3.283,0.0547,FieldSure-Narcotics-v2.1,0.972,NEG_NO_REACTION,VALIDATED_LAB_CONFIRMED,LAB-CONFIRM-80710,GC-MS (Gas Chromatography-Mass Spectrometry),Cocaine Hydrochloride,91.63,Levamisole (8.2%),TRUE_POSITIVE,TRAIN_SET
FS-2026-00712,2026-05-13T07:47:00Z,OP-FORENSIC-122,District_Lab_North,Crystalline Powder,Marquis Reagent (Formaldehyde/Sulfuric Acid),LOT-2026-MARQ-620,564,24.4,PASS,1.529,87.01,0.05,1.2,74.66,7.96,6.56,67.11,11.1,11.54,61.42,14.44,14.31,32.153,0.5359,FieldSure-Narcotics-v2.1,0.903,POS_FENTANYL_WEAK,VALIDATED_LAB_CONFIRMED,LAB-CONFIRM-80711,FTIR (Fourier Transform Infrared Spectroscopy),Fentanyl HCl (Trace / Weak Response),14.05,Levamisole (8.2%),TRUE_POSITIVE,TRAIN_SET
FS-2026-00713,2026-05-13T08:06:00Z,OP-FORENSIC-115,Customs_Evidence_Unit,Pressed Tablet (Crushed),Duquenois-Levine Reagent (Vanillin/Acetaldehyde),LOT-2026-DUQN-909,564,31.9,PASS,1.593,89.11,-0.73,5.13,88.69,-2.45,3.56,86.14,0.59,3.6,86.74,0.21,4.24,2.7,0.045,FieldSure-Narcotics-v2.1,0.926,NEG_NO_REACTION,VALIDATED_LAB_CONFIRMED,LAB-CONFIRM-80712,LC-MS/MS (Liquid Chromatography-Tandem Mass Spectrometry),LSD (Lysergic Acid Diethylamide),48.65,Phenacetin (11.0%),TRUE_POSITIVE,TRAIN_SET
FS-2026-00714,2026-05-13T12:21:00Z,OP-FORENSIC-110,Border_Control_Post_3,Crystalline Powder,Marquis Reagent (Formaldehyde/Sulfuric Acid),LOT-2026-MARQ-247,2363,25.1,PASS,0.66,93.31,0.95,4.73,94.16,-0.01,4.57,93.85,1.79,6.56,93.44,0.86,5.58,0.865,0.0144,FieldSure-Narcotics-v2.1,0.955,NEG_NO_REACTION,VALIDATED_LAB_CONFIRMED,LAB-CONFIRM-80713,GC-MS (Gas Chromatography-Mass Spectrometry),Delta-9-THC,63.73,Caffeine (14.5%),TRUE_POSITIVE,TRAIN_SET
FS-2026-00715,2026-05-13T15:36:00Z,OP-FORENSIC-107,State_Forensic_Field_Team,Pressed Tablet (Crushed),Duquenois-Levine Reagent (Vanillin/Acetaldehyde),LOT-2026-DUQN-710,2363,23.9,PASS,1.721,87.81,0.36,1.64,86.68,0.06,0.62,86.26,0.48,2.98,85.0,1.18,2.38,3.019,0.0503,FieldSure-Narcotics-v2.1,0.907,NEG_NO_REACTION,VALIDATED_LAB_CONFIRMED,LAB-CONFIRM-80714,GC-MS (Gas Chromatography-Mass Spectrometry),Heroin Hydrochloride,82.67,Levamisole (8.2%),TRUE_POSITIVE,TRAIN_SET
FS-2026-00716,2026-05-13T18:16:00Z,OP-FORENSIC-117,Border_Control_Post_3,Off-White Powder,Mandelin Reagent (Ammonium Vanadate/Sulfuric Acid),LOT-2026-MAND-415,564,25.4,PASS,0.838,93.43,-0.19,4.2,90.68,-0.72,3.79,91.31,-0.16,5.3,90.68,-0.6,5.92,3.269,0.0545,FieldSure-Narcotics-v2.1,0.91,NEG_NO_REACTION,VALIDATED_LAB_CONFIRMED,LAB-CONFIRM-80715,LC-MS/MS (Liquid Chromatography-Tandem Mass Spectrometry),Methamphetamine HCl,81.96,Caffeine (14.5%),TRUE_POSITIVE,TRAIN_SET
FS-2026-00717,2026-05-13T18:26:00Z,OP-FORENSIC-123,State_Forensic_Field_Team,Pressed Tablet (Crushed),Mandelin Reagent (Ammonium Vanadate/Sulfuric Acid),LOT-2026-MAND-288,564,26.3,PASS,1.148,90.81,-0.47,5.35,88.92,0.94,6.13,88.77,-1.7,6.6,89.96,-1.23,6.68,1.752,0.0292,FieldSure-Narcotics-v2.1,0.969,NEG_NO_REACTION,VALIDATED_LAB_CONFIRMED,LAB-CONFIRM-80716,GC-MS (Gas Chromatography-Mass Spectrometry),"3,4-MDMA (Ecstasy)",56.37,Dimethylsulfone (18.4%),TRUE_POSITIVE,TRAIN_SET
FS-2026-00718,2026-05-13T21:05:00Z,OP-FORENSIC-103,Border_Control_Post_3,Tar/Sticky Resin,Ehrlich Reagent (p-DMAB/HCl),LOT-2026-EHRL-335,564,27.6,FAIL_EXPOSURE,9.891,92.73,-0.66,5.6,,,,,,,,,,,,FieldSure-Narcotics-v2.1,0.214,ABSTAIN_FAIL_EXPOSURE,UNVALIDATED_QC_ABSTAIN,LAB-CONFIRM-80717,GC-MS (Gas Chromatography-Mass Spectrometry),Delta-9-THC,53.38,Caffeine (14.5%),ABSTAINED_NO_PREDICTION,TRAIN_SET
FS-2026-00719,2026-05-14T02:21:00Z,OP-FORENSIC-114,State_Forensic_Field_Team,Pressed Tablet (Crushed),Ehrlich Reagent (p-DMAB/HCl),LOT-2026-EHRL-193,564,23.3,PASS,1.437,89.37,0.37,2.25,67.69,0.66,20.5,51.79,0.67,34.88,42.15,0.78,43.27,62.55,1.0425,FieldSure-Narcotics-v2.1,0.959,POS_INDOLE_LSD,VALIDATED_LAB_CONFIRMED,LAB-CONFIRM-80718,LC-MS/MS (Liquid Chromatography-Tandem Mass Spectrometry),LSD (Lysergic Acid Diethylamide),56.84,None (High Purity Grade),TRUE_POSITIVE,TRAIN_SET
FS-2026-00720,2026-05-14T05:15:00Z,OP-FORENSIC-118,District_Lab_North,Off-White Powder,Mecke Reagent (Selenious Acid/Sulfuric Acid),LOT-2026-MECK-314,2363,18.7,PASS,1.083,95.86,2.42,4.41,95.53,2.85,4.84,96.42,2.52,5.77,96.05,3.25,5.64,1.496,0.0249,FieldSure-Narcotics-v2.1,0.99,NEG_NO_REACTION,VALIDATED_LAB_CONFIRMED,LAB-CONFIRM-80719,GC-MS (Gas Chromatography-Mass Spectrometry),Heroin Hydrochloride,43.94,Dimethylsulfone (18.4%),TRUE_POSITIVE,TRAIN_SET
FS-2026-00721,2026-05-14T06:32:00Z,OP-FORENSIC-110,Customs_Evidence_Unit,Crystalline Powder,Mecke Reagent (Selenious Acid/Sulfuric Acid),LOT-2026-MECK-308,564,20.2,PASS,0.611,95.74,2.41,2.43,94.59,1.67,2.44,95.16,2.35,2.82,94.3,2.02,4.04,2.195,0.0366,FieldSure-Narcotics-v2.1,0.927,NEG_NO_REACTION,VALIDATED_LAB_CONFIRMED,LAB-CONFIRM-80720,FTIR (Fourier Transform Infrared Spectroscopy),Heroin Hydrochloride,71.39,None (High Purity Grade),TRUE_POSITIVE,TRAIN_SET
FS-2026-00722,2026-05-14T16:01:00Z,OP-FORENSIC-119,District_Lab_North,Pressed Tablet (Crushed),Marquis Reagent (Formaldehyde/Sulfuric Acid),LOT-2026-MARQ-590,2363,20.5,PASS,0.97,93.5,0.04,5.02,74.94,10.37,9.07,59.37,17.85,12.07,51.57,24.21,15.96,49.619,0.827,FieldSure-Narcotics-v2.1,0.948,POS_METHAMPHETAMINE,VALIDATED_LAB_CONFIRMED,LAB-CONFIRM-80721,GC-MS (Gas Chromatography-Mass Spectrometry),Methamphetamine HCl,71.46,Levamisole (8.2%),TRUE_POSITIVE,TRAIN_SET
FS-2026-00723,2026-05-14T17:55:00Z,OP-FORENSIC-113,Customs_Evidence_Unit,Pressed Tablet (Crushed),Duquenois-Levine Reagent (Vanillin/Acetaldehyde),LOT-2026-DUQN-936,564,26.3,PASS,1.507,90.72,0.41,4.52,89.34,0.27,5.16,88.5,-0.01,7.69,88.59,-0.73,7.0,3.462,0.0577,FieldSure-Narcotics-v2.1,0.914,NEG_NO_REACTION,VALIDATED_LAB_CONFIRMED,LAB-CONFIRM-80722,LC-MS/MS (Liquid Chromatography-Tandem Mass Spectrometry),"3,4-MDMA (Ecstasy)",73.18,None (High Purity Grade),TRUE_POSITIVE,TRAIN_SET
FS-2026-00724,2026-05-14T20:32:00Z,OP-FORENSIC-102,Customs_Evidence_Unit,Crystalline Powder,Marquis Reagent (Formaldehyde/Sulfuric Acid),LOT-2026-MARQ-751,7589,23.3,FAIL_GLARE,5.498,91.63,-0.96,1.91,,,,,,,,,,,,FieldSure-Narcotics-v2.1,0.173,ABSTAIN_FAIL_GLARE,UNVALIDATED_QC_ABSTAIN,LAB-CONFIRM-80723,GC-MS (Gas Chromatography-Mass Spectrometry),Heroin Hydrochloride,49.66,Dimethylsulfone (18.4%),ABSTAINED_NO_PREDICTION,TRAIN_SET
FS-2026-00725,2026-05-15T00:05:00Z,OP-FORENSIC-112,Border_Control_Post_3,Crystalline Powder,Marquis Reagent (Formaldehyde/Sulfuric Acid),LOT-2026-MARQ-827,2363,23.0,FAIL_GEOMETRY,8.198,93.84,2.41,2.74,,,,,,,,,,,,FieldSure-Narcotics-v2.1,0.216,ABSTAIN_FAIL_GEOMETRY,UNVALIDATED_QC_ABSTAIN,LAB-CONFIRM-80724,GC-MS (Gas Chromatography-Mass Spectrometry),LSD (Lysergic Acid Diethylamide),44.03,Caffeine (14.5%),ABSTAINED_NO_PREDICTION,TRAIN_SET
FS-2026-00726,2026-05-15T01:03:00Z,OP-FORENSIC-115,Metropolitan_Task_Force,Pressed Tablet (Crushed),Mandelin Reagent (Ammonium Vanadate/Sulfuric Acid),LOT-2026-MAND-947,564,18.2,PASS,0.666,95.03,2.18,1.86,94.47,2.3,3.23,93.14,2.57,3.05,94.52,2.12,3.67,1.881,0.0314,FieldSure-Narcotics-v2.1,0.946,NEG_NO_REACTION,VALIDATED_LAB_CONFIRMED,LAB-CONFIRM-80725,GC-MS (Gas Chromatography-Mass Spectrometry),Procaine / Benzocaine (Local Anesthetic),0.0,N/A (Inert Sample),TRUE_NEGATIVE,TRAIN_SET
FS-2026-00727,2026-05-15T03:37:00Z,OP-FORENSIC-124,Metropolitan_Task_Force,Crystalline Powder,Simon's Reagent (Sodium Nitroprusside/Acetaldehyde),LOT-2026-SIMN-786,564,20.4,PASS,0.71,90.64,0.75,3.36,91.92,0.82,2.72,89.89,1.44,4.36,91.3,1.9,3.56,1.341,0.0223,FieldSure-Narcotics-v2.1,0.893,NEG_NO_REACTION,VALIDATED_LAB_CONFIRMED,LAB-CONFIRM-80726,GC-MS (Gas Chromatography-Mass Spectrometry),Methamphetamine HCl,78.81,Phenacetin (11.0%),TRUE_POSITIVE,TRAIN_SET
FS-2026-00728,2026-05-15T05:57:00Z,OP-FORENSIC-101,Customs_Evidence_Unit,Crystalline Powder,Marquis Reagent (Formaldehyde/Sulfuric Acid),LOT-2026-MARQ-720,2363,21.7,PASS,1.712,91.9,1.12,1.74,91.38,0.87,2.26,91.64,2.91,2.22,90.12,2.28,3.36,2.672,0.0445,FieldSure-Narcotics-v2.1,0.994,NEG_NO_REACTION,VALIDATED_LAB_CONFIRMED,LAB-CONFIRM-80727,GC-MS (Gas Chromatography-Mass Spectrometry),Cocaine Hydrochloride,88.98,Caffeine (14.5%),TRUE_POSITIVE,TRAIN_SET
FS-2026-00729,2026-05-15T07:47:00Z,OP-FORENSIC-108,District_Lab_North,Paper Blotter Segment,Mecke Reagent (Selenious Acid/Sulfuric Acid),LOT-2026-MECK-385,564,15.7,PASS,0.522,87.89,-0.35,2.51,86.79,-0.55,1.76,85.16,-0.75,2.05,84.99,-0.79,2.15,2.955,0.0492,FieldSure-Narcotics-v2.1,0.932,NEG_NO_REACTION,VALIDATED_LAB_CONFIRMED,LAB-CONFIRM-80728,GC-MS (Gas Chromatography-Mass Spectrometry),LSD (Lysergic Acid Diethylamide),53.79,Caffeine (14.5%),TRUE_POSITIVE,TRAIN_SET
FS-2026-00730,2026-05-15T08:41:00Z,OP-FORENSIC-103,Customs_Evidence_Unit,Crystalline Powder,Ehrlich Reagent (p-DMAB/HCl),LOT-2026-EHRL-756,564,24.2,PASS,0.467,86.43,1.41,2.06,86.28,0.44,1.16,86.11,1.03,1.56,85.51,0.95,1.87,1.046,0.0174,FieldSure-Narcotics-v2.1,0.965,NEG_NO_REACTION,VALIDATED_LAB_CONFIRMED,LAB-CONFIRM-80729,GC-MS (Gas Chromatography-Mass Spectrometry),Cocaine Hydrochloride,80.74,Lactose / Starch,TRUE_POSITIVE,TRAIN_SET
FS-2026-00731,2026-05-15T10:58:00Z,OP-FORENSIC-116,Border_Control_Post_3,Off-White Powder,Mandelin Reagent (Ammonium Vanadate/Sulfuric Acid),LOT-2026-MAND-779,2363,18.8,PASS,0.699,94.45,1.83,3.61,93.79,2.98,4.61,93.89,2.4,5.52,94.26,2.42,5.86,2.334,0.0389,FieldSure-Narcotics-v2.1,0.938,NEG_NO_REACTION,VALIDATED_LAB_CONFIRMED,LAB-CONFIRM-80730,LC-MS/MS (Liquid Chromatography-Tandem Mass Spectrometry),Heroin Hydrochloride,60.99,Dimethylsulfone (18.4%),TRUE_POSITIVE,TRAIN_SET
FS-2026-00732,2026-05-15T12:05:00Z,OP-FORENSIC-124,State_Forensic_Field_Team,Pressed Tablet (Crushed),Ehrlich Reagent (p-DMAB/HCl),LOT-2026-EHRL-208,7589,21.2,PASS,1.063,93.81,0.97,5.14,92.7,-0.54,4.77,91.99,0.71,5.92,91.38,1.36,5.53,2.492,0.0415,FieldSure-Narcotics-v2.1,0.974,NEG_NO_REACTION,VALIDATED_LAB_CONFIRMED,LAB-CONFIRM-80731,GC-MS (Gas Chromatography-Mass Spectrometry),Methamphetamine HCl,65.17,Dimethylsulfone (18.4%),TRUE_POSITIVE,TRAIN_SET
FS-2026-00733,2026-05-15T12:07:00Z,OP-FORENSIC-119,State_Forensic_Field_Team,Off-White Powder,Ehrlich Reagent (p-DMAB/HCl),LOT-2026-EHRL-916,564,19.9,PASS,1.239,94.93,-0.46,5.38,95.62,-0.33,4.25,94.74,-2.07,4.62,95.6,-1.14,5.35,0.955,0.0159,FieldSure-Narcotics-v2.1,0.927,NEG_NO_REACTION,VALIDATED_LAB_CONFIRMED,LAB-CONFIRM-80732,LC-MS/MS (Liquid Chromatography-Tandem Mass Spectrometry),"3,4-MDMA (Ecstasy)",61.29,Caffeine (14.5%),TRUE_POSITIVE,TRAIN_SET
FS-2026-00734,2026-05-15T12:22:00Z,OP-FORENSIC-112,Customs_Evidence_Unit,Plant Matter Extract,Mecke Reagent (Selenious Acid/Sulfuric Acid),LOT-2026-MECK-874,2363,22.8,PASS,1.365,94.86,1.32,4.91,94.49,2.38,4.88,94.58,0.48,5.25,94.17,1.02,4.65,0.796,0.0133,FieldSure-Narcotics-v2.1,0.946,NEG_NO_REACTION,VALIDATED_LAB_CONFIRMED,LAB-CONFIRM-80733,GC-MS (Gas Chromatography-Mass Spectrometry),Fentanyl HCl (Trace / Weak Response),16.14,Lactose / Starch,TRUE_POSITIVE,TRAIN_SET
FS-2026-00735,2026-05-15T19:04:00Z,OP-FORENSIC-110,District_Lab_North,Liquid Solution (Diluted),Simon's Reagent (Sodium Nitroprusside/Acetaldehyde),LOT-2026-SIMN-723,2363,19.3,FAIL_GLARE,4.732,89.85,-0.03,2.58,,,,,,,,,,,,FieldSure-Narcotics-v2.1,0.207,ABSTAIN_FAIL_GLARE,UNVALIDATED_QC_ABSTAIN,LAB-CONFIRM-80734,GC-MS (Gas Chromatography-Mass Spectrometry),Inert Cutting Agent (Lactose/Caffeine),0.0,N/A (Inert Sample),ABSTAINED_NO_PREDICTION,TRAIN_SET
FS-2026-00736,2026-05-15T20:50:00Z,OP-FORENSIC-112,State_Forensic_Field_Team,Tar/Sticky Resin,Mandelin Reagent (Ammonium Vanadate/Sulfuric Acid),LOT-2026-MAND-116,7589,15.5,PASS,1.816,94.27,-0.96,4.73,92.19,-1.17,4.39,92.56,-0.51,3.85,92.0,-0.15,3.75,2.602,0.0434,FieldSure-Narcotics-v2.1,0.935,NEG_NO_REACTION,VALIDATED_LAB_CONFIRMED,LAB-CONFIRM-80735,GC-MS (Gas Chromatography-Mass Spectrometry),LSD (Lysergic Acid Diethylamide),24.98,Levamisole (8.2%),TRUE_POSITIVE,TRAIN_SET
FS-2026-00737,2026-05-15T21:49:00Z,OP-FORENSIC-113,Metropolitan_Task_Force,Pressed Tablet (Crushed),Ehrlich Reagent (p-DMAB/HCl),LOT-2026-EHRL-628,2363,28.6,PASS,1.759,87.74,0.79,1.64,86.1,1.41,1.44,85.43,1.33,5.07,84.25,0.85,4.23,4.346,0.0724,FieldSure-Narcotics-v2.1,0.977,NEG_NO_REACTION,VALIDATED_LAB_CONFIRMED,LAB-CONFIRM-80736,GC-MS (Gas Chromatography-Mass Spectrometry),Delta-9-THC,41.17,Lactose / Starch,TRUE_POSITIVE,TRAIN_SET
FS-2026-00738,2026-05-16T02:07:00Z,OP-FORENSIC-124,District_Lab_North,Crystalline Powder,Duquenois-Levine Reagent (Vanillin/Acetaldehyde),LOT-2026-DUQN-748,564,26.9,PASS,0.606,91.98,0.57,2.87,73.48,15.72,3.18,57.4,26.96,4.5,48.4,32.99,4.9,54.354,0.9059,FieldSure-Narcotics-v2.1,0.978,POS_CANNABINOID_THC,VALIDATED_LAB_CONFIRMED,LAB-CONFIRM-80737,LC-MS/MS (Liquid Chromatography-Tandem Mass Spectrometry),Delta-9-THC,69.23,Levamisole (8.2%),TRUE_POSITIVE,TRAIN_SET
FS-2026-00739,2026-05-16T05:44:00Z,OP-FORENSIC-109,Customs_Evidence_Unit,Pressed Tablet (Crushed),Mecke Reagent (Selenious Acid/Sulfuric Acid),LOT-2026-MECK-264,7589,22.3,PASS,1.478,92.92,-1.27,1.42,91.85,-3.15,1.26,90.73,-1.66,1.78,90.07,-1.61,2.68,3.135,0.0522,FieldSure-Narcotics-v2.1,0.932,NEG_NO_REACTION,VALIDATED_LAB_CONFIRMED,LAB-CONFIRM-80738,LC-MS/MS (Liquid Chromatography-Tandem Mass Spectrometry),Procaine / Benzocaine (Local Anesthetic),0.0,N/A (Inert Sample),TRUE_NEGATIVE,TRAIN_SET
FS-2026-00740,2026-05-16T05:47:00Z,OP-FORENSIC-106,Customs_Evidence_Unit,Plant Matter Extract,Simon's Reagent (Sodium Nitroprusside/Acetaldehyde),LOT-2026-SIMN-907,7589,27.4,PASS,0.721,86.97,0.56,3.33,85.46,1.56,5.44,84.94,1.73,4.29,84.53,1.18,5.55,3.357,0.056,FieldSure-Narcotics-v2.1,0.977,NEG_NO_REACTION,VALIDATED_LAB_CONFIRMED,LAB-CONFIRM-80739,GC-MS (Gas Chromatography-Mass Spectrometry),Cocaine Hydrochloride,81.68,Phenacetin (11.0%),TRUE_POSITIVE,TRAIN_SET
FS-2026-00741,2026-05-16T10:55:00Z,OP-FORENSIC-123,State_Forensic_Field_Team,Off-White Powder,Ehrlich Reagent (p-DMAB/HCl),LOT-2026-EHRL-102,564,22.9,PASS,1.364,93.61,0.92,3.13,92.26,1.3,3.58,90.58,0.55,4.38,90.87,1.12,4.8,3.215,0.0536,FieldSure-Narcotics-v2.1,0.987,NEG_NO_REACTION,VALIDATED_LAB_CONFIRMED,LAB-CONFIRM-80740,GC-MS (Gas Chromatography-Mass Spectrometry),Delta-9-THC,48.46,Phenacetin (11.0%),TRUE_POSITIVE,TRAIN_SET
FS-2026-00742,2026-05-16T11:42:00Z,OP-FORENSIC-122,State_Forensic_Field_Team,Crystalline Powder,Marquis Reagent (Formaldehyde/Sulfuric Acid),LOT-2026-MARQ-214,7589,18.7,PASS,1.702,87.36,-0.5,4.98,67.76,-5.31,5.38,53.98,-8.15,7.16,45.1,-9.21,6.94,43.193,0.7199,FieldSure-Narcotics-v2.1,0.925,POS_FENTANYL_WEAK,VALIDATED_LAB_CONFIRMED,LAB-CONFIRM-80741,GC-MS (Gas Chromatography-Mass Spectrometry),Fentanyl HCl (Trace / Weak Response),6.66,Levamisole (8.2%),TRUE_POSITIVE,TRAIN_SET
FS-2026-00743,2026-05-16T15:02:00Z,OP-FORENSIC-112,State_Forensic_Field_Team,Pressed Tablet (Crushed),Ehrlich Reagent (p-DMAB/HCl),LOT-2026-EHRL-284,2363,30.8,PASS,0.539,88.9,-1.5,2.79,88.53,-1.27,2.82,89.67,-0.03,2.67,87.77,-0.8,1.97,1.562,0.026,FieldSure-Narcotics-v2.1,0.916,NEG_NO_REACTION,VALIDATED_LAB_CONFIRMED,LAB-CONFIRM-80742,GC-MS (Gas Chromatography-Mass Spectrometry),Delta-9-THC,35.57,Dimethylsulfone (18.4%),TRUE_POSITIVE,TRAIN_SET
FS-2026-00744,2026-05-16T15:09:00Z,OP-FORENSIC-114,District_Lab_North,Crystalline Powder,Mandelin Reagent (Ammonium Vanadate/Sulfuric Acid),LOT-2026-MAND-780,564,24.6,PASS,0.622,90.57,-0.01,3.17,89.64,0.24,2.14,88.23,1.09,1.94,86.84,0.27,2.86,3.753,0.0626,FieldSure-Narcotics-v2.1,0.947,NEG_NO_REACTION,VALIDATED_LAB_CONFIRMED,LAB-CONFIRM-80743,GC-MS (Gas Chromatography-Mass Spectrometry),Methamphetamine HCl,71.27,Levamisole (8.2%),TRUE_POSITIVE,TRAIN_SET
FS-2026-00745,2026-05-16T15:48:00Z,OP-FORENSIC-112,State_Forensic_Field_Team,Off-White Powder,Ehrlich Reagent (p-DMAB/HCl),LOT-2026-EHRL-835,7589,18.1,PASS,1.49,88.05,-0.74,2.31,68.42,14.59,-7.24,53.31,26.31,-13.21,44.35,32.79,-17.7,58.603,0.9767,FieldSure-Narcotics-v2.1,0.938,POS_INDOLE_LSD,VALIDATED_LAB_CONFIRMED,LAB-CONFIRM-80744,GC-MS (Gas Chromatography-Mass Spectrometry),LSD (Lysergic Acid Diethylamide),32.16,Levamisole (8.2%),TRUE_POSITIVE,TRAIN_SET
FS-2026-00746,2026-05-16T17:05:00Z,OP-FORENSIC-111,District_Lab_North,Crystalline Powder,Mandelin Reagent (Ammonium Vanadate/Sulfuric Acid),LOT-2026-MAND-988,7589,23.2,PASS,1.536,90.48,-0.26,5.59,90.02,1.28,5.14,91.36,0.45,6.46,89.66,-0.5,6.74,1.433,0.0239,FieldSure-Narcotics-v2.1,0.977,NEG_NO_REACTION,VALIDATED_LAB_CONFIRMED,LAB-CONFIRM-80745,LC-MS/MS (Liquid Chromatography-Tandem Mass Spectrometry),Delta-9-THC,48.56,Dimethylsulfone (18.4%),TRUE_POSITIVE,TRAIN_SET
FS-2026-00747,2026-05-16T22:46:00Z,OP-FORENSIC-106,Customs_Evidence_Unit,Paper Blotter Segment,Scott Reagent (Cobalt Thiocyanate Phase),LOT-2026-SCOT-935,2363,14.6,PASS,1.835,87.54,-0.11,5.66,85.76,-2.07,8.0,85.43,1.15,6.51,85.92,0.52,6.71,2.031,0.0339,FieldSure-Narcotics-v2.1,0.937,NEG_NO_REACTION,VALIDATED_LAB_CONFIRMED,LAB-CONFIRM-80746,GC-MS (Gas Chromatography-Mass Spectrometry),Delta-9-THC,70.76,Phenacetin (11.0%),TRUE_POSITIVE,TRAIN_SET
FS-2026-00748,2026-05-16T23:17:00Z,OP-FORENSIC-103,District_Lab_North,Plant Matter Extract,Scott Reagent (Cobalt Thiocyanate Phase),LOT-2026-SCOT-441,2363,24.8,PASS,1.723,93.63,2.3,3.01,93.47,1.76,3.69,93.33,0.82,2.74,92.36,0.81,2.96,1.958,0.0326,FieldSure-Narcotics-v2.1,0.923,NEG_NO_REACTION,VALIDATED_LAB_CONFIRMED,LAB-CONFIRM-80747,GC-MS (Gas Chromatography-Mass Spectrometry),Delta-9-THC,61.12,Caffeine (14.5%),TRUE_POSITIVE,TRAIN_SET
FS-2026-00749,2026-05-17T01:11:00Z,OP-FORENSIC-100,Border_Control_Post_3,Pressed Tablet (Crushed),Marquis Reagent (Formaldehyde/Sulfuric Acid),LOT-2026-MARQ-129,2363,20.9,PASS,0.873,92.52,1.18,5.73,80.55,7.11,-3.73,71.41,11.63,-13.27,66.83,13.01,-18.51,37.249,0.6208,FieldSure-Narcotics-v2.1,0.983,POS_OPIATE_HEROIN,VALIDATED_LAB_CONFIRMED,LAB-CONFIRM-80748,LC-MS/MS (Liquid Chromatography-Tandem Mass Spectrometry),Heroin Hydrochloride,73.4,Levamisole (8.2%),TRUE_POSITIVE,TRAIN_SET
FS-2026-00750,2026-05-17T01:41:00Z,OP-FORENSIC-114,Metropolitan_Task_Force,Tar/Sticky Resin,Simon's Reagent (Sodium Nitroprusside/Acetaldehyde),LOT-2026-SIMN-908,2363,32.8,PASS,1.318,94.43,-0.51,3.61,94.25,-0.06,3.26,93.29,-1.11,3.11,94.03,-0.43,3.63,0.408,0.0068,FieldSure-Narcotics-v2.1,0.943,NEG_NO_REACTION,VALIDATED_LAB_CONFIRMED,LAB-CONFIRM-80749,GC-MS (Gas Chromatography-Mass Spectrometry),Fentanyl HCl (Trace / Weak Response),6.14,Lactose / Starch,TRUE_POSITIVE,TRAIN_SET
FS-2026-00751,2026-05-17T01:57:00Z,OP-FORENSIC-106,Metropolitan_Task_Force,Liquid Solution (Diluted),Mandelin Reagent (Ammonium Vanadate/Sulfuric Acid),LOT-2026-MAND-463,564,24.5,PASS,1.811,87.63,-1.46,3.27,86.08,-2.66,5.9,85.19,-1.53,5.53,84.95,-2.24,6.01,3.911,0.0652,FieldSure-Narcotics-v2.1,0.984,NEG_NO_REACTION,VALIDATED_LAB_CONFIRMED,LAB-CONFIRM-80750,GC-MS (Gas Chromatography-Mass Spectrometry),Procaine / Benzocaine (Local Anesthetic),0.0,N/A (Inert Sample),TRUE_NEGATIVE,TRAIN_SET
FS-2026-00752,2026-05-17T04:29:00Z,OP-FORENSIC-111,District_Lab_North,Tar/Sticky Resin,Scott Reagent (Cobalt Thiocyanate Phase),LOT-2026-SCOT-755,2363,25.3,PASS,1.709,87.92,-1.45,4.46,89.39,-2.84,3.6,87.98,-1.65,4.72,87.83,-2.85,4.39,1.405,0.0234,FieldSure-Narcotics-v2.1,0.944,NEG_NO_REACTION,VALIDATED_LAB_CONFIRMED,LAB-CONFIRM-80751,GC-MS (Gas Chromatography-Mass Spectrometry),Delta-9-THC,48.93,Dimethylsulfone (18.4%),TRUE_POSITIVE,TRAIN_SET
FS-2026-00753,2026-05-17T11:26:00Z,OP-FORENSIC-117,Metropolitan_Task_Force,Pressed Tablet (Crushed),Simon's Reagent (Sodium Nitroprusside/Acetaldehyde),LOT-2026-SIMN-240,2363,18.7,PASS,1.634,91.01,-1.3,2.42,91.31,-1.0,4.05,90.38,-0.79,4.0,89.46,-0.34,4.39,2.684,0.0447,FieldSure-Narcotics-v2.1,0.914,NEG_NO_REACTION,VALIDATED_LAB_CONFIRMED,LAB-CONFIRM-80752,LC-MS/MS (Liquid Chromatography-Tandem Mass Spectrometry),Inert Cutting Agent (Lactose/Caffeine),0.0,N/A (Inert Sample),TRUE_NEGATIVE,TRAIN_SET
FS-2026-00754,2026-05-17T16:00:00Z,OP-FORENSIC-103,Metropolitan_Task_Force,Off-White Powder,Duquenois-Levine Reagent (Vanillin/Acetaldehyde),LOT-2026-DUQN-406,2363,16.9,PASS,1.405,90.76,0.18,1.8,66.05,-10.12,-3.96,46.94,-18.65,-9.18,35.93,-23.84,-12.32,61.503,1.025,FieldSure-Narcotics-v2.1,0.995,POS_CANNABINOID_THC,VALIDATED_LAB_CONFIRMED,LAB-CONFIRM-80753,LC-MS/MS (Liquid Chromatography-Tandem Mass Spectrometry),Delta-9-THC,56.51,Dimethylsulfone (18.4%),TRUE_POSITIVE,TRAIN_SET
FS-2026-00755,2026-05-17T16:37:00Z,OP-FORENSIC-121,District_Lab_North,Crystalline Powder,Duquenois-Levine Reagent (Vanillin/Acetaldehyde),LOT-2026-DUQN-462,564,18.8,FAIL_EXPOSURE,5.771,88.96,1.13,4.25,,,,,,,,,,,,FieldSure-Narcotics-v2.1,0.161,ABSTAIN_FAIL_EXPOSURE,UNVALIDATED_QC_ABSTAIN,LAB-CONFIRM-80754,LC-MS/MS (Liquid Chromatography-Tandem Mass Spectrometry),Methamphetamine HCl,72.56,Lactose / Starch,ABSTAINED_NO_PREDICTION,TRAIN_SET
FS-2026-00756,2026-05-17T19:10:00Z,OP-FORENSIC-120,Metropolitan_Task_Force,Pressed Tablet (Crushed),Simon's Reagent (Sodium Nitroprusside/Acetaldehyde),LOT-2026-SIMN-568,564,25.8,FAIL_GEOMETRY,11.876,92.53,0.15,1.99,,,,,,,,,,,,FieldSure-Narcotics-v2.1,0.219,ABSTAIN_FAIL_GEOMETRY,UNVALIDATED_QC_ABSTAIN,LAB-CONFIRM-80755,GC-MS (Gas Chromatography-Mass Spectrometry),Inert Cutting Agent (Lactose/Caffeine),0.0,N/A (Inert Sample),ABSTAINED_NO_PREDICTION,TRAIN_SET
FS-2026-00757,2026-05-17T20:32:00Z,OP-FORENSIC-121,District_Lab_North,Paper Blotter Segment,Duquenois-Levine Reagent (Vanillin/Acetaldehyde),LOT-2026-DUQN-825,564,22.9,FAIL_EXPOSURE,10.118,89.54,-0.89,1.12,,,,,,,,,,,,FieldSure-Narcotics-v2.1,0.238,ABSTAIN_FAIL_EXPOSURE,UNVALIDATED_QC_ABSTAIN,LAB-CONFIRM-80756,GC-MS (Gas Chromatography-Mass Spectrometry),Methamphetamine HCl,73.55,Caffeine (14.5%),ABSTAINED_NO_PREDICTION,TRAIN_SET
FS-2026-00758,2026-05-17T23:42:00Z,OP-FORENSIC-104,Metropolitan_Task_Force,Pressed Tablet (Crushed),Marquis Reagent (Formaldehyde/Sulfuric Acid),LOT-2026-MARQ-400,7589,21.8,PASS,1.598,90.73,1.2,2.15,89.39,1.23,2.53,90.29,-0.06,4.27,88.98,-0.65,4.25,3.301,0.055,FieldSure-Narcotics-v2.1,0.924,NEG_NO_REACTION,VALIDATED_LAB_CONFIRMED,LAB-CONFIRM-80757,LC-MS/MS (Liquid Chromatography-Tandem Mass Spectrometry),Delta-9-THC,68.46,Dimethylsulfone (18.4%),TRUE_POSITIVE,TRAIN_SET
FS-2026-00759,2026-05-18T00:56:00Z,OP-FORENSIC-117,Customs_Evidence_Unit,Crystalline Powder,Duquenois-Levine Reagent (Vanillin/Acetaldehyde),LOT-2026-DUQN-303,7589,20.4,PASS,1.224,95.46,-0.39,1.52,92.97,-0.42,2.54,92.46,-1.02,2.61,91.09,-0.83,3.63,4.873,0.0812,FieldSure-Narcotics-v2.1,0.94,NEG_NO_REACTION,VALIDATED_LAB_CONFIRMED,LAB-CONFIRM-80758,GC-MS (Gas Chromatography-Mass Spectrometry),Procaine / Benzocaine (Local Anesthetic),0.0,N/A (Inert Sample),TRUE_NEGATIVE,TRAIN_SET
FS-2026-00760,2026-05-18T01:04:00Z,OP-FORENSIC-114,Border_Control_Post_3,Off-White Powder,Simon's Reagent (Sodium Nitroprusside/Acetaldehyde),LOT-2026-SIMN-879,2363,14.1,FAIL_BLUR,5.379,88.52,0.55,5.31,,,,,,,,,,,,FieldSure-Narcotics-v2.1,0.204,ABSTAIN_FAIL_BLUR,UNVALIDATED_QC_ABSTAIN,LAB-CONFIRM-80759,GC-MS (Gas Chromatography-Mass Spectrometry),Methamphetamine HCl,76.95,Lactose / Starch,ABSTAINED_NO_PREDICTION,TRAIN_SET
FS-2026-00761,2026-05-18T06:19:00Z,OP-FORENSIC-123,State_Forensic_Field_Team,Crystalline Powder,Mandelin Reagent (Ammonium Vanadate/Sulfuric Acid),LOT-2026-MAND-730,7589,15.5,FAIL_GEOMETRY,5.01,89.22,-0.74,4.54,,,,,,,,,,,,FieldSure-Narcotics-v2.1,0.204,ABSTAIN_FAIL_GEOMETRY,UNVALIDATED_QC_ABSTAIN,LAB-CONFIRM-80760,LC-MS/MS (Liquid Chromatography-Tandem Mass Spectrometry),Cocaine Hydrochloride,93.72,Lactose / Starch,ABSTAINED_NO_PREDICTION,TRAIN_SET
FS-2026-00762,2026-05-18T07:00:00Z,OP-FORENSIC-104,Customs_Evidence_Unit,Crystalline Powder,Duquenois-Levine Reagent (Vanillin/Acetaldehyde),LOT-2026-DUQN-517,2363,28.8,FAIL_EXPOSURE,4.84,93.95,-0.64,5.86,,,,,,,,,,,,FieldSure-Narcotics-v2.1,0.18,ABSTAIN_FAIL_EXPOSURE,UNVALIDATED_QC_ABSTAIN,LAB-CONFIRM-80761,LC-MS/MS (Liquid Chromatography-Tandem Mass Spectrometry),LSD (Lysergic Acid Diethylamide),46.1,Dimethylsulfone (18.4%),ABSTAINED_NO_PREDICTION,TRAIN_SET
FS-2026-00763,2026-05-18T08:29:00Z,OP-FORENSIC-106,Metropolitan_Task_Force,Pressed Tablet (Crushed),Mecke Reagent (Selenious Acid/Sulfuric Acid),LOT-2026-MECK-738,564,16.6,FAIL_EXPOSURE,12.312,88.51,2.19,2.63,,,,,,,,,,,,FieldSure-Narcotics-v2.1,0.26,ABSTAIN_FAIL_EXPOSURE,UNVALIDATED_QC_ABSTAIN,LAB-CONFIRM-80762,FTIR (Fourier Transform Infrared Spectroscopy),Cocaine Hydrochloride,83.94,None (High Purity Grade),ABSTAINED_NO_PREDICTION,TRAIN_SET
FS-2026-00764,2026-05-18T09:23:00Z,OP-FORENSIC-103,Customs_Evidence_Unit,Pressed Tablet (Crushed),Marquis Reagent (Formaldehyde/Sulfuric Acid),LOT-2026-MARQ-470,564,27.6,PASS,1.057,92.07,1.74,2.36,80.77,10.6,4.12,70.27,14.78,6.07,63.47,18.24,8.02,33.5,0.5583,FieldSure-Narcotics-v2.1,0.946,POS_MDMA,VALIDATED_LAB_CONFIRMED,LAB-CONFIRM-80763,GC-MS (Gas Chromatography-Mass Spectrometry),"3,4-MDMA (Ecstasy)",76.79,Caffeine (14.5%),TRUE_POSITIVE,TRAIN_SET
FS-2026-00765,2026-05-18T13:43:00Z,OP-FORENSIC-112,State_Forensic_Field_Team,Crystalline Powder,Ehrlich Reagent (p-DMAB/HCl),LOT-2026-EHRL-497,2363,23.8,FAIL_GEOMETRY,12.472,93.77,0.2,4.86,,,,,,,,,,,,FieldSure-Narcotics-v2.1,0.162,ABSTAIN_FAIL_GEOMETRY,UNVALIDATED_QC_ABSTAIN,LAB-CONFIRM-80764,FTIR (Fourier Transform Infrared Spectroscopy),Delta-9-THC,72.74,Lactose / Starch,ABSTAINED_NO_PREDICTION,TRAIN_SET
FS-2026-00766,2026-05-18T18:31:00Z,OP-FORENSIC-100,Metropolitan_Task_Force,Pressed Tablet (Crushed),Duquenois-Levine Reagent (Vanillin/Acetaldehyde),LOT-2026-DUQN-717,564,24.1,FAIL_GLARE,8.887,91.77,1.73,1.56,,,,,,,,,,,,FieldSure-Narcotics-v2.1,0.021,ABSTAIN_FAIL_GLARE,UNVALIDATED_QC_ABSTAIN,LAB-CONFIRM-80765,GC-MS (Gas Chromatography-Mass Spectrometry),"3,4-MDMA (Ecstasy)",81.81,Levamisole (8.2%),ABSTAINED_NO_PREDICTION,TRAIN_SET
FS-2026-00767,2026-05-18T21:20:00Z,OP-FORENSIC-109,Border_Control_Post_3,Crystalline Powder,Mecke Reagent (Selenious Acid/Sulfuric Acid),LOT-2026-MECK-160,2363,23.9,PASS,1.289,88.68,-0.36,1.19,86.05,-1.78,1.35,85.93,-1.08,3.4,86.46,-0.98,3.96,3.604,0.0601,FieldSure-Narcotics-v2.1,0.933,NEG_NO_REACTION,VALIDATED_LAB_CONFIRMED,LAB-CONFIRM-80766,GC-MS (Gas Chromatography-Mass Spectrometry),Inert Cutting Agent (Lactose/Caffeine),0.0,N/A (Inert Sample),TRUE_NEGATIVE,TRAIN_SET
FS-2026-00768,2026-05-19T00:48:00Z,OP-FORENSIC-105,Border_Control_Post_3,Crystalline Powder,Scott Reagent (Cobalt Thiocyanate Phase),LOT-2026-SCOT-391,564,30.5,PASS,0.568,95.8,1.02,5.34,84.18,-8.0,22.59,74.5,-12.82,35.53,69.27,-16.82,42.83,49.271,0.8212,FieldSure-Narcotics-v2.1,0.923,FALSE_POS_LOCAL_ANESTHETIC,VALIDATED_LAB_CONFIRMED,LAB-CONFIRM-80767,GC-MS (Gas Chromatography-Mass Spectrometry),Procaine / Benzocaine (Local Anesthetic),0.0,N/A (Inert Sample),TRUE_POSITIVE,TRAIN_SET
FS-2026-00769,2026-05-19T08:54:00Z,OP-FORENSIC-110,Customs_Evidence_Unit,Pressed Tablet (Crushed),Scott Reagent (Cobalt Thiocyanate Phase),LOT-2026-SCOT-408,7589,25.0,PASS,0.351,86.83,1.78,1.94,85.65,0.74,1.71,83.76,1.8,3.57,83.88,0.6,4.25,3.928,0.0655,FieldSure-Narcotics-v2.1,0.942,NEG_NO_REACTION,VALIDATED_LAB_CONFIRMED,LAB-CONFIRM-80768,LC-MS/MS (Liquid Chromatography-Tandem Mass Spectrometry),Fentanyl HCl (Trace / Weak Response),9.29,Caffeine (14.5%),TRUE_POSITIVE,TRAIN_SET
FS-2026-00770,2026-05-19T16:05:00Z,OP-FORENSIC-121,Metropolitan_Task_Force,Crystalline Powder,Ehrlich Reagent (p-DMAB/HCl),LOT-2026-EHRL-371,2363,23.5,PASS,1.585,91.41,1.78,4.61,90.05,2.14,4.0,88.16,0.96,4.48,88.5,0.88,5.64,3.215,0.0536,FieldSure-Narcotics-v2.1,0.928,NEG_NO_REACTION,VALIDATED_LAB_CONFIRMED,LAB-CONFIRM-80769,GC-MS (Gas Chromatography-Mass Spectrometry),Cocaine Hydrochloride,84.27,Dimethylsulfone (18.4%),TRUE_POSITIVE,TRAIN_SET
FS-2026-00771,2026-05-19T19:34:00Z,OP-FORENSIC-107,Metropolitan_Task_Force,Crystalline Powder,Mandelin Reagent (Ammonium Vanadate/Sulfuric Acid),LOT-2026-MAND-397,2363,28.7,PASS,1.15,91.37,0.66,3.62,91.87,-0.22,3.18,91.63,1.12,3.6,91.91,0.51,3.71,0.568,0.0095,FieldSure-Narcotics-v2.1,0.983,NEG_NO_REACTION,VALIDATED_LAB_CONFIRMED,LAB-CONFIRM-80770,GC-MS (Gas Chromatography-Mass Spectrometry),Inert Cutting Agent (Lactose/Caffeine),0.0,N/A (Inert Sample),TRUE_NEGATIVE,TRAIN_SET
FS-2026-00772,2026-05-19T20:14:00Z,OP-FORENSIC-123,Border_Control_Post_3,Off-White Powder,Duquenois-Levine Reagent (Vanillin/Acetaldehyde),LOT-2026-DUQN-791,564,20.4,PASS,1.834,95.64,-1.21,4.48,96.17,-0.88,5.49,94.36,-2.07,7.05,94.57,-1.28,7.63,3.328,0.0555,FieldSure-Narcotics-v2.1,0.894,NEG_NO_REACTION,VALIDATED_LAB_CONFIRMED,LAB-CONFIRM-80771,LC-MS/MS (Liquid Chromatography-Tandem Mass Spectrometry),Cocaine Hydrochloride,84.54,Levamisole (8.2%),TRUE_POSITIVE,TRAIN_SET
FS-2026-00773,2026-05-19T21:00:00Z,OP-FORENSIC-116,State_Forensic_Field_Team,Crystalline Powder,Ehrlich Reagent (p-DMAB/HCl),LOT-2026-EHRL-540,7589,26.9,PASS,0.764,92.59,0.46,5.76,92.34,2.02,5.75,91.89,2.04,4.67,92.64,2.04,4.6,1.961,0.0327,FieldSure-Narcotics-v2.1,0.906,NEG_NO_REACTION,VALIDATED_LAB_CONFIRMED,LAB-CONFIRM-80772,GC-MS (Gas Chromatography-Mass Spectrometry),Delta-9-THC,73.25,Lactose / Starch,TRUE_POSITIVE,TRAIN_SET
FS-2026-00774,2026-05-19T21:49:00Z,OP-FORENSIC-113,District_Lab_North,Crystalline Powder,Mandelin Reagent (Ammonium Vanadate/Sulfuric Acid),LOT-2026-MAND-805,7589,22.1,PASS,1.8,90.49,1.12,2.1,89.25,-0.01,2.16,89.68,0.29,1.13,89.04,1.9,2.77,1.778,0.0296,FieldSure-Narcotics-v2.1,0.928,NEG_NO_REACTION,VALIDATED_LAB_CONFIRMED,LAB-CONFIRM-80773,FTIR (Fourier Transform Infrared Spectroscopy),Delta-9-THC,66.04,Phenacetin (11.0%),TRUE_POSITIVE,TRAIN_SET
FS-2026-00775,2026-05-20T00:25:00Z,OP-FORENSIC-123,Metropolitan_Task_Force,Off-White Powder,Marquis Reagent (Formaldehyde/Sulfuric Acid),LOT-2026-MARQ-974,2363,26.7,FAIL_GLARE,8.388,89.19,0.78,1.56,,,,,,,,,,,,FieldSure-Narcotics-v2.1,0.201,ABSTAIN_FAIL_GLARE,UNVALIDATED_QC_ABSTAIN,LAB-CONFIRM-80774,LC-MS/MS (Liquid Chromatography-Tandem Mass Spectrometry),Methamphetamine HCl,77.06,Lactose / Starch,ABSTAINED_NO_PREDICTION,TRAIN_SET
FS-2026-00776,2026-05-20T01:12:00Z,OP-FORENSIC-112,Metropolitan_Task_Force,Crystalline Powder,Marquis Reagent (Formaldehyde/Sulfuric Acid),LOT-2026-MARQ-263,2363,29.5,PASS,0.618,89.4,1.94,1.41,70.41,-4.21,0.68,52.82,-10.15,1.44,44.88,-13.6,0.17,47.171,0.7862,FieldSure-Narcotics-v2.1,0.952,POS_MDMA,VALIDATED_LAB_CONFIRMED,LAB-CONFIRM-80775,GC-MS (Gas Chromatography-Mass Spectrometry),"3,4-MDMA (Ecstasy)",70.2,Lactose / Starch,TRUE_POSITIVE,TRAIN_SET
FS-2026-00777,2026-05-20T04:42:00Z,OP-FORENSIC-119,State_Forensic_Field_Team,Off-White Powder,Simon's Reagent (Sodium Nitroprusside/Acetaldehyde),LOT-2026-SIMN-470,564,16.7,PASS,1.251,86.74,1.63,2.68,85.51,2.39,2.92,84.55,-0.2,5.1,85.04,1.4,4.78,2.712,0.0452,FieldSure-Narcotics-v2.1,0.902,NEG_NO_REACTION,VALIDATED_LAB_CONFIRMED,LAB-CONFIRM-80776,GC-MS (Gas Chromatography-Mass Spectrometry),Inert Cutting Agent (Lactose/Caffeine),0.0,N/A (Inert Sample),TRUE_NEGATIVE,TRAIN_SET
FS-2026-00778,2026-05-20T07:18:00Z,OP-FORENSIC-100,Customs_Evidence_Unit,Crystalline Powder,Ehrlich Reagent (p-DMAB/HCl),LOT-2026-EHRL-922,2363,21.4,PASS,0.395,94.86,-1.47,2.09,93.28,-0.53,2.23,93.24,-2.77,5.09,91.41,-1.89,4.35,4.146,0.0691,FieldSure-Narcotics-v2.1,0.991,NEG_NO_REACTION,VALIDATED_LAB_CONFIRMED,LAB-CONFIRM-80777,GC-MS (Gas Chromatography-Mass Spectrometry),Cocaine Hydrochloride,87.53,Caffeine (14.5%),TRUE_POSITIVE,TRAIN_SET
FS-2026-00779,2026-05-20T07:47:00Z,OP-FORENSIC-120,Metropolitan_Task_Force,Pressed Tablet (Crushed),Marquis Reagent (Formaldehyde/Sulfuric Acid),LOT-2026-MARQ-457,564,23.5,PASS,1.752,93.38,2.09,4.06,90.88,3.9,4.31,90.99,3.35,4.34,90.3,3.56,4.9,3.515,0.0586,FieldSure-Narcotics-v2.1,0.934,NEG_NO_REACTION,VALIDATED_LAB_CONFIRMED,LAB-CONFIRM-80778,GC-MS (Gas Chromatography-Mass Spectrometry),LSD (Lysergic Acid Diethylamide),28.64,Caffeine (14.5%),TRUE_POSITIVE,TRAIN_SET
FS-2026-00780,2026-05-20T08:27:00Z,OP-FORENSIC-114,District_Lab_North,Pressed Tablet (Crushed),Simon's Reagent (Sodium Nitroprusside/Acetaldehyde),LOT-2026-SIMN-247,564,23.1,PASS,1.733,88.08,1.06,4.56,86.85,0.05,3.22,87.0,-0.3,4.22,85.47,-0.44,5.32,3.105,0.0518,FieldSure-Narcotics-v2.1,0.934,NEG_NO_REACTION,VALIDATED_LAB_CONFIRMED,LAB-CONFIRM-80779,GC-MS (Gas Chromatography-Mass Spectrometry),Inert Cutting Agent (Lactose/Caffeine),0.0,N/A (Inert Sample),TRUE_NEGATIVE,TRAIN_SET
FS-2026-00781,2026-05-20T08:43:00Z,OP-FORENSIC-107,Border_Control_Post_3,Tar/Sticky Resin,Mecke Reagent (Selenious Acid/Sulfuric Acid),LOT-2026-MECK-520,2363,21.5,PASS,0.596,91.77,0.45,1.37,91.02,1.4,2.73,91.19,0.89,3.0,90.12,1.29,3.15,2.568,0.0428,FieldSure-Narcotics-v2.1,0.963,NEG_NO_REACTION,VALIDATED_LAB_CONFIRMED,LAB-CONFIRM-80780,FTIR (Fourier Transform Infrared Spectroscopy),"3,4-MDMA (Ecstasy)",60.49,Caffeine (14.5%),TRUE_POSITIVE,TRAIN_SET
FS-2026-00782,2026-05-20T12:37:00Z,OP-FORENSIC-124,Metropolitan_Task_Force,Crystalline Powder,Ehrlich Reagent (p-DMAB/HCl),LOT-2026-EHRL-947,2363,20.5,PASS,1.696,93.49,1.14,4.72,71.67,4.06,-2.03,55.25,3.6,-5.06,45.14,5.95,-7.8,50.176,0.8363,FieldSure-Narcotics-v2.1,0.963,POS_INDOLE_LSD,VALIDATED_LAB_CONFIRMED,LAB-CONFIRM-80781,GC-MS (Gas Chromatography-Mass Spectrometry),LSD (Lysergic Acid Diethylamide),32.56,Phenacetin (11.0%),TRUE_POSITIVE,TRAIN_SET
FS-2026-00783,2026-05-20T14:41:00Z,OP-FORENSIC-123,District_Lab_North,Liquid Solution (Diluted),Marquis Reagent (Formaldehyde/Sulfuric Acid),LOT-2026-MARQ-205,564,25.7,PASS,0.538,88.19,0.12,1.81,86.58,0.65,1.07,86.02,1.39,0.67,84.85,1.92,0.48,4.021,0.067,FieldSure-Narcotics-v2.1,0.934,NEG_NO_REACTION,VALIDATED_LAB_CONFIRMED,LAB-CONFIRM-80782,GC-MS (Gas Chromatography-Mass Spectrometry),Procaine / Benzocaine (Local Anesthetic),0.0,N/A (Inert Sample),TRUE_NEGATIVE,TRAIN_SET
FS-2026-00784,2026-05-20T16:51:00Z,OP-FORENSIC-118,District_Lab_North,Liquid Solution (Diluted),Simon's Reagent (Sodium Nitroprusside/Acetaldehyde),LOT-2026-SIMN-878,2363,28.9,PASS,0.619,88.6,-1.4,4.63,88.32,-2.78,4.31,87.86,-2.61,3.81,88.41,-3.25,3.16,2.371,0.0395,FieldSure-Narcotics-v2.1,0.971,NEG_NO_REACTION,VALIDATED_LAB_CONFIRMED,LAB-CONFIRM-80783,LC-MS/MS (Liquid Chromatography-Tandem Mass Spectrometry),Methamphetamine HCl,87.44,Levamisole (8.2%),TRUE_POSITIVE,TRAIN_SET
FS-2026-00785,2026-05-20T20:30:00Z,OP-FORENSIC-100,Border_Control_Post_3,Crystalline Powder,Scott Reagent (Cobalt Thiocyanate Phase),LOT-2026-SCOT-176,7589,25.2,PASS,1.001,92.87,-1.46,1.44,74.03,-9.79,-1.87,58.5,-13.93,-4.82,50.14,-17.54,-6.48,46.337,0.7723,FieldSure-Narcotics-v2.1,0.933,FALSE_POS_LOCAL_ANESTHETIC,VALIDATED_LAB_CONFIRMED,LAB-CONFIRM-80784,GC-MS (Gas Chromatography-Mass Spectrometry),Procaine / Benzocaine (Local Anesthetic),0.0,N/A (Inert Sample),TRUE_POSITIVE,TRAIN_SET
FS-2026-00786,2026-05-20T22:16:00Z,OP-FORENSIC-102,Metropolitan_Task_Force,Crystalline Powder,Marquis Reagent (Formaldehyde/Sulfuric Acid),LOT-2026-MARQ-557,564,32.9,PASS,1.367,93.69,0.46,4.13,93.59,0.02,4.11,92.28,-0.18,4.95,91.93,-0.39,4.54,1.997,0.0333,FieldSure-Narcotics-v2.1,0.967,NEG_NO_REACTION,VALIDATED_LAB_CONFIRMED,LAB-CONFIRM-80785,LC-MS/MS (Liquid Chromatography-Tandem Mass Spectrometry),Procaine / Benzocaine (Local Anesthetic),0.0,N/A (Inert Sample),TRUE_NEGATIVE,TRAIN_SET
FS-2026-00787,2026-05-21T03:34:00Z,OP-FORENSIC-114,Customs_Evidence_Unit,Paper Blotter Segment,Marquis Reagent (Formaldehyde/Sulfuric Acid),LOT-2026-MARQ-867,2363,25.0,PASS,0.66,87.12,0.45,4.99,65.67,-2.78,20.63,47.64,-6.61,33.87,38.89,-7.97,40.67,60.581,1.0097,FieldSure-Narcotics-v2.1,0.969,POS_OPIATE_HEROIN,VALIDATED_LAB_CONFIRMED,LAB-CONFIRM-80786,GC-MS (Gas Chromatography-Mass Spectrometry),Heroin Hydrochloride,56.97,None (High Purity Grade),TRUE_POSITIVE,TRAIN_SET
FS-2026-00788,2026-05-21T13:31:00Z,OP-FORENSIC-116,Customs_Evidence_Unit,Off-White Powder,Marquis Reagent (Formaldehyde/Sulfuric Acid),LOT-2026-MARQ-498,7589,22.1,PASS,1.639,87.61,0.08,4.22,64.99,-11.52,7.52,48.87,-22.75,11.22,38.81,-28.71,14.13,57.52,0.9587,FieldSure-Narcotics-v2.1,0.972,POS_FENTANYL_WEAK,VALIDATED_LAB_CONFIRMED,LAB-CONFIRM-80787,GC-MS (Gas Chromatography-Mass Spectrometry),Fentanyl HCl (Trace / Weak Response),16.68,Caffeine (14.5%),TRUE_POSITIVE,TRAIN_SET
FS-2026-00789,2026-05-21T15:50:00Z,OP-FORENSIC-114,State_Forensic_Field_Team,Tar/Sticky Resin,Scott Reagent (Cobalt Thiocyanate Phase),LOT-2026-SCOT-568,564,22.1,PASS,1.486,92.94,1.86,2.29,90.04,1.66,4.89,90.61,2.66,2.79,89.03,2.51,3.63,4.184,0.0697,FieldSure-Narcotics-v2.1,0.977,NEG_NO_REACTION,VALIDATED_LAB_CONFIRMED,LAB-CONFIRM-80788,LC-MS/MS (Liquid Chromatography-Tandem Mass Spectrometry),Heroin Hydrochloride,44.87,Caffeine (14.5%),TRUE_POSITIVE,TRAIN_SET
FS-2026-00790,2026-05-21T19:44:00Z,OP-FORENSIC-116,Border_Control_Post_3,Pressed Tablet (Crushed),Simon's Reagent (Sodium Nitroprusside/Acetaldehyde),LOT-2026-SIMN-469,7589,23.0,PASS,0.927,90.25,0.28,2.18,87.69,0.96,2.18,86.93,-1.19,5.42,86.48,-0.05,3.49,4.005,0.0668,FieldSure-Narcotics-v2.1,0.894,NEG_NO_REACTION,VALIDATED_LAB_CONFIRMED,LAB-CONFIRM-80789,LC-MS/MS (Liquid Chromatography-Tandem Mass Spectrometry),Heroin Hydrochloride,41.89,Dimethylsulfone (18.4%),TRUE_POSITIVE,TRAIN_SET
FS-2026-00791,2026-05-21T21:19:00Z,OP-FORENSIC-102,District_Lab_North,Pressed Tablet (Crushed),Duquenois-Levine Reagent (Vanillin/Acetaldehyde),LOT-2026-DUQN-548,564,25.4,PASS,0.875,87.73,0.64,3.76,88.16,1.3,5.6,86.75,1.28,7.65,87.55,2.04,7.35,3.858,0.0643,FieldSure-Narcotics-v2.1,0.929,NEG_NO_REACTION,VALIDATED_LAB_CONFIRMED,LAB-CONFIRM-80790,LC-MS/MS (Liquid Chromatography-Tandem Mass Spectrometry),Fentanyl HCl (Trace / Weak Response),16.64,Caffeine (14.5%),TRUE_POSITIVE,TRAIN_SET
FS-2026-00792,2026-05-21T23:19:00Z,OP-FORENSIC-107,District_Lab_North,Pressed Tablet (Crushed),Mandelin Reagent (Ammonium Vanadate/Sulfuric Acid),LOT-2026-MAND-506,2363,17.7,PASS,1.173,86.91,-0.12,5.1,86.15,0.17,6.04,84.69,0.81,5.84,84.99,0.25,6.31,2.299,0.0383,FieldSure-Narcotics-v2.1,0.962,NEG_NO_REACTION,VALIDATED_LAB_CONFIRMED,LAB-CONFIRM-80791,FTIR (Fourier Transform Infrared Spectroscopy),Procaine / Benzocaine (Local Anesthetic),0.0,N/A (Inert Sample),TRUE_NEGATIVE,TRAIN_SET
FS-2026-00793,2026-05-22T00:27:00Z,OP-FORENSIC-101,Metropolitan_Task_Force,Off-White Powder,Scott Reagent (Cobalt Thiocyanate Phase),LOT-2026-SCOT-153,2363,21.2,PASS,1.748,89.88,0.22,1.08,89.33,0.29,1.22,88.79,0.6,1.75,87.67,0.5,1.83,2.351,0.0392,FieldSure-Narcotics-v2.1,0.983,NEG_NO_REACTION,VALIDATED_LAB_CONFIRMED,LAB-CONFIRM-80792,GC-MS (Gas Chromatography-Mass Spectrometry),Delta-9-THC,45.01,Lactose / Starch,TRUE_POSITIVE,TRAIN_SET
FS-2026-00794,2026-05-22T00:46:00Z,OP-FORENSIC-105,Metropolitan_Task_Force,Pressed Tablet (Crushed),Mecke Reagent (Selenious Acid/Sulfuric Acid),LOT-2026-MECK-865,2363,24.1,PASS,1.75,89.24,1.48,3.06,88.34,0.18,4.06,89.67,0.77,4.76,89.65,-0.13,6.14,3.5,0.0583,FieldSure-Narcotics-v2.1,0.917,NEG_NO_REACTION,VALIDATED_LAB_CONFIRMED,LAB-CONFIRM-80793,GC-MS (Gas Chromatography-Mass Spectrometry),LSD (Lysergic Acid Diethylamide),44.57,Dimethylsulfone (18.4%),TRUE_POSITIVE,TRAIN_SET
FS-2026-00795,2026-05-22T04:27:00Z,OP-FORENSIC-103,Metropolitan_Task_Force,Off-White Powder,Mandelin Reagent (Ammonium Vanadate/Sulfuric Acid),LOT-2026-MAND-457,7589,23.5,PASS,1.49,86.83,1.92,5.8,86.97,0.8,6.94,87.97,0.82,5.66,87.22,1.62,7.22,1.503,0.025,FieldSure-Narcotics-v2.1,0.952,NEG_NO_REACTION,VALIDATED_LAB_CONFIRMED,LAB-CONFIRM-80794,GC-MS (Gas Chromatography-Mass Spectrometry),Delta-9-THC,69.44,Phenacetin (11.0%),TRUE_POSITIVE,TRAIN_SET
FS-2026-00796,2026-05-22T05:33:00Z,OP-FORENSIC-112,Metropolitan_Task_Force,Off-White Powder,Marquis Reagent (Formaldehyde/Sulfuric Acid),LOT-2026-MARQ-660,564,25.0,PASS,1.202,91.62,1.23,2.24,66.92,-9.83,11.26,47.77,-18.68,18.61,37.65,-23.74,23.06,63.006,1.0501,FieldSure-Narcotics-v2.1,0.973,POS_METHAMPHETAMINE,VALIDATED_LAB_CONFIRMED,LAB-CONFIRM-80795,GC-MS (Gas Chromatography-Mass Spectrometry),Methamphetamine HCl,82.73,None (High Purity Grade),TRUE_POSITIVE,TRAIN_SET
FS-2026-00797,2026-05-22T07:42:00Z,OP-FORENSIC-118,District_Lab_North,Tar/Sticky Resin,Simon's Reagent (Sodium Nitroprusside/Acetaldehyde),LOT-2026-SIMN-644,2363,22.0,PASS,1.203,89.57,0.95,3.07,89.27,2.09,4.13,89.71,1.78,3.71,89.45,1.23,4.02,0.998,0.0166,FieldSure-Narcotics-v2.1,0.932,NEG_NO_REACTION,VALIDATED_LAB_CONFIRMED,LAB-CONFIRM-80796,GC-MS (Gas Chromatography-Mass Spectrometry),Fentanyl HCl (Trace / Weak Response),10.47,None (High Purity Grade),TRUE_POSITIVE,TRAIN_SET
FS-2026-00798,2026-05-22T08:27:00Z,OP-FORENSIC-117,Border_Control_Post_3,Pressed Tablet (Crushed),Ehrlich Reagent (p-DMAB/HCl),LOT-2026-EHRL-372,2363,27.3,PASS,0.773,94.79,-0.27,4.05,93.99,-0.9,5.6,93.03,-2.24,5.44,92.7,-1.16,5.87,2.911,0.0485,FieldSure-Narcotics-v2.1,0.928,NEG_NO_REACTION,VALIDATED_LAB_CONFIRMED,LAB-CONFIRM-80797,LC-MS/MS (Liquid Chromatography-Tandem Mass Spectrometry),Methamphetamine HCl,86.43,Lactose / Starch,TRUE_POSITIVE,TRAIN_SET
FS-2026-00799,2026-05-22T09:13:00Z,OP-FORENSIC-118,Border_Control_Post_3,Crystalline Powder,Marquis Reagent (Formaldehyde/Sulfuric Acid),LOT-2026-MARQ-919,564,31.8,FAIL_GLARE,7.323,94.7,2.26,4.73,,,,,,,,,,,,FieldSure-Narcotics-v2.1,0.041,ABSTAIN_FAIL_GLARE,UNVALIDATED_QC_ABSTAIN,LAB-CONFIRM-80798,FTIR (Fourier Transform Infrared Spectroscopy),Cocaine Hydrochloride,90.26,Caffeine (14.5%),ABSTAINED_NO_PREDICTION,TRAIN_SET
FS-2026-00800,2026-05-22T17:35:00Z,OP-FORENSIC-115,Border_Control_Post_3,Off-White Powder,Simon's Reagent (Sodium Nitroprusside/Acetaldehyde),LOT-2026-SIMN-561,564,25.8,PASS,0.955,90.32,0.35,3.12,89.96,-0.24,5.07,87.39,-0.17,4.93,87.82,-1.22,5.67,3.901,0.065,FieldSure-Narcotics-v2.1,0.99,NEG_NO_REACTION,VALIDATED_LAB_CONFIRMED,LAB-CONFIRM-80799,GC-MS (Gas Chromatography-Mass Spectrometry),"3,4-MDMA (Ecstasy)",55.52,Lactose / Starch,TRUE_POSITIVE,TRAIN_SET
FS-2026-00801,2026-05-22T17:48:00Z,OP-FORENSIC-103,Customs_Evidence_Unit,Off-White Powder,Simon's Reagent (Sodium Nitroprusside/Acetaldehyde),LOT-2026-SIMN-415,2363,23.6,FAIL_GLARE,5.351,93.89,-0.61,1.51,,,,,,,,,,,,FieldSure-Narcotics-v2.1,0.196,ABSTAIN_FAIL_GLARE,UNVALIDATED_QC_ABSTAIN,LAB-CONFIRM-80800,LC-MS/MS (Liquid Chromatography-Tandem Mass Spectrometry),Delta-9-THC,37.74,Dimethylsulfone (18.4%),ABSTAINED_NO_PREDICTION,TRAIN_SET
FS-2026-00802,2026-05-22T23:18:00Z,OP-FORENSIC-110,Customs_Evidence_Unit,Off-White Powder,Scott Reagent (Cobalt Thiocyanate Phase),LOT-2026-SCOT-818,564,24.0,PASS,1.288,87.21,2.11,4.84,88.11,1.07,4.0,85.95,-0.49,4.07,85.72,0.43,5.03,2.254,0.0376,FieldSure-Narcotics-v2.1,0.928,NEG_NO_REACTION,VALIDATED_LAB_CONFIRMED,LAB-CONFIRM-80801,LC-MS/MS (Liquid Chromatography-Tandem Mass Spectrometry),"3,4-MDMA (Ecstasy)",66.58,Levamisole (8.2%),TRUE_POSITIVE,TRAIN_SET
FS-2026-00803,2026-05-23T06:18:00Z,OP-FORENSIC-116,Customs_Evidence_Unit,Pressed Tablet (Crushed),Marquis Reagent (Formaldehyde/Sulfuric Acid),LOT-2026-MARQ-537,564,21.2,FAIL_BLUR,8.897,87.84,-0.65,2.3,,,,,,,,,,,,FieldSure-Narcotics-v2.1,0.188,ABSTAIN_FAIL_BLUR,UNVALIDATED_QC_ABSTAIN,LAB-CONFIRM-80802,FTIR (Fourier Transform Infrared Spectroscopy),LSD (Lysergic Acid Diethylamide),17.83,Lactose / Starch,ABSTAINED_NO_PREDICTION,TRAIN_SET
FS-2026-00804,2026-05-23T06:48:00Z,OP-FORENSIC-106,Metropolitan_Task_Force,Pressed Tablet (Crushed),Duquenois-Levine Reagent (Vanillin/Acetaldehyde),LOT-2026-DUQN-825,2363,15.6,PASS,0.738,90.62,2.2,5.99,89.93,2.56,6.98,87.39,2.03,7.25,87.27,1.77,8.58,4.256,0.0709,FieldSure-Narcotics-v2.1,0.993,NEG_NO_REACTION,VALIDATED_LAB_CONFIRMED,LAB-CONFIRM-80803,LC-MS/MS (Liquid Chromatography-Tandem Mass Spectrometry),Heroin Hydrochloride,47.19,Phenacetin (11.0%),TRUE_POSITIVE,TRAIN_SET
FS-2026-00805,2026-05-23T20:23:00Z,OP-FORENSIC-114,Metropolitan_Task_Force,Tar/Sticky Resin,Mandelin Reagent (Ammonium Vanadate/Sulfuric Acid),LOT-2026-MAND-324,2363,30.7,PASS,1.181,93.43,0.69,4.61,90.45,0.58,4.06,90.6,1.7,4.25,90.01,1.36,4.71,3.486,0.0581,FieldSure-Narcotics-v2.1,0.907,NEG_NO_REACTION,VALIDATED_LAB_CONFIRMED,LAB-CONFIRM-80804,LC-MS/MS (Liquid Chromatography-Tandem Mass Spectrometry),"3,4-MDMA (Ecstasy)",50.71,Caffeine (14.5%),TRUE_POSITIVE,TRAIN_SET
FS-2026-00806,2026-05-23T20:44:00Z,OP-FORENSIC-107,Border_Control_Post_3,Off-White Powder,Mecke Reagent (Selenious Acid/Sulfuric Acid),LOT-2026-MECK-330,7589,26.0,FAIL_GLARE,11.508,91.52,0.95,3.39,,,,,,,,,,,,FieldSure-Narcotics-v2.1,0.246,ABSTAIN_FAIL_GLARE,UNVALIDATED_QC_ABSTAIN,LAB-CONFIRM-80805,GC-MS (Gas Chromatography-Mass Spectrometry),Delta-9-THC,40.68,Levamisole (8.2%),ABSTAINED_NO_PREDICTION,TRAIN_SET
FS-2026-00807,2026-05-23T21:41:00Z,OP-FORENSIC-112,Metropolitan_Task_Force,Crystalline Powder,Simon's Reagent (Sodium Nitroprusside/Acetaldehyde),LOT-2026-SIMN-524,564,25.4,FAIL_GLARE,5.942,94.0,0.63,3.01,,,,,,,,,,,,FieldSure-Narcotics-v2.1,0.155,ABSTAIN_FAIL_GLARE,UNVALIDATED_QC_ABSTAIN,LAB-CONFIRM-80806,LC-MS/MS (Liquid Chromatography-Tandem Mass Spectrometry),Inert Cutting Agent (Lactose/Caffeine),0.0,N/A (Inert Sample),ABSTAINED_NO_PREDICTION,TRAIN_SET
FS-2026-00808,2026-05-23T23:53:00Z,OP-FORENSIC-107,Metropolitan_Task_Force,Crystalline Powder,Simon's Reagent (Sodium Nitroprusside/Acetaldehyde),LOT-2026-SIMN-329,2363,19.3,PASS,1.537,88.94,0.58,5.53,88.18,0.89,5.7,86.37,1.03,5.5,85.44,1.14,4.69,3.643,0.0607,FieldSure-Narcotics-v2.1,0.983,NEG_NO_REACTION,VALIDATED_LAB_CONFIRMED,LAB-CONFIRM-80807,GC-MS (Gas Chromatography-Mass Spectrometry),Delta-9-THC,43.3,Dimethylsulfone (18.4%),TRUE_POSITIVE,TRAIN_SET
FS-2026-00809,2026-05-24T03:56:00Z,OP-FORENSIC-105,Metropolitan_Task_Force,Crystalline Powder,Simon's Reagent (Sodium Nitroprusside/Acetaldehyde),LOT-2026-SIMN-248,564,22.7,PASS,1.608,86.5,-0.38,3.13,84.83,-1.68,3.62,84.88,-0.33,3.18,84.41,-1.16,3.09,2.231,0.0372,FieldSure-Narcotics-v2.1,0.987,NEG_NO_REACTION,VALIDATED_LAB_CONFIRMED,LAB-CONFIRM-80808,FTIR (Fourier Transform Infrared Spectroscopy),Methamphetamine HCl,81.42,Lactose / Starch,TRUE_POSITIVE,TRAIN_SET
FS-2026-00810,2026-05-24T06:03:00Z,OP-FORENSIC-100,State_Forensic_Field_Team,Pressed Tablet (Crushed),Mecke Reagent (Selenious Acid/Sulfuric Acid),LOT-2026-MECK-764,7589,21.3,PASS,1.016,89.09,1.77,1.24,88.4,0.93,1.78,86.89,2.14,1.35,85.4,1.62,2.46,3.889,0.0648,FieldSure-Narcotics-v2.1,0.9,NEG_NO_REACTION,VALIDATED_LAB_CONFIRMED,LAB-CONFIRM-80809,GC-MS (Gas Chromatography-Mass Spectrometry),Cocaine Hydrochloride,94.58,Phenacetin (11.0%),TRUE_POSITIVE,TRAIN_SET
FS-2026-00811,2026-05-24T07:01:00Z,OP-FORENSIC-119,Customs_Evidence_Unit,Crystalline Powder,Simon's Reagent (Sodium Nitroprusside/Acetaldehyde),LOT-2026-SIMN-694,564,26.0,FAIL_GLARE,10.518,92.83,1.83,4.9,,,,,,,,,,,,FieldSure-Narcotics-v2.1,0.033,ABSTAIN_FAIL_GLARE,UNVALIDATED_QC_ABSTAIN,LAB-CONFIRM-80810,GC-MS (Gas Chromatography-Mass Spectrometry),Procaine / Benzocaine (Local Anesthetic),0.0,N/A (Inert Sample),ABSTAINED_NO_PREDICTION,TRAIN_SET
FS-2026-00812,2026-05-24T07:47:00Z,OP-FORENSIC-105,District_Lab_North,Crystalline Powder,Scott Reagent (Cobalt Thiocyanate Phase),LOT-2026-SCOT-548,564,23.2,PASS,0.39,92.86,1.07,5.33,90.95,0.66,6.02,90.02,0.55,5.43,89.55,1.78,6.38,3.544,0.0591,FieldSure-Narcotics-v2.1,0.959,NEG_NO_REACTION,VALIDATED_LAB_CONFIRMED,LAB-CONFIRM-80811,LC-MS/MS (Liquid Chromatography-Tandem Mass Spectrometry),Fentanyl HCl (Trace / Weak Response),2.07,Dimethylsulfone (18.4%),TRUE_POSITIVE,TRAIN_SET
FS-2026-00813,2026-05-24T13:35:00Z,OP-FORENSIC-109,State_Forensic_Field_Team,Crystalline Powder,Mandelin Reagent (Ammonium Vanadate/Sulfuric Acid),LOT-2026-MAND-627,564,17.9,FAIL_BLUR,11.309,89.3,-0.28,2.82,,,,,,,,,,,,FieldSure-Narcotics-v2.1,0.17,ABSTAIN_FAIL_BLUR,UNVALIDATED_QC_ABSTAIN,LAB-CONFIRM-80812,GC-MS (Gas Chromatography-Mass Spectrometry),Procaine / Benzocaine (Local Anesthetic),0.0,N/A (Inert Sample),ABSTAINED_NO_PREDICTION,TRAIN_SET
FS-2026-00814,2026-05-24T15:46:00Z,OP-FORENSIC-103,State_Forensic_Field_Team,Pressed Tablet (Crushed),Simon's Reagent (Sodium Nitroprusside/Acetaldehyde),LOT-2026-SIMN-234,564,20.3,PASS,0.433,86.16,-1.42,2.09,85.51,-2.22,1.59,84.7,-2.83,1.33,84.95,-2.06,0.93,1.794,0.0299,FieldSure-Narcotics-v2.1,0.982,NEG_NO_REACTION,VALIDATED_LAB_CONFIRMED,LAB-CONFIRM-80813,LC-MS/MS (Liquid Chromatography-Tandem Mass Spectrometry),"3,4-MDMA (Ecstasy)",62.11,Lactose / Starch,TRUE_POSITIVE,TRAIN_SET
FS-2026-00815,2026-05-24T17:44:00Z,OP-FORENSIC-114,State_Forensic_Field_Team,Pressed Tablet (Crushed),Duquenois-Levine Reagent (Vanillin/Acetaldehyde),LOT-2026-DUQN-305,564,22.8,PASS,1.484,87.92,-1.47,1.38,88.77,-1.55,1.5,87.02,-0.61,2.04,88.55,-1.26,2.44,1.251,0.0208,FieldSure-Narcotics-v2.1,0.901,NEG_NO_REACTION,VALIDATED_LAB_CONFIRMED,LAB-CONFIRM-80814,GC-MS (Gas Chromatography-Mass Spectrometry),Fentanyl HCl (Trace / Weak Response),16.79,Lactose / Starch,TRUE_POSITIVE,TRAIN_SET
FS-2026-00816,2026-05-24T19:56:00Z,OP-FORENSIC-104,District_Lab_North,Pressed Tablet (Crushed),Mandelin Reagent (Ammonium Vanadate/Sulfuric Acid),LOT-2026-MAND-323,564,22.1,PASS,0.747,86.77,-0.02,2.29,86.31,0.79,2.91,86.01,1.19,1.72,85.21,1.0,1.4,2.065,0.0344,FieldSure-Narcotics-v2.1,0.941,NEG_NO_REACTION,VALIDATED_LAB_CONFIRMED,LAB-CONFIRM-80815,LC-MS/MS (Liquid Chromatography-Tandem Mass Spectrometry),Procaine / Benzocaine (Local Anesthetic),0.0,N/A (Inert Sample),TRUE_NEGATIVE,TRAIN_SET
FS-2026-00817,2026-05-25T01:56:00Z,OP-FORENSIC-104,District_Lab_North,Liquid Solution (Diluted),Mecke Reagent (Selenious Acid/Sulfuric Acid),LOT-2026-MECK-807,564,23.0,PASS,1.677,88.18,0.09,5.83,86.29,0.26,7.25,84.88,1.69,5.46,83.96,1.57,4.91,4.566,0.0761,FieldSure-Narcotics-v2.1,0.972,NEG_NO_REACTION,VALIDATED_LAB_CONFIRMED,LAB-CONFIRM-80816,GC-MS (Gas Chromatography-Mass Spectrometry),Procaine / Benzocaine (Local Anesthetic),0.0,N/A (Inert Sample),TRUE_NEGATIVE,TRAIN_SET
FS-2026-00818,2026-05-25T02:45:00Z,OP-FORENSIC-104,Metropolitan_Task_Force,Pressed Tablet (Crushed),Simon's Reagent (Sodium Nitroprusside/Acetaldehyde),LOT-2026-SIMN-334,564,16.0,PASS,1.304,89.22,0.47,1.12,87.3,1.21,2.37,85.27,0.11,1.53,84.96,0.18,2.98,4.657,0.0776,FieldSure-Narcotics-v2.1,0.977,NEG_NO_REACTION,VALIDATED_LAB_CONFIRMED,LAB-CONFIRM-80817,LC-MS/MS (Liquid Chromatography-Tandem Mass Spectrometry),Fentanyl HCl (Trace / Weak Response),7.79,Phenacetin (11.0%),TRUE_POSITIVE,TRAIN_SET
FS-2026-00819,2026-05-25T03:30:00Z,OP-FORENSIC-111,Customs_Evidence_Unit,Crystalline Powder,Ehrlich Reagent (p-DMAB/HCl),LOT-2026-EHRL-595,7589,20.3,PASS,0.456,86.91,1.06,1.57,85.86,2.2,2.78,85.39,2.33,3.68,84.7,0.88,4.11,3.372,0.0562,FieldSure-Narcotics-v2.1,0.932,NEG_NO_REACTION,VALIDATED_LAB_CONFIRMED,LAB-CONFIRM-80818,GC-MS (Gas Chromatography-Mass Spectrometry),Inert Cutting Agent (Lactose/Caffeine),0.0,N/A (Inert Sample),TRUE_NEGATIVE,TRAIN_SET
FS-2026-00820,2026-05-25T06:58:00Z,OP-FORENSIC-103,Customs_Evidence_Unit,Crystalline Powder,Scott Reagent (Cobalt Thiocyanate Phase),LOT-2026-SCOT-192,7589,24.3,PASS,0.895,91.7,-0.77,3.91,91.22,-0.63,4.78,90.8,0.44,5.41,92.97,-0.37,6.56,2.966,0.0494,FieldSure-Narcotics-v2.1,0.912,NEG_NO_REACTION,VALIDATED_LAB_CONFIRMED,LAB-CONFIRM-80819,FTIR (Fourier Transform Infrared Spectroscopy),Methamphetamine HCl,69.12,None (High Purity Grade),TRUE_POSITIVE,TRAIN_SET
FS-2026-00821,2026-05-25T11:07:00Z,OP-FORENSIC-104,Customs_Evidence_Unit,Tar/Sticky Resin,Mandelin Reagent (Ammonium Vanadate/Sulfuric Acid),LOT-2026-MAND-734,7589,23.7,FAIL_GEOMETRY,9.35,88.55,-0.13,5.54,,,,,,,,,,,,FieldSure-Narcotics-v2.1,0.071,ABSTAIN_FAIL_GEOMETRY,UNVALIDATED_QC_ABSTAIN,LAB-CONFIRM-80820,FTIR (Fourier Transform Infrared Spectroscopy),Procaine / Benzocaine (Local Anesthetic),0.0,N/A (Inert Sample),ABSTAINED_NO_PREDICTION,TRAIN_SET
FS-2026-00822,2026-05-25T11:28:00Z,OP-FORENSIC-124,Metropolitan_Task_Force,Crystalline Powder,Simon's Reagent (Sodium Nitroprusside/Acetaldehyde),LOT-2026-SIMN-387,2363,18.6,PASS,1.81,86.99,-0.0,3.65,84.39,0.0,3.99,83.59,-0.26,4.5,83.04,0.53,4.71,4.124,0.0687,FieldSure-Narcotics-v2.1,0.931,NEG_NO_REACTION,VALIDATED_LAB_CONFIRMED,LAB-CONFIRM-80821,GC-MS (Gas Chromatography-Mass Spectrometry),Cocaine Hydrochloride,93.51,Lactose / Starch,TRUE_POSITIVE,TRAIN_SET
FS-2026-00823,2026-05-25T13:44:00Z,OP-FORENSIC-117,District_Lab_North,Off-White Powder,Scott Reagent (Cobalt Thiocyanate Phase),LOT-2026-SCOT-333,7589,32.7,PASS,1.729,90.97,-0.39,2.41,88.75,-1.53,2.77,88.72,-1.04,3.79,87.69,-1.87,4.8,4.32,0.072,FieldSure-Narcotics-v2.1,0.976,NEG_NO_REACTION,VALIDATED_LAB_CONFIRMED,LAB-CONFIRM-80822,GC-MS (Gas Chromatography-Mass Spectrometry),Inert Cutting Agent (Lactose/Caffeine),0.0,N/A (Inert Sample),TRUE_NEGATIVE,TRAIN_SET
FS-2026-00824,2026-05-25T18:23:00Z,OP-FORENSIC-100,District_Lab_North,Crystalline Powder,Mandelin Reagent (Ammonium Vanadate/Sulfuric Acid),LOT-2026-MAND-259,2363,27.1,PASS,1.461,89.69,-0.96,3.12,89.75,-0.61,2.87,88.45,-1.89,2.59,87.38,-2.1,3.27,2.58,0.043,FieldSure-Narcotics-v2.1,0.951,NEG_NO_REACTION,VALIDATED_LAB_CONFIRMED,LAB-CONFIRM-80823,FTIR (Fourier Transform Infrared Spectroscopy),Procaine / Benzocaine (Local Anesthetic),0.0,N/A (Inert Sample),TRUE_NEGATIVE,TRAIN_SET
FS-2026-00825,2026-05-25T19:20:00Z,OP-FORENSIC-104,State_Forensic_Field_Team,Liquid Solution (Diluted),Mecke Reagent (Selenious Acid/Sulfuric Acid),LOT-2026-MECK-991,7589,25.9,PASS,0.788,89.04,-0.85,2.68,88.97,-1.69,3.99,87.83,-1.31,3.36,86.43,-1.46,3.4,2.775,0.0462,FieldSure-Narcotics-v2.1,0.907,NEG_NO_REACTION,VALIDATED_LAB_CONFIRMED,LAB-CONFIRM-80824,GC-MS (Gas Chromatography-Mass Spectrometry),Procaine / Benzocaine (Local Anesthetic),0.0,N/A (Inert Sample),TRUE_NEGATIVE,TRAIN_SET
FS-2026-00826,2026-05-25T19:29:00Z,OP-FORENSIC-115,District_Lab_North,Pressed Tablet (Crushed),Marquis Reagent (Formaldehyde/Sulfuric Acid),LOT-2026-MARQ-683,564,24.1,PASS,1.697,89.87,1.21,1.57,88.51,0.33,1.27,87.28,1.28,0.46,87.9,1.54,1.18,2.035,0.0339,FieldSure-Narcotics-v2.1,0.983,NEG_NO_REACTION,VALIDATED_LAB_CONFIRMED,LAB-CONFIRM-80825,GC-MS (Gas Chromatography-Mass Spectrometry),Procaine / Benzocaine (Local Anesthetic),0.0,N/A (Inert Sample),TRUE_NEGATIVE,TRAIN_SET
FS-2026-00827,2026-05-25T19:42:00Z,OP-FORENSIC-100,State_Forensic_Field_Team,Pressed Tablet (Crushed),Mandelin Reagent (Ammonium Vanadate/Sulfuric Acid),LOT-2026-MAND-598,7589,22.1,PASS,1.273,92.75,-0.53,4.2,91.87,-2.07,4.67,92.24,-0.16,4.66,92.14,-0.26,5.49,1.452,0.0242,FieldSure-Narcotics-v2.1,0.97,NEG_NO_REACTION,VALIDATED_LAB_CONFIRMED,LAB-CONFIRM-80826,GC-MS (Gas Chromatography-Mass Spectrometry),Heroin Hydrochloride,40.26,Dimethylsulfone (18.4%),TRUE_POSITIVE,TRAIN_SET
FS-2026-00828,2026-05-25T20:31:00Z,OP-FORENSIC-110,Metropolitan_Task_Force,Crystalline Powder,Scott Reagent (Cobalt Thiocyanate Phase),LOT-2026-SCOT-386,2363,24.0,PASS,1.12,87.78,1.05,5.11,88.15,0.79,4.21,88.36,0.56,4.82,87.21,1.42,4.87,0.721,0.012,FieldSure-Narcotics-v2.1,0.908,NEG_NO_REACTION,VALIDATED_LAB_CONFIRMED,LAB-CONFIRM-80827,GC-MS (Gas Chromatography-Mass Spectrometry),LSD (Lysergic Acid Diethylamide),29.1,Caffeine (14.5%),TRUE_POSITIVE,TRAIN_SET
FS-2026-00829,2026-05-25T21:25:00Z,OP-FORENSIC-122,District_Lab_North,Paper Blotter Segment,Duquenois-Levine Reagent (Vanillin/Acetaldehyde),LOT-2026-DUQN-239,7589,25.5,FAIL_EXPOSURE,10.031,89.89,1.53,5.75,,,,,,,,,,,,FieldSure-Narcotics-v2.1,0.024,ABSTAIN_FAIL_EXPOSURE,UNVALIDATED_QC_ABSTAIN,LAB-CONFIRM-80828,GC-MS (Gas Chromatography-Mass Spectrometry),Delta-9-THC,61.58,None (High Purity Grade),ABSTAINED_NO_PREDICTION,TRAIN_SET
FS-2026-00830,2026-05-25T21:30:00Z,OP-FORENSIC-100,Customs_Evidence_Unit,Pressed Tablet (Crushed),Mandelin Reagent (Ammonium Vanadate/Sulfuric Acid),LOT-2026-MAND-280,564,15.7,PASS,0.71,92.48,0.31,3.63,90.73,-0.64,5.57,89.24,0.67,5.97,88.92,0.2,6.35,4.482,0.0747,FieldSure-Narcotics-v2.1,0.919,NEG_NO_REACTION,VALIDATED_LAB_CONFIRMED,LAB-CONFIRM-80829,GC-MS (Gas Chromatography-Mass Spectrometry),Inert Cutting Agent (Lactose/Caffeine),0.0,N/A (Inert Sample),TRUE_NEGATIVE,TRAIN_SET
FS-2026-00831,2026-05-26T00:47:00Z,OP-FORENSIC-106,Border_Control_Post_3,Off-White Powder,Marquis Reagent (Formaldehyde/Sulfuric Acid),LOT-2026-MARQ-177,564,22.7,PASS,0.556,88.67,-0.08,2.99,66.35,-13.22,22.84,50.97,-19.89,37.43,41.77,-25.38,46.5,68.795,1.1466,FieldSure-Narcotics-v2.1,0.961,POS_OPIATE_HEROIN,VALIDATED_LAB_CONFIRMED,LAB-CONFIRM-80830,GC-MS (Gas Chromatography-Mass Spectrometry),Heroin Hydrochloride,49.09,Lactose / Starch,TRUE_POSITIVE,TRAIN_SET
FS-2026-00832,2026-05-26T01:44:00Z,OP-FORENSIC-108,District_Lab_North,Crystalline Powder,Ehrlich Reagent (p-DMAB/HCl),LOT-2026-EHRL-244,2363,23.9,PASS,0.998,87.9,0.79,1.65,86.84,0.54,2.21,86.82,0.54,2.85,87.17,0.03,3.16,1.841,0.0307,FieldSure-Narcotics-v2.1,0.974,NEG_NO_REACTION,VALIDATED_LAB_CONFIRMED,LAB-CONFIRM-80831,FTIR (Fourier Transform Infrared Spectroscopy),Fentanyl HCl (Trace / Weak Response),11.16,Lactose / Starch,TRUE_POSITIVE,TRAIN_SET
FS-2026-00833,2026-05-26T08:46:00Z,OP-FORENSIC-112,District_Lab_North,Liquid Solution (Diluted),Mandelin Reagent (Ammonium Vanadate/Sulfuric Acid),LOT-2026-MAND-791,7589,23.6,PASS,0.681,94.35,0.29,3.68,93.67,-0.34,4.19,91.82,-0.17,4.16,92.37,-0.97,3.57,2.349,0.0392,FieldSure-Narcotics-v2.1,0.992,NEG_NO_REACTION,VALIDATED_LAB_CONFIRMED,LAB-CONFIRM-80832,GC-MS (Gas Chromatography-Mass Spectrometry),"3,4-MDMA (Ecstasy)",65.93,Dimethylsulfone (18.4%),TRUE_POSITIVE,TRAIN_SET
FS-2026-00834,2026-05-26T09:58:00Z,OP-FORENSIC-111,Metropolitan_Task_Force,Crystalline Powder,Duquenois-Levine Reagent (Vanillin/Acetaldehyde),LOT-2026-DUQN-212,564,20.7,PASS,0.812,88.87,-0.1,4.16,89.11,1.36,4.19,89.46,1.84,6.96,88.98,1.8,6.85,3.295,0.0549,FieldSure-Narcotics-v2.1,0.925,NEG_NO_REACTION,VALIDATED_LAB_CONFIRMED,LAB-CONFIRM-80833,GC-MS (Gas Chromatography-Mass Spectrometry),Procaine / Benzocaine (Local Anesthetic),0.0,N/A (Inert Sample),TRUE_NEGATIVE,TRAIN_SET
FS-2026-00835,2026-05-26T14:32:00Z,OP-FORENSIC-118,District_Lab_North,Off-White Powder,Ehrlich Reagent (p-DMAB/HCl),LOT-2026-EHRL-531,2363,23.3,PASS,1.427,86.85,0.27,1.74,85.0,-0.08,1.87,83.69,1.44,2.95,82.7,1.61,3.11,4.571,0.0762,FieldSure-Narcotics-v2.1,0.944,NEG_NO_REACTION,VALIDATED_LAB_CONFIRMED,LAB-CONFIRM-80834,GC-MS (Gas Chromatography-Mass Spectrometry),Procaine / Benzocaine (Local Anesthetic),0.0,N/A (Inert Sample),TRUE_NEGATIVE,TRAIN_SET
FS-2026-00836,2026-05-26T22:22:00Z,OP-FORENSIC-122,Border_Control_Post_3,Tar/Sticky Resin,Ehrlich Reagent (p-DMAB/HCl),LOT-2026-EHRL-931,7589,22.7,PASS,1.529,88.3,1.56,3.75,89.01,1.23,4.1,87.58,-0.22,4.55,88.13,-0.95,3.41,2.539,0.0423,FieldSure-Narcotics-v2.1,0.941,NEG_NO_REACTION,VALIDATED_LAB_CONFIRMED,LAB-CONFIRM-80835,GC-MS (Gas Chromatography-Mass Spectrometry),Methamphetamine HCl,68.37,Phenacetin (11.0%),TRUE_POSITIVE,TRAIN_SET
FS-2026-00837,2026-05-27T01:09:00Z,OP-FORENSIC-111,Metropolitan_Task_Force,Pressed Tablet (Crushed),Scott Reagent (Cobalt Thiocyanate Phase),LOT-2026-SCOT-508,7589,25.3,PASS,1.739,92.38,0.62,4.93,90.76,-0.42,5.49,90.89,0.65,7.36,89.62,0.65,7.07,3.493,0.0582,FieldSure-Narcotics-v2.1,0.976,NEG_NO_REACTION,VALIDATED_LAB_CONFIRMED,LAB-CONFIRM-80836,GC-MS (Gas Chromatography-Mass Spectrometry),Delta-9-THC,55.89,Dimethylsulfone (18.4%),TRUE_POSITIVE,TRAIN_SET
FS-2026-00838,2026-05-27T01:14:00Z,OP-FORENSIC-119,Customs_Evidence_Unit,Off-White Powder,Ehrlich Reagent (p-DMAB/HCl),LOT-2026-EHRL-730,2363,21.1,PASS,0.514,93.95,-0.46,5.31,94.05,-0.99,5.84,94.12,-0.46,5.02,93.1,-0.29,5.98,1.096,0.0183,FieldSure-Narcotics-v2.1,0.962,NEG_NO_REACTION,VALIDATED_LAB_CONFIRMED,LAB-CONFIRM-80837,GC-MS (Gas Chromatography-Mass Spectrometry),Methamphetamine HCl,90.66,Phenacetin (11.0%),TRUE_POSITIVE,TRAIN_SET
FS-2026-00839,2026-05-27T10:28:00Z,OP-FORENSIC-101,Customs_Evidence_Unit,Liquid Solution (Diluted),Simon's Reagent (Sodium Nitroprusside/Acetaldehyde),LOT-2026-SIMN-557,564,30.5,FAIL_EXPOSURE,7.814,90.76,0.87,4.19,,,,,,,,,,,,FieldSure-Narcotics-v2.1,0.248,ABSTAIN_FAIL_EXPOSURE,UNVALIDATED_QC_ABSTAIN,LAB-CONFIRM-80838,GC-MS (Gas Chromatography-Mass Spectrometry),Cocaine Hydrochloride,91.22,None (High Purity Grade),ABSTAINED_NO_PREDICTION,TRAIN_SET
FS-2026-00840,2026-05-27T10:42:00Z,OP-FORENSIC-120,Metropolitan_Task_Force,Off-White Powder,Ehrlich Reagent (p-DMAB/HCl),LOT-2026-EHRL-297,564,18.1,PASS,1.455,87.53,-0.15,1.57,87.22,-1.08,2.04,87.48,-1.8,1.6,87.46,-1.96,1.02,1.893,0.0316,FieldSure-Narcotics-v2.1,0.937,NEG_NO_REACTION,VALIDATED_LAB_CONFIRMED,LAB-CONFIRM-80839,GC-MS (Gas Chromatography-Mass Spectrometry),Fentanyl HCl (Trace / Weak Response),8.88,Lactose / Starch,TRUE_POSITIVE,TRAIN_SET
FS-2026-00841,2026-05-27T12:07:00Z,OP-FORENSIC-118,Metropolitan_Task_Force,Crystalline Powder,Ehrlich Reagent (p-DMAB/HCl),LOT-2026-EHRL-637,564,17.0,PASS,1.485,94.06,-0.34,4.2,93.64,0.47,3.54,94.37,1.17,3.57,92.96,1.61,3.73,2.288,0.0381,FieldSure-Narcotics-v2.1,0.958,NEG_NO_REACTION,VALIDATED_LAB_CONFIRMED,LAB-CONFIRM-80840,GC-MS (Gas Chromatography-Mass Spectrometry),Methamphetamine HCl,80.67,None (High Purity Grade),TRUE_POSITIVE,TRAIN_SET
FS-2026-00842,2026-05-27T23:20:00Z,OP-FORENSIC-111,District_Lab_North,Off-White Powder,Mecke Reagent (Selenious Acid/Sulfuric Acid),LOT-2026-MECK-355,2363,17.4,FAIL_BLUR,4.618,88.6,1.91,3.11,,,,,,,,,,,,FieldSure-Narcotics-v2.1,0.242,ABSTAIN_FAIL_BLUR,UNVALIDATED_QC_ABSTAIN,LAB-CONFIRM-80841,GC-MS (Gas Chromatography-Mass Spectrometry),Procaine / Benzocaine (Local Anesthetic),0.0,N/A (Inert Sample),ABSTAINED_NO_PREDICTION,TRAIN_SET
FS-2026-00843,2026-05-28T00:30:00Z,OP-FORENSIC-106,Metropolitan_Task_Force,Crystalline Powder,Simon's Reagent (Sodium Nitroprusside/Acetaldehyde),LOT-2026-SIMN-943,2363,19.2,PASS,0.669,93.62,2.3,4.33,94.45,1.63,3.05,93.05,1.54,3.66,93.37,3.47,4.09,1.22,0.0203,FieldSure-Narcotics-v2.1,0.992,NEG_NO_REACTION,VALIDATED_LAB_CONFIRMED,LAB-CONFIRM-80842,GC-MS (Gas Chromatography-Mass Spectrometry),Cocaine Hydrochloride,89.42,Levamisole (8.2%),TRUE_POSITIVE,TRAIN_SET
FS-2026-00844,2026-05-28T01:08:00Z,OP-FORENSIC-101,District_Lab_North,Off-White Powder,Ehrlich Reagent (p-DMAB/HCl),LOT-2026-EHRL-159,2363,18.3,PASS,1.029,90.19,2.37,3.18,89.7,3.23,3.4,89.0,2.64,4.3,89.12,2.8,3.81,1.314,0.0219,FieldSure-Narcotics-v2.1,0.979,NEG_NO_REACTION,VALIDATED_LAB_CONFIRMED,LAB-CONFIRM-80843,FTIR (Fourier Transform Infrared Spectroscopy),Fentanyl HCl (Trace / Weak Response),2.04,Caffeine (14.5%),TRUE_POSITIVE,TRAIN_SET
FS-2026-00845,2026-05-28T05:01:00Z,OP-FORENSIC-120,District_Lab_North,Pressed Tablet (Crushed),Simon's Reagent (Sodium Nitroprusside/Acetaldehyde),LOT-2026-SIMN-668,564,16.3,PASS,1.097,94.07,2.39,2.26,94.51,3.31,2.62,92.24,2.53,3.62,92.72,2.86,3.22,1.722,0.0287,FieldSure-Narcotics-v2.1,0.908,NEG_NO_REACTION,VALIDATED_LAB_CONFIRMED,LAB-CONFIRM-80844,GC-MS (Gas Chromatography-Mass Spectrometry),Delta-9-THC,69.9,Lactose / Starch,TRUE_POSITIVE,TRAIN_SET
FS-2026-00846,2026-05-28T05:03:00Z,OP-FORENSIC-103,District_Lab_North,Crystalline Powder,Scott Reagent (Cobalt Thiocyanate Phase),LOT-2026-SCOT-606,564,33.9,PASS,1.002,88.36,-0.4,2.35,87.28,-0.01,1.26,85.5,-0.73,2.57,86.46,0.38,2.15,2.064,0.0344,FieldSure-Narcotics-v2.1,0.929,NEG_NO_REACTION,VALIDATED_LAB_CONFIRMED,LAB-CONFIRM-80845,LC-MS/MS (Liquid Chromatography-Tandem Mass Spectrometry),Inert Cutting Agent (Lactose/Caffeine),0.0,N/A (Inert Sample),TRUE_NEGATIVE,TRAIN_SET
FS-2026-00847,2026-05-28T08:32:00Z,OP-FORENSIC-103,State_Forensic_Field_Team,Pressed Tablet (Crushed),Mecke Reagent (Selenious Acid/Sulfuric Acid),LOT-2026-MECK-320,2363,21.1,FAIL_GLARE,10.201,94.01,2.47,4.93,,,,,,,,,,,,FieldSure-Narcotics-v2.1,0.168,ABSTAIN_FAIL_GLARE,UNVALIDATED_QC_ABSTAIN,LAB-CONFIRM-80846,LC-MS/MS (Liquid Chromatography-Tandem Mass Spectrometry),LSD (Lysergic Acid Diethylamide),48.08,Caffeine (14.5%),ABSTAINED_NO_PREDICTION,TRAIN_SET
FS-2026-00848,2026-05-28T08:38:00Z,OP-FORENSIC-122,Metropolitan_Task_Force,Tar/Sticky Resin,Ehrlich Reagent (p-DMAB/HCl),LOT-2026-EHRL-446,2363,26.6,PASS,1.376,92.32,-1.25,3.8,92.01,-0.6,4.76,90.11,-1.0,6.53,91.33,0.36,6.82,3.563,0.0594,FieldSure-Narcotics-v2.1,0.904,NEG_NO_REACTION,VALIDATED_LAB_CONFIRMED,LAB-CONFIRM-80847,FTIR (Fourier Transform Infrared Spectroscopy),Inert Cutting Agent (Lactose/Caffeine),0.0,N/A (Inert Sample),TRUE_NEGATIVE,TRAIN_SET
FS-2026-00849,2026-05-28T09:01:00Z,OP-FORENSIC-111,State_Forensic_Field_Team,Crystalline Powder,Scott Reagent (Cobalt Thiocyanate Phase),LOT-2026-SCOT-167,2363,31.6,PASS,1.636,86.24,2.49,5.6,84.93,3.47,5.87,84.8,2.86,8.0,83.42,2.39,8.68,4.177,0.0696,FieldSure-Narcotics-v2.1,0.993,NEG_NO_REACTION,VALIDATED_LAB_CONFIRMED,LAB-CONFIRM-80848,GC-MS (Gas Chromatography-Mass Spectrometry),"3,4-MDMA (Ecstasy)",65.13,Phenacetin (11.0%),TRUE_POSITIVE,TRAIN_SET
FS-2026-00850,2026-05-28T09:30:00Z,OP-FORENSIC-107,District_Lab_North,Off-White Powder,Scott Reagent (Cobalt Thiocyanate Phase),LOT-2026-SCOT-973,2363,22.2,PASS,1.176,91.01,-0.6,5.3,74.07,8.92,19.85,61.96,17.08,34.46,53.81,20.37,41.41,55.924,0.9321,FieldSure-Narcotics-v2.1,0.965,FALSE_POS_LOCAL_ANESTHETIC,VALIDATED_LAB_CONFIRMED,LAB-CONFIRM-80849,GC-MS (Gas Chromatography-Mass Spectrometry),Procaine / Benzocaine (Local Anesthetic),0.0,N/A (Inert Sample),TRUE_POSITIVE,TRAIN_SET
FS-2026-00851,2026-05-28T11:11:00Z,OP-FORENSIC-112,State_Forensic_Field_Team,Crystalline Powder,Scott Reagent (Cobalt Thiocyanate Phase),LOT-2026-SCOT-154,564,23.0,FAIL_GEOMETRY,7.195,94.51,0.88,2.25,,,,,,,,,,,,FieldSure-Narcotics-v2.1,0.277,ABSTAIN_FAIL_GEOMETRY,UNVALIDATED_QC_ABSTAIN,LAB-CONFIRM-80850,GC-MS (Gas Chromatography-Mass Spectrometry),Methamphetamine HCl,87.08,Dimethylsulfone (18.4%),ABSTAINED_NO_PREDICTION,TRAIN_SET
FS-2026-00852,2026-05-28T11:31:00Z,OP-FORENSIC-116,Border_Control_Post_3,Pressed Tablet (Crushed),Simon's Reagent (Sodium Nitroprusside/Acetaldehyde),LOT-2026-SIMN-662,2363,26.6,PASS,1.583,86.71,0.75,2.07,86.43,0.59,1.58,87.05,0.86,3.56,87.13,0.19,3.48,1.574,0.0262,FieldSure-Narcotics-v2.1,0.948,NEG_NO_REACTION,VALIDATED_LAB_CONFIRMED,LAB-CONFIRM-80851,GC-MS (Gas Chromatography-Mass Spectrometry),Delta-9-THC,43.2,Lactose / Starch,TRUE_POSITIVE,TRAIN_SET
FS-2026-00853,2026-05-28T13:31:00Z,OP-FORENSIC-100,Border_Control_Post_3,Liquid Solution (Diluted),Simon's Reagent (Sodium Nitroprusside/Acetaldehyde),LOT-2026-SIMN-481,564,21.6,PASS,1.09,94.55,2.03,2.67,95.24,1.2,3.85,95.0,0.5,4.15,94.02,0.92,5.26,2.867,0.0478,FieldSure-Narcotics-v2.1,0.898,NEG_NO_REACTION,VALIDATED_LAB_CONFIRMED,LAB-CONFIRM-80852,FTIR (Fourier Transform Infrared Spectroscopy),LSD (Lysergic Acid Diethylamide),48.25,Caffeine (14.5%),TRUE_POSITIVE,TRAIN_SET
FS-2026-00854,2026-05-28T17:34:00Z,OP-FORENSIC-120,Customs_Evidence_Unit,Crystalline Powder,Mandelin Reagent (Ammonium Vanadate/Sulfuric Acid),LOT-2026-MAND-245,2363,24.0,PASS,1.483,91.84,1.19,2.64,89.64,1.46,2.66,89.58,1.31,2.61,89.17,-0.19,3.83,3.233,0.0539,FieldSure-Narcotics-v2.1,0.961,NEG_NO_REACTION,VALIDATED_LAB_CONFIRMED,LAB-CONFIRM-80853,GC-MS (Gas Chromatography-Mass Spectrometry),LSD (Lysergic Acid Diethylamide),26.17,Levamisole (8.2%),TRUE_POSITIVE,TRAIN_SET
FS-2026-00855,2026-05-29T02:32:00Z,OP-FORENSIC-109,District_Lab_North,Crystalline Powder,Scott Reagent (Cobalt Thiocyanate Phase),LOT-2026-SCOT-410,2363,21.5,PASS,0.782,89.9,0.56,1.83,91.0,1.07,1.9,88.92,0.77,2.15,89.82,1.02,1.0,0.952,0.0159,FieldSure-Narcotics-v2.1,0.926,NEG_NO_REACTION,VALIDATED_LAB_CONFIRMED,LAB-CONFIRM-80854,GC-MS (Gas Chromatography-Mass Spectrometry),LSD (Lysergic Acid Diethylamide),59.3,Phenacetin (11.0%),TRUE_POSITIVE,TRAIN_SET
FS-2026-00856,2026-05-29T03:26:00Z,OP-FORENSIC-108,District_Lab_North,Pressed Tablet (Crushed),Marquis Reagent (Formaldehyde/Sulfuric Acid),LOT-2026-MARQ-723,2363,19.7,PASS,0.669,86.44,1.98,3.02,62.57,-7.17,13.26,43.83,-12.66,17.29,31.47,-16.75,21.17,60.844,1.0141,FieldSure-Narcotics-v2.1,0.9,POS_MDMA,VALIDATED_LAB_CONFIRMED,LAB-CONFIRM-80855,FTIR (Fourier Transform Infrared Spectroscopy),"3,4-MDMA (Ecstasy)",52.63,Levamisole (8.2%),TRUE_POSITIVE,TRAIN_SET
FS-2026-00857,2026-05-29T08:10:00Z,OP-FORENSIC-103,Customs_Evidence_Unit,Pressed Tablet (Crushed),Marquis Reagent (Formaldehyde/Sulfuric Acid),LOT-2026-MARQ-907,564,22.6,PASS,1.75,92.35,0.91,4.13,89.27,1.49,3.59,88.9,1.36,3.39,88.73,1.88,4.05,3.749,0.0625,FieldSure-Narcotics-v2.1,0.949,NEG_NO_REACTION,VALIDATED_LAB_CONFIRMED,LAB-CONFIRM-80856,GC-MS (Gas Chromatography-Mass Spectrometry),Cocaine Hydrochloride,91.62,Caffeine (14.5%),TRUE_POSITIVE,TRAIN_SET
FS-2026-00858,2026-05-29T09:49:00Z,OP-FORENSIC-117,Metropolitan_Task_Force,Crystalline Powder,Simon's Reagent (Sodium Nitroprusside/Acetaldehyde),LOT-2026-SIMN-215,2363,24.1,PASS,1.742,91.12,2.46,2.24,90.37,2.88,3.12,89.25,3.48,3.38,90.39,3.98,2.9,1.811,0.0302,FieldSure-Narcotics-v2.1,0.962,NEG_NO_REACTION,VALIDATED_LAB_CONFIRMED,LAB-CONFIRM-80857,GC-MS (Gas Chromatography-Mass Spectrometry),Procaine / Benzocaine (Local Anesthetic),0.0,N/A (Inert Sample),TRUE_NEGATIVE,TRAIN_SET
FS-2026-00859,2026-05-29T14:05:00Z,OP-FORENSIC-116,Metropolitan_Task_Force,Off-White Powder,Marquis Reagent (Formaldehyde/Sulfuric Acid),LOT-2026-MARQ-406,564,18.5,FAIL_GLARE,9.84,92.43,1.64,1.76,,,,,,,,,,,,FieldSure-Narcotics-v2.1,0.247,ABSTAIN_FAIL_GLARE,UNVALIDATED_QC_ABSTAIN,LAB-CONFIRM-80858,LC-MS/MS (Liquid Chromatography-Tandem Mass Spectrometry),Delta-9-THC,48.41,Dimethylsulfone (18.4%),ABSTAINED_NO_PREDICTION,TRAIN_SET
FS-2026-00860,2026-05-29T18:41:00Z,OP-FORENSIC-109,District_Lab_North,Crystalline Powder,Scott Reagent (Cobalt Thiocyanate Phase),LOT-2026-SCOT-895,7589,18.1,PASS,1.498,92.01,1.56,2.22,80.01,24.5,18.61,70.27,40.57,29.41,64.86,50.0,36.75,65.39,1.0898,FieldSure-Narcotics-v2.1,0.919,FALSE_POS_LOCAL_ANESTHETIC,VALIDATED_LAB_CONFIRMED,LAB-CONFIRM-80859,GC-MS (Gas Chromatography-Mass Spectrometry),Procaine / Benzocaine (Local Anesthetic),0.0,N/A (Inert Sample),TRUE_POSITIVE,TRAIN_SET
FS-2026-00861,2026-05-29T20:31:00Z,OP-FORENSIC-103,Customs_Evidence_Unit,Crystalline Powder,Mandelin Reagent (Ammonium Vanadate/Sulfuric Acid),LOT-2026-MAND-309,7589,28.5,PASS,0.646,89.06,1.13,4.12,88.25,1.05,4.77,89.43,2.42,5.39,89.39,2.37,6.42,2.634,0.0439,FieldSure-Narcotics-v2.1,0.977,NEG_NO_REACTION,VALIDATED_LAB_CONFIRMED,LAB-CONFIRM-80860,FTIR (Fourier Transform Infrared Spectroscopy),Procaine / Benzocaine (Local Anesthetic),0.0,N/A (Inert Sample),TRUE_NEGATIVE,TRAIN_SET
FS-2026-00862,2026-05-29T20:46:00Z,OP-FORENSIC-116,District_Lab_North,Crystalline Powder,Ehrlich Reagent (p-DMAB/HCl),LOT-2026-EHRL-367,564,17.8,PASS,0.581,89.35,0.42,1.42,89.87,-0.28,0.87,88.99,0.01,0.27,89.33,0.31,-0.03,1.454,0.0242,FieldSure-Narcotics-v2.1,0.967,NEG_NO_REACTION,VALIDATED_LAB_CONFIRMED,LAB-CONFIRM-80861,GC-MS (Gas Chromatography-Mass Spectrometry),Inert Cutting Agent (Lactose/Caffeine),0.0,N/A (Inert Sample),TRUE_NEGATIVE,TRAIN_SET
FS-2026-00863,2026-05-29T23:27:00Z,OP-FORENSIC-119,Border_Control_Post_3,Pressed Tablet (Crushed),Simon's Reagent (Sodium Nitroprusside/Acetaldehyde),LOT-2026-SIMN-685,564,28.6,PASS,0.807,90.92,-0.81,5.32,90.5,0.39,5.53,90.99,0.68,7.01,90.87,-0.01,7.41,2.238,0.0373,FieldSure-Narcotics-v2.1,0.993,NEG_NO_REACTION,VALIDATED_LAB_CONFIRMED,LAB-CONFIRM-80862,GC-MS (Gas Chromatography-Mass Spectrometry),LSD (Lysergic Acid Diethylamide),42.91,None (High Purity Grade),TRUE_POSITIVE,TRAIN_SET
FS-2026-00864,2026-05-30T00:08:00Z,OP-FORENSIC-117,Border_Control_Post_3,Pressed Tablet (Crushed),Mandelin Reagent (Ammonium Vanadate/Sulfuric Acid),LOT-2026-MAND-415,2363,19.4,FAIL_BLUR,10.972,88.26,0.31,5.94,,,,,,,,,,,,FieldSure-Narcotics-v2.1,0.091,ABSTAIN_FAIL_BLUR,UNVALIDATED_QC_ABSTAIN,LAB-CONFIRM-80863,GC-MS (Gas Chromatography-Mass Spectrometry),"3,4-MDMA (Ecstasy)",57.67,Levamisole (8.2%),ABSTAINED_NO_PREDICTION,TRAIN_SET
FS-2026-00865,2026-05-30T00:21:00Z,OP-FORENSIC-109,District_Lab_North,Pressed Tablet (Crushed),Duquenois-Levine Reagent (Vanillin/Acetaldehyde),LOT-2026-DUQN-783,2363,24.9,PASS,1.093,88.67,1.81,1.57,73.21,-6.97,-11.61,61.55,-14.47,-21.94,53.86,-18.88,-27.96,50.118,0.8353,FieldSure-Narcotics-v2.1,0.921,POS_CANNABINOID_THC,VALIDATED_LAB_CONFIRMED,LAB-CONFIRM-80864,LC-MS/MS (Liquid Chromatography-Tandem Mass Spectrometry),Delta-9-THC,34.59,Caffeine (14.5%),TRUE_POSITIVE,TRAIN_SET
FS-2026-00866,2026-05-30T03:36:00Z,OP-FORENSIC-122,Metropolitan_Task_Force,Tar/Sticky Resin,Mandelin Reagent (Ammonium Vanadate/Sulfuric Acid),LOT-2026-MAND-295,564,27.2,PASS,0.454,88.58,2.44,3.53,89.63,2.8,4.77,89.52,2.78,4.01,89.12,2.14,4.69,1.314,0.0219,FieldSure-Narcotics-v2.1,0.993,NEG_NO_REACTION,VALIDATED_LAB_CONFIRMED,LAB-CONFIRM-80865,FTIR (Fourier Transform Infrared Spectroscopy),Inert Cutting Agent (Lactose/Caffeine),0.0,N/A (Inert Sample),TRUE_NEGATIVE,TRAIN_SET
FS-2026-00867,2026-05-30T06:01:00Z,OP-FORENSIC-112,Border_Control_Post_3,Crystalline Powder,Duquenois-Levine Reagent (Vanillin/Acetaldehyde),LOT-2026-DUQN-512,7589,18.6,PASS,1.047,92.28,-0.81,5.77,91.51,-1.91,4.95,89.98,-0.95,6.66,91.31,-1.86,5.32,1.499,0.025,FieldSure-Narcotics-v2.1,0.894,NEG_NO_REACTION,VALIDATED_LAB_CONFIRMED,LAB-CONFIRM-80866,GC-MS (Gas Chromatography-Mass Spectrometry),Heroin Hydrochloride,43.96,Lactose / Starch,TRUE_POSITIVE,TRAIN_SET
FS-2026-00868,2026-05-30T06:54:00Z,OP-FORENSIC-107,District_Lab_North,Pressed Tablet (Crushed),Marquis Reagent (Formaldehyde/Sulfuric Acid),LOT-2026-MARQ-713,564,21.5,PASS,1.037,86.95,1.98,5.66,86.56,1.12,6.54,85.87,2.7,7.91,86.49,1.65,7.28,1.716,0.0286,FieldSure-Narcotics-v2.1,0.9,NEG_NO_REACTION,VALIDATED_LAB_CONFIRMED,LAB-CONFIRM-80867,GC-MS (Gas Chromatography-Mass Spectrometry),Cocaine Hydrochloride,72.72,Caffeine (14.5%),TRUE_POSITIVE,TRAIN_SET
FS-2026-00869,2026-05-30T07:13:00Z,OP-FORENSIC-112,State_Forensic_Field_Team,Pressed Tablet (Crushed),Mandelin Reagent (Ammonium Vanadate/Sulfuric Acid),LOT-2026-MAND-282,2363,31.7,PASS,1.743,91.42,-0.27,4.56,90.67,-0.96,5.11,89.86,-1.74,4.6,88.14,-1.35,2.85,3.853,0.0642,FieldSure-Narcotics-v2.1,0.895,NEG_NO_REACTION,VALIDATED_LAB_CONFIRMED,LAB-CONFIRM-80868,GC-MS (Gas Chromatography-Mass Spectrometry),Heroin Hydrochloride,49.89,Phenacetin (11.0%),TRUE_POSITIVE,TRAIN_SET
FS-2026-00870,2026-05-30T09:23:00Z,OP-FORENSIC-105,District_Lab_North,Crystalline Powder,Marquis Reagent (Formaldehyde/Sulfuric Acid),LOT-2026-MARQ-538,564,21.5,PASS,0.647,87.03,0.88,2.83,69.66,19.29,10.19,55.44,34.76,16.58,47.51,42.52,19.13,59.678,0.9946,FieldSure-Narcotics-v2.1,0.975,POS_OPIATE_HEROIN,VALIDATED_LAB_CONFIRMED,LAB-CONFIRM-80869,LC-MS/MS (Liquid Chromatography-Tandem Mass Spectrometry),Heroin Hydrochloride,43.15,Dimethylsulfone (18.4%),TRUE_POSITIVE,TRAIN_SET
FS-2026-00871,2026-05-30T11:01:00Z,OP-FORENSIC-123,Customs_Evidence_Unit,Crystalline Powder,Mandelin Reagent (Ammonium Vanadate/Sulfuric Acid),LOT-2026-MAND-816,7589,17.1,PASS,0.448,93.74,-1.43,5.62,92.61,-0.55,6.47,90.73,-1.42,8.02,90.46,0.33,8.26,4.564,0.0761,FieldSure-Narcotics-v2.1,0.924,NEG_NO_REACTION,VALIDATED_LAB_CONFIRMED,LAB-CONFIRM-80870,LC-MS/MS (Liquid Chromatography-Tandem Mass Spectrometry),Heroin Hydrochloride,77.16,Dimethylsulfone (18.4%),TRUE_POSITIVE,TRAIN_SET
FS-2026-00872,2026-05-30T12:22:00Z,OP-FORENSIC-111,Customs_Evidence_Unit,Crystalline Powder,Duquenois-Levine Reagent (Vanillin/Acetaldehyde),LOT-2026-DUQN-974,564,23.2,PASS,1.837,88.68,-1.37,3.17,88.31,-1.28,2.81,88.12,-0.8,2.74,88.17,-1.91,2.35,1.106,0.0184,FieldSure-Narcotics-v2.1,0.995,NEG_NO_REACTION,VALIDATED_LAB_CONFIRMED,LAB-CONFIRM-80871,GC-MS (Gas Chromatography-Mass Spectrometry),Procaine / Benzocaine (Local Anesthetic),0.0,N/A (Inert Sample),TRUE_NEGATIVE,TRAIN_SET
FS-2026-00873,2026-05-30T14:59:00Z,OP-FORENSIC-119,State_Forensic_Field_Team,Crystalline Powder,Duquenois-Levine Reagent (Vanillin/Acetaldehyde),LOT-2026-DUQN-370,2363,13.4,PASS,1.414,89.15,2.33,5.11,87.59,2.95,6.33,86.48,2.92,7.04,86.05,2.29,8.41,4.528,0.0755,FieldSure-Narcotics-v2.1,0.922,NEG_NO_REACTION,VALIDATED_LAB_CONFIRMED,LAB-CONFIRM-80872,GC-MS (Gas Chromatography-Mass Spectrometry),Methamphetamine HCl,86.58,Lactose / Starch,TRUE_POSITIVE,TRAIN_SET
FS-2026-00874,2026-05-30T15:59:00Z,OP-FORENSIC-102,Customs_Evidence_Unit,Crystalline Powder,Scott Reagent (Cobalt Thiocyanate Phase),LOT-2026-SCOT-489,2363,28.3,PASS,1.672,89.02,-1.46,3.57,88.09,-1.74,3.17,87.19,-2.33,5.91,87.23,-1.64,4.09,1.873,0.0312,FieldSure-Narcotics-v2.1,0.995,NEG_NO_REACTION,VALIDATED_LAB_CONFIRMED,LAB-CONFIRM-80873,GC-MS (Gas Chromatography-Mass Spectrometry),Inert Cutting Agent (Lactose/Caffeine),0.0,N/A (Inert Sample),TRUE_NEGATIVE,TRAIN_SET
FS-2026-00875,2026-05-30T16:03:00Z,OP-FORENSIC-110,Border_Control_Post_3,Plant Matter Extract,Mecke Reagent (Selenious Acid/Sulfuric Acid),LOT-2026-MECK-961,564,32.0,FAIL_BLUR,8.359,95.57,1.06,3.55,,,,,,,,,,,,FieldSure-Narcotics-v2.1,0.056,ABSTAIN_FAIL_BLUR,UNVALIDATED_QC_ABSTAIN,LAB-CONFIRM-80874,GC-MS (Gas Chromatography-Mass Spectrometry),Inert Cutting Agent (Lactose/Caffeine),0.0,N/A (Inert Sample),ABSTAINED_NO_PREDICTION,TRAIN_SET
FS-2026-00876,2026-05-30T18:09:00Z,OP-FORENSIC-106,Border_Control_Post_3,Crystalline Powder,Simon's Reagent (Sodium Nitroprusside/Acetaldehyde),LOT-2026-SIMN-210,564,24.1,PASS,1.838,90.62,0.94,1.58,89.85,2.05,2.64,89.11,0.61,2.56,88.06,0.26,3.78,3.443,0.0574,FieldSure-Narcotics-v2.1,0.978,NEG_NO_REACTION,VALIDATED_LAB_CONFIRMED,LAB-CONFIRM-80875,GC-MS (Gas Chromatography-Mass Spectrometry),"3,4-MDMA (Ecstasy)",53.23,Lactose / Starch,TRUE_POSITIVE,TRAIN_SET
FS-2026-00877,2026-05-30T21:49:00Z,OP-FORENSIC-100,State_Forensic_Field_Team,Liquid Solution (Diluted),Scott Reagent (Cobalt Thiocyanate Phase),LOT-2026-SCOT-389,7589,25.6,PASS,1.229,86.73,1.47,3.3,85.78,1.35,5.64,85.94,2.96,5.93,84.99,1.93,5.86,3.129,0.0522,FieldSure-Narcotics-v2.1,0.94,NEG_NO_REACTION,VALIDATED_LAB_CONFIRMED,LAB-CONFIRM-80876,LC-MS/MS (Liquid Chromatography-Tandem Mass Spectrometry),Inert Cutting Agent (Lactose/Caffeine),0.0,N/A (Inert Sample),TRUE_NEGATIVE,TRAIN_SET
FS-2026-00878,2026-05-30T22:14:00Z,OP-FORENSIC-109,Border_Control_Post_3,Paper Blotter Segment,Simon's Reagent (Sodium Nitroprusside/Acetaldehyde),LOT-2026-SIMN-694,564,27.1,FAIL_EXPOSURE,11.787,86.62,1.99,5.88,,,,,,,,,,,,FieldSure-Narcotics-v2.1,0.167,ABSTAIN_FAIL_EXPOSURE,UNVALIDATED_QC_ABSTAIN,LAB-CONFIRM-80877,GC-MS (Gas Chromatography-Mass Spectrometry),LSD (Lysergic Acid Diethylamide),20.74,None (High Purity Grade),ABSTAINED_NO_PREDICTION,TRAIN_SET
FS-2026-00879,2026-05-30T23:41:00Z,OP-FORENSIC-114,District_Lab_North,Pressed Tablet (Crushed),Simon's Reagent (Sodium Nitroprusside/Acetaldehyde),LOT-2026-SIMN-836,2363,25.0,PASS,0.943,93.35,-0.6,4.39,92.55,-2.59,5.92,92.04,-0.94,7.34,92.82,-1.75,7.07,2.964,0.0494,FieldSure-Narcotics-v2.1,0.99,NEG_NO_REACTION,VALIDATED_LAB_CONFIRMED,LAB-CONFIRM-80878,GC-MS (Gas Chromatography-Mass Spectrometry),Inert Cutting Agent (Lactose/Caffeine),0.0,N/A (Inert Sample),TRUE_NEGATIVE,TRAIN_SET
FS-2026-00880,2026-05-31T01:43:00Z,OP-FORENSIC-112,Border_Control_Post_3,Pressed Tablet (Crushed),Simon's Reagent (Sodium Nitroprusside/Acetaldehyde),LOT-2026-SIMN-544,7589,32.3,PASS,0.783,91.74,1.4,5.36,91.77,1.43,6.33,89.59,0.25,7.95,89.9,0.98,7.85,3.124,0.0521,FieldSure-Narcotics-v2.1,0.988,NEG_NO_REACTION,VALIDATED_LAB_CONFIRMED,LAB-CONFIRM-80879,LC-MS/MS (Liquid Chromatography-Tandem Mass Spectrometry),LSD (Lysergic Acid Diethylamide),59.05,Levamisole (8.2%),TRUE_POSITIVE,TRAIN_SET
FS-2026-00881,2026-05-31T02:34:00Z,OP-FORENSIC-110,District_Lab_North,Paper Blotter Segment,Scott Reagent (Cobalt Thiocyanate Phase),LOT-2026-SCOT-626,7589,19.5,FAIL_GEOMETRY,7.412,86.68,0.66,1.53,,,,,,,,,,,,FieldSure-Narcotics-v2.1,0.172,ABSTAIN_FAIL_GEOMETRY,UNVALIDATED_QC_ABSTAIN,LAB-CONFIRM-80880,LC-MS/MS (Liquid Chromatography-Tandem Mass Spectrometry),Methamphetamine HCl,66.59,None (High Purity Grade),ABSTAINED_NO_PREDICTION,TRAIN_SET
FS-2026-00882,2026-05-31T03:25:00Z,OP-FORENSIC-114,District_Lab_North,Pressed Tablet (Crushed),Duquenois-Levine Reagent (Vanillin/Acetaldehyde),LOT-2026-DUQN-312,564,27.0,PASS,0.514,94.58,1.13,3.93,94.93,0.32,5.5,94.69,1.38,6.77,93.96,1.8,7.3,3.491,0.0582,FieldSure-Narcotics-v2.1,0.925,NEG_NO_REACTION,VALIDATED_LAB_CONFIRMED,LAB-CONFIRM-80881,GC-MS (Gas Chromatography-Mass Spectrometry),Heroin Hydrochloride,45.72,Dimethylsulfone (18.4%),TRUE_POSITIVE,TRAIN_SET
FS-2026-00883,2026-05-31T07:51:00Z,OP-FORENSIC-105,Customs_Evidence_Unit,Crystalline Powder,Scott Reagent (Cobalt Thiocyanate Phase),LOT-2026-SCOT-426,7589,23.9,PASS,0.868,95.02,-1.25,4.16,93.59,-0.62,5.79,93.55,-1.17,6.69,94.04,-0.31,6.63,2.819,0.047,FieldSure-Narcotics-v2.1,0.962,NEG_NO_REACTION,VALIDATED_LAB_CONFIRMED,LAB-CONFIRM-80882,LC-MS/MS (Liquid Chromatography-Tandem Mass Spectrometry),Heroin Hydrochloride,70.47,Levamisole (8.2%),TRUE_POSITIVE,TRAIN_SET
FS-2026-00884,2026-05-31T14:01:00Z,OP-FORENSIC-120,Customs_Evidence_Unit,Crystalline Powder,Simon's Reagent (Sodium Nitroprusside/Acetaldehyde),LOT-2026-SIMN-992,564,31.7,FAIL_BLUR,6.287,89.17,0.56,2.0,,,,,,,,,,,,FieldSure-Narcotics-v2.1,0.211,ABSTAIN_FAIL_BLUR,UNVALIDATED_QC_ABSTAIN,LAB-CONFIRM-80883,GC-MS (Gas Chromatography-Mass Spectrometry),Procaine / Benzocaine (Local Anesthetic),0.0,N/A (Inert Sample),ABSTAINED_NO_PREDICTION,TRAIN_SET
FS-2026-00885,2026-05-31T18:07:00Z,OP-FORENSIC-111,State_Forensic_Field_Team,Pressed Tablet (Crushed),Mecke Reagent (Selenious Acid/Sulfuric Acid),LOT-2026-MECK-718,2363,21.5,PASS,1.761,86.8,1.24,3.31,85.75,1.66,5.6,84.74,0.83,5.4,84.47,1.97,6.38,3.923,0.0654,FieldSure-Narcotics-v2.1,0.968,NEG_NO_REACTION,VALIDATED_LAB_CONFIRMED,LAB-CONFIRM-80884,GC-MS (Gas Chromatography-Mass Spectrometry),Fentanyl HCl (Trace / Weak Response),6.67,Lactose / Starch,TRUE_POSITIVE,TRAIN_SET
FS-2026-00886,2026-05-31T22:27:00Z,OP-FORENSIC-124,Border_Control_Post_3,Plant Matter Extract,Marquis Reagent (Formaldehyde/Sulfuric Acid),LOT-2026-MARQ-716,2363,28.0,PASS,0.612,87.62,2.16,4.67,67.79,5.25,-3.77,54.96,10.56,-6.86,45.62,13.6,-10.74,46.177,0.7696,FieldSure-Narcotics-v2.1,0.894,POS_METHAMPHETAMINE,VALIDATED_LAB_CONFIRMED,LAB-CONFIRM-80885,LC-MS/MS (Liquid Chromatography-Tandem Mass Spectrometry),Methamphetamine HCl,85.64,Levamisole (8.2%),TRUE_POSITIVE,TRAIN_SET
FS-2026-00887,2026-06-01T00:34:00Z,OP-FORENSIC-107,Border_Control_Post_3,Tar/Sticky Resin,Simon's Reagent (Sodium Nitroprusside/Acetaldehyde),LOT-2026-SIMN-412,7589,27.7,PASS,1.732,86.94,2.26,4.2,86.08,1.84,4.59,85.89,2.86,3.94,85.18,2.68,4.35,1.816,0.0303,FieldSure-Narcotics-v2.1,0.952,NEG_NO_REACTION,VALIDATED_LAB_CONFIRMED,LAB-CONFIRM-80886,FTIR (Fourier Transform Infrared Spectroscopy),Procaine / Benzocaine (Local Anesthetic),0.0,N/A (Inert Sample),TRUE_NEGATIVE,TRAIN_SET
FS-2026-00888,2026-06-01T06:02:00Z,OP-FORENSIC-107,Customs_Evidence_Unit,Off-White Powder,Mecke Reagent (Selenious Acid/Sulfuric Acid),LOT-2026-MECK-963,2363,25.2,PASS,0.579,91.45,-1.3,4.44,90.86,-1.04,3.39,90.32,0.64,5.22,89.89,-0.64,5.78,2.16,0.036,FieldSure-Narcotics-v2.1,0.971,NEG_NO_REACTION,VALIDATED_LAB_CONFIRMED,LAB-CONFIRM-80887,GC-MS (Gas Chromatography-Mass Spectrometry),Procaine / Benzocaine (Local Anesthetic),0.0,N/A (Inert Sample),TRUE_NEGATIVE,TRAIN_SET
FS-2026-00889,2026-06-01T09:20:00Z,OP-FORENSIC-109,Customs_Evidence_Unit,Pressed Tablet (Crushed),Mandelin Reagent (Ammonium Vanadate/Sulfuric Acid),LOT-2026-MAND-914,564,16.1,PASS,1.532,90.22,-1.07,5.95,90.05,-0.05,6.42,90.46,0.51,7.2,90.12,0.33,6.77,1.626,0.0271,FieldSure-Narcotics-v2.1,0.897,NEG_NO_REACTION,VALIDATED_LAB_CONFIRMED,LAB-CONFIRM-80888,LC-MS/MS (Liquid Chromatography-Tandem Mass Spectrometry),"3,4-MDMA (Ecstasy)",58.0,Dimethylsulfone (18.4%),TRUE_POSITIVE,TRAIN_SET
FS-2026-00890,2026-06-01T12:15:00Z,OP-FORENSIC-109,Metropolitan_Task_Force,Tar/Sticky Resin,Duquenois-Levine Reagent (Vanillin/Acetaldehyde),LOT-2026-DUQN-833,2363,19.3,FAIL_BLUR,6.917,90.35,1.77,4.64,,,,,,,,,,,,FieldSure-Narcotics-v2.1,0.106,ABSTAIN_FAIL_BLUR,UNVALIDATED_QC_ABSTAIN,LAB-CONFIRM-80889,LC-MS/MS (Liquid Chromatography-Tandem Mass Spectrometry),Delta-9-THC,46.38,Phenacetin (11.0%),ABSTAINED_NO_PREDICTION,TRAIN_SET
FS-2026-00891,2026-06-01T16:28:00Z,OP-FORENSIC-108,Customs_Evidence_Unit,Crystalline Powder,Mandelin Reagent (Ammonium Vanadate/Sulfuric Acid),LOT-2026-MAND-724,564,21.9,PASS,1.111,92.99,-0.95,4.35,92.84,-1.3,5.14,91.54,-0.53,5.98,90.96,-0.24,6.11,2.779,0.0463,FieldSure-Narcotics-v2.1,0.96,NEG_NO_REACTION,VALIDATED_LAB_CONFIRMED,LAB-CONFIRM-80890,LC-MS/MS (Liquid Chromatography-Tandem Mass Spectrometry),Inert Cutting Agent (Lactose/Caffeine),0.0,N/A (Inert Sample),TRUE_NEGATIVE,TRAIN_SET
FS-2026-00892,2026-06-01T17:41:00Z,OP-FORENSIC-112,Metropolitan_Task_Force,Crystalline Powder,Simon's Reagent (Sodium Nitroprusside/Acetaldehyde),LOT-2026-SIMN-110,564,22.5,PASS,0.397,95.66,-0.51,4.82,94.55,-1.95,5.85,95.6,-1.55,7.8,96.11,-1.91,7.38,2.952,0.0492,FieldSure-Narcotics-v2.1,0.919,NEG_NO_REACTION,VALIDATED_LAB_CONFIRMED,LAB-CONFIRM-80891,GC-MS (Gas Chromatography-Mass Spectrometry),Fentanyl HCl (Trace / Weak Response),2.15,Caffeine (14.5%),TRUE_POSITIVE,TRAIN_SET
FS-2026-00893,2026-06-01T19:18:00Z,OP-FORENSIC-122,Border_Control_Post_3,Crystalline Powder,Duquenois-Levine Reagent (Vanillin/Acetaldehyde),LOT-2026-DUQN-927,7589,20.4,FAIL_GLARE,8.729,91.99,0.08,5.17,,,,,,,,,,,,FieldSure-Narcotics-v2.1,0.221,ABSTAIN_FAIL_GLARE,UNVALIDATED_QC_ABSTAIN,LAB-CONFIRM-80892,LC-MS/MS (Liquid Chromatography-Tandem Mass Spectrometry),LSD (Lysergic Acid Diethylamide),25.05,Levamisole (8.2%),ABSTAINED_NO_PREDICTION,TRAIN_SET
FS-2026-00894,2026-06-02T00:07:00Z,OP-FORENSIC-117,Border_Control_Post_3,Plant Matter Extract,Mecke Reagent (Selenious Acid/Sulfuric Acid),LOT-2026-MECK-697,2363,20.4,PASS,1.815,93.12,0.29,4.17,91.2,0.84,5.08,90.1,1.4,5.42,89.74,1.61,6.31,4.213,0.0702,FieldSure-Narcotics-v2.1,0.928,NEG_NO_REACTION,VALIDATED_LAB_CONFIRMED,LAB-CONFIRM-80893,LC-MS/MS (Liquid Chromatography-Tandem Mass Spectrometry),LSD (Lysergic Acid Diethylamide),17.51,None (High Purity Grade),TRUE_POSITIVE,TRAIN_SET
FS-2026-00895,2026-06-02T01:57:00Z,OP-FORENSIC-124,Customs_Evidence_Unit,Pressed Tablet (Crushed),Ehrlich Reagent (p-DMAB/HCl),LOT-2026-EHRL-437,2363,27.6,PASS,1.279,91.59,0.93,5.3,91.89,0.66,5.75,91.12,-0.4,5.14,90.6,0.17,5.58,1.279,0.0213,FieldSure-Narcotics-v2.1,0.9,NEG_NO_REACTION,VALIDATED_LAB_CONFIRMED,LAB-CONFIRM-80894,LC-MS/MS (Liquid Chromatography-Tandem Mass Spectrometry),Fentanyl HCl (Trace / Weak Response),10.08,Lactose / Starch,TRUE_POSITIVE,TRAIN_SET
FS-2026-00896,2026-06-02T02:10:00Z,OP-FORENSIC-117,Border_Control_Post_3,Paper Blotter Segment,Ehrlich Reagent (p-DMAB/HCl),LOT-2026-EHRL-464,2363,27.5,PASS,1.296,91.59,-0.18,5.08,74.17,20.27,8.41,59.94,35.48,10.31,52.66,45.18,11.74,60.145,1.0024,FieldSure-Narcotics-v2.1,0.969,POS_INDOLE_LSD,VALIDATED_LAB_CONFIRMED,LAB-CONFIRM-80895,GC-MS (Gas Chromatography-Mass Spectrometry),LSD (Lysergic Acid Diethylamide),58.16,Phenacetin (11.0%),TRUE_POSITIVE,TRAIN_SET
FS-2026-00897,2026-06-02T04:30:00Z,OP-FORENSIC-109,Metropolitan_Task_Force,Off-White Powder,Simon's Reagent (Sodium Nitroprusside/Acetaldehyde),LOT-2026-SIMN-768,564,25.4,PASS,0.444,87.31,1.22,5.98,87.28,0.23,6.8,85.99,1.8,7.47,86.71,3.04,7.94,2.741,0.0457,FieldSure-Narcotics-v2.1,0.906,NEG_NO_REACTION,VALIDATED_LAB_CONFIRMED,LAB-CONFIRM-80896,GC-MS (Gas Chromatography-Mass Spectrometry),Heroin Hydrochloride,72.47,Lactose / Starch,TRUE_POSITIVE,TRAIN_SET
FS-2026-00898,2026-06-02T05:46:00Z,OP-FORENSIC-110,District_Lab_North,Off-White Powder,Ehrlich Reagent (p-DMAB/HCl),LOT-2026-EHRL-725,2363,21.7,PASS,1.217,88.33,1.31,1.13,86.61,0.46,3.22,87.69,1.39,2.07,86.3,1.71,1.94,2.222,0.037,FieldSure-Narcotics-v2.1,0.896,NEG_NO_REACTION,VALIDATED_LAB_CONFIRMED,LAB-CONFIRM-80897,GC-MS (Gas Chromatography-Mass Spectrometry),"3,4-MDMA (Ecstasy)",82.37,Dimethylsulfone (18.4%),TRUE_POSITIVE,TRAIN_SET
FS-2026-00899,2026-06-02T06:18:00Z,OP-FORENSIC-105,Border_Control_Post_3,Off-White Powder,Marquis Reagent (Formaldehyde/Sulfuric Acid),LOT-2026-MARQ-550,2363,18.9,PASS,1.793,92.73,-0.49,5.88,77.72,17.3,13.34,64.56,31.39,16.15,58.59,39.21,19.35,54.065,0.9011,FieldSure-Narcotics-v2.1,0.909,POS_OPIATE_HEROIN,VALIDATED_LAB_CONFIRMED,LAB-CONFIRM-80898,GC-MS (Gas Chromatography-Mass Spectrometry),Heroin Hydrochloride,43.93,Caffeine (14.5%),TRUE_POSITIVE,TRAIN_SET
FS-2026-00900,2026-06-02T07:47:00Z,OP-FORENSIC-100,District_Lab_North,Crystalline Powder,Ehrlich Reagent (p-DMAB/HCl),LOT-2026-EHRL-759,564,17.5,PASS,0.609,92.09,2.35,1.63,92.77,3.5,2.83,89.59,4.43,1.76,90.44,3.19,1.8,1.859,0.031,FieldSure-Narcotics-v2.1,0.896,NEG_NO_REACTION,VALIDATED_LAB_CONFIRMED,LAB-CONFIRM-80899,GC-MS (Gas Chromatography-Mass Spectrometry),Heroin Hydrochloride,82.75,Phenacetin (11.0%),TRUE_POSITIVE,TRAIN_SET
FS-2026-00901,2026-06-02T09:27:00Z,OP-FORENSIC-100,Customs_Evidence_Unit,Crystalline Powder,Marquis Reagent (Formaldehyde/Sulfuric Acid),LOT-2026-MARQ-895,564,28.2,PASS,1.356,88.72,-0.53,4.87,69.01,11.78,-1.65,52.33,21.1,-8.26,42.22,27.95,-11.32,56.881,0.948,FieldSure-Narcotics-v2.1,0.925,POS_FENTANYL_WEAK,VALIDATED_LAB_CONFIRMED,LAB-CONFIRM-80900,GC-MS (Gas Chromatography-Mass Spectrometry),Fentanyl HCl (Trace / Weak Response),6.83,Caffeine (14.5%),TRUE_POSITIVE,TRAIN_SET
FS-2026-00902,2026-06-02T10:03:00Z,OP-FORENSIC-101,State_Forensic_Field_Team,Tar/Sticky Resin,Ehrlich Reagent (p-DMAB/HCl),LOT-2026-EHRL-156,564,25.8,PASS,1.351,90.57,-0.62,4.75,91.39,-0.21,5.36,89.19,-0.93,6.34,88.88,-0.7,5.57,1.88,0.0313,FieldSure-Narcotics-v2.1,0.895,NEG_NO_REACTION,VALIDATED_LAB_CONFIRMED,LAB-CONFIRM-80901,LC-MS/MS (Liquid Chromatography-Tandem Mass Spectrometry),Cocaine Hydrochloride,77.42,Levamisole (8.2%),TRUE_POSITIVE,TRAIN_SET
FS-2026-00903,2026-06-02T11:18:00Z,OP-FORENSIC-121,Metropolitan_Task_Force,Crystalline Powder,Mecke Reagent (Selenious Acid/Sulfuric Acid),LOT-2026-MECK-732,564,32.6,PASS,1.473,90.5,-0.54,2.77,90.58,-1.34,3.51,91.01,0.45,2.91,90.8,0.05,2.85,0.667,0.0111,FieldSure-Narcotics-v2.1,0.923,NEG_NO_REACTION,VALIDATED_LAB_CONFIRMED,LAB-CONFIRM-80902,LC-MS/MS (Liquid Chromatography-Tandem Mass Spectrometry),Inert Cutting Agent (Lactose/Caffeine),0.0,N/A (Inert Sample),TRUE_NEGATIVE,TRAIN_SET
FS-2026-00904,2026-06-02T15:59:00Z,OP-FORENSIC-101,State_Forensic_Field_Team,Crystalline Powder,Duquenois-Levine Reagent (Vanillin/Acetaldehyde),LOT-2026-DUQN-580,7589,23.2,PASS,1.07,93.68,-0.23,1.81,91.0,-0.09,0.43,90.81,-1.55,2.34,89.91,-1.85,0.75,4.238,0.0706,FieldSure-Narcotics-v2.1,0.927,NEG_NO_REACTION,VALIDATED_LAB_CONFIRMED,LAB-CONFIRM-80903,GC-MS (Gas Chromatography-Mass Spectrometry),Cocaine Hydrochloride,75.68,Phenacetin (11.0%),TRUE_POSITIVE,TRAIN_SET
FS-2026-00905,2026-06-02T16:04:00Z,OP-FORENSIC-117,Border_Control_Post_3,Crystalline Powder,Mandelin Reagent (Ammonium Vanadate/Sulfuric Acid),LOT-2026-MAND-472,564,21.9,FAIL_GEOMETRY,11.151,86.06,1.67,3.71,,,,,,,,,,,,FieldSure-Narcotics-v2.1,0.244,ABSTAIN_FAIL_GEOMETRY,UNVALIDATED_QC_ABSTAIN,LAB-CONFIRM-80904,LC-MS/MS (Liquid Chromatography-Tandem Mass Spectrometry),"3,4-MDMA (Ecstasy)",76.6,Dimethylsulfone (18.4%),ABSTAINED_NO_PREDICTION,TRAIN_SET
FS-2026-00906,2026-06-02T16:58:00Z,OP-FORENSIC-112,Metropolitan_Task_Force,Pressed Tablet (Crushed),Ehrlich Reagent (p-DMAB/HCl),LOT-2026-EHRL-833,564,24.3,PASS,1.487,89.85,0.22,5.85,89.28,0.94,7.1,89.18,-1.71,7.02,87.5,-0.98,7.89,3.335,0.0556,FieldSure-Narcotics-v2.1,0.936,NEG_NO_REACTION,VALIDATED_LAB_CONFIRMED,LAB-CONFIRM-80905,LC-MS/MS (Liquid Chromatography-Tandem Mass Spectrometry),Cocaine Hydrochloride,79.27,Dimethylsulfone (18.4%),TRUE_POSITIVE,TRAIN_SET
FS-2026-00907,2026-06-02T19:40:00Z,OP-FORENSIC-102,District_Lab_North,Crystalline Powder,Marquis Reagent (Formaldehyde/Sulfuric Acid),LOT-2026-MARQ-589,7589,26.0,PASS,1.496,91.51,0.35,4.11,76.79,4.69,19.58,66.59,7.53,29.96,59.15,10.67,37.23,47.441,0.7907,FieldSure-Narcotics-v2.1,0.992,POS_METHAMPHETAMINE,VALIDATED_LAB_CONFIRMED,LAB-CONFIRM-80906,GC-MS (Gas Chromatography-Mass Spectrometry),Methamphetamine HCl,69.25,Phenacetin (11.0%),TRUE_POSITIVE,TRAIN_SET
FS-2026-00908,2026-06-03T02:52:00Z,OP-FORENSIC-101,State_Forensic_Field_Team,Off-White Powder,Duquenois-Levine Reagent (Vanillin/Acetaldehyde),LOT-2026-DUQN-415,564,23.4,FAIL_GEOMETRY,8.459,89.68,-1.41,2.63,,,,,,,,,,,,FieldSure-Narcotics-v2.1,0.163,ABSTAIN_FAIL_GEOMETRY,UNVALIDATED_QC_ABSTAIN,LAB-CONFIRM-80907,LC-MS/MS (Liquid Chromatography-Tandem Mass Spectrometry),Inert Cutting Agent (Lactose/Caffeine),0.0,N/A (Inert Sample),ABSTAINED_NO_PREDICTION,TRAIN_SET
FS-2026-00909,2026-06-03T03:35:00Z,OP-FORENSIC-105,Customs_Evidence_Unit,Crystalline Powder,Ehrlich Reagent (p-DMAB/HCl),LOT-2026-EHRL-129,564,29.0,PASS,1.521,87.81,0.75,1.33,86.66,-0.32,0.86,87.66,-0.52,0.73,88.11,-0.8,1.19,1.585,0.0264,FieldSure-Narcotics-v2.1,0.898,NEG_NO_REACTION,VALIDATED_LAB_CONFIRMED,LAB-CONFIRM-80908,GC-MS (Gas Chromatography-Mass Spectrometry),Procaine / Benzocaine (Local Anesthetic),0.0,N/A (Inert Sample),TRUE_NEGATIVE,TRAIN_SET
FS-2026-00910,2026-06-03T04:43:00Z,OP-FORENSIC-104,District_Lab_North,Crystalline Powder,Mecke Reagent (Selenious Acid/Sulfuric Acid),LOT-2026-MECK-353,564,20.7,FAIL_GLARE,8.608,92.82,0.95,3.95,,,,,,,,,,,,FieldSure-Narcotics-v2.1,0.115,ABSTAIN_FAIL_GLARE,UNVALIDATED_QC_ABSTAIN,LAB-CONFIRM-80909,LC-MS/MS (Liquid Chromatography-Tandem Mass Spectrometry),Procaine / Benzocaine (Local Anesthetic),0.0,N/A (Inert Sample),ABSTAINED_NO_PREDICTION,TRAIN_SET
FS-2026-00911,2026-06-03T05:57:00Z,OP-FORENSIC-110,Metropolitan_Task_Force,Crystalline Powder,Mandelin Reagent (Ammonium Vanadate/Sulfuric Acid),LOT-2026-MAND-336,2363,27.3,PASS,1.087,86.12,-0.01,3.9,84.64,-0.9,4.53,86.24,0.12,5.65,86.23,-0.11,4.94,1.051,0.0175,FieldSure-Narcotics-v2.1,0.954,NEG_NO_REACTION,VALIDATED_LAB_CONFIRMED,LAB-CONFIRM-80910,GC-MS (Gas Chromatography-Mass Spectrometry),Procaine / Benzocaine (Local Anesthetic),0.0,N/A (Inert Sample),TRUE_NEGATIVE,TRAIN_SET
FS-2026-00912,2026-06-03T07:01:00Z,OP-FORENSIC-108,Customs_Evidence_Unit,Pressed Tablet (Crushed),Duquenois-Levine Reagent (Vanillin/Acetaldehyde),LOT-2026-DUQN-450,7589,23.6,PASS,0.831,91.72,0.77,4.4,91.2,-0.34,6.32,89.81,1.02,5.83,90.03,1.11,6.72,2.89,0.0482,FieldSure-Narcotics-v2.1,0.938,NEG_NO_REACTION,VALIDATED_LAB_CONFIRMED,LAB-CONFIRM-80911,GC-MS (Gas Chromatography-Mass Spectrometry),Methamphetamine HCl,74.42,Dimethylsulfone (18.4%),TRUE_POSITIVE,TRAIN_SET
FS-2026-00913,2026-06-03T09:24:00Z,OP-FORENSIC-109,District_Lab_North,Pressed Tablet (Crushed),Mecke Reagent (Selenious Acid/Sulfuric Acid),LOT-2026-MECK-120,564,23.3,PASS,0.601,93.27,-0.2,4.46,93.84,-2.12,5.92,93.56,-1.6,5.8,92.6,-1.85,7.01,3.11,0.0518,FieldSure-Narcotics-v2.1,0.969,NEG_NO_REACTION,VALIDATED_LAB_CONFIRMED,LAB-CONFIRM-80912,LC-MS/MS (Liquid Chromatography-Tandem Mass Spectrometry),LSD (Lysergic Acid Diethylamide),26.94,Dimethylsulfone (18.4%),TRUE_POSITIVE,TRAIN_SET
FS-2026-00914,2026-06-03T11:45:00Z,OP-FORENSIC-121,District_Lab_North,Pressed Tablet (Crushed),Simon's Reagent (Sodium Nitroprusside/Acetaldehyde),LOT-2026-SIMN-250,564,24.2,PASS,1.143,88.28,-0.15,2.95,87.22,-0.2,3.42,88.54,-0.29,4.02,87.68,-0.58,4.96,2.141,0.0357,FieldSure-Narcotics-v2.1,0.946,NEG_NO_REACTION,VALIDATED_LAB_CONFIRMED,LAB-CONFIRM-80913,GC-MS (Gas Chromatography-Mass Spectrometry),Procaine / Benzocaine (Local Anesthetic),0.0,N/A (Inert Sample),TRUE_NEGATIVE,TRAIN_SET
FS-2026-00915,2026-06-03T12:20:00Z,OP-FORENSIC-122,Metropolitan_Task_Force,Crystalline Powder,Mandelin Reagent (Ammonium Vanadate/Sulfuric Acid),LOT-2026-MAND-491,564,23.4,FAIL_EXPOSURE,9.808,95.3,0.12,5.77,,,,,,,,,,,,FieldSure-Narcotics-v2.1,0.065,ABSTAIN_FAIL_EXPOSURE,UNVALIDATED_QC_ABSTAIN,LAB-CONFIRM-80914,LC-MS/MS (Liquid Chromatography-Tandem Mass Spectrometry),Procaine / Benzocaine (Local Anesthetic),0.0,N/A (Inert Sample),ABSTAINED_NO_PREDICTION,TRAIN_SET
FS-2026-00916,2026-06-03T15:39:00Z,OP-FORENSIC-121,Metropolitan_Task_Force,Pressed Tablet (Crushed),Mandelin Reagent (Ammonium Vanadate/Sulfuric Acid),LOT-2026-MAND-218,2363,22.0,PASS,0.429,87.39,2.45,5.03,87.37,1.67,6.5,86.24,2.17,6.99,86.31,2.3,6.17,1.577,0.0263,FieldSure-Narcotics-v2.1,0.974,NEG_NO_REACTION,VALIDATED_LAB_CONFIRMED,LAB-CONFIRM-80915,GC-MS (Gas Chromatography-Mass Spectrometry),LSD (Lysergic Acid Diethylamide),26.77,Dimethylsulfone (18.4%),TRUE_POSITIVE,TRAIN_SET
FS-2026-00917,2026-06-04T00:01:00Z,OP-FORENSIC-109,Border_Control_Post_3,Crystalline Powder,Duquenois-Levine Reagent (Vanillin/Acetaldehyde),LOT-2026-DUQN-479,564,24.2,PASS,1.072,88.52,1.0,4.97,86.77,2.39,6.29,86.84,1.99,6.6,86.15,2.07,6.98,3.287,0.0548,FieldSure-Narcotics-v2.1,0.912,NEG_NO_REACTION,VALIDATED_LAB_CONFIRMED,LAB-CONFIRM-80916,FTIR (Fourier Transform Infrared Spectroscopy),Inert Cutting Agent (Lactose/Caffeine),0.0,N/A (Inert Sample),TRUE_NEGATIVE,TRAIN_SET
FS-2026-00918,2026-06-04T06:53:00Z,OP-FORENSIC-103,Customs_Evidence_Unit,Crystalline Powder,Scott Reagent (Cobalt Thiocyanate Phase),LOT-2026-SCOT-181,2363,24.8,PASS,1.633,90.14,0.35,1.29,88.83,0.93,1.26,89.09,1.13,0.36,88.53,2.43,1.73,2.667,0.0444,FieldSure-Narcotics-v2.1,0.937,NEG_NO_REACTION,VALIDATED_LAB_CONFIRMED,LAB-CONFIRM-80917,GC-MS (Gas Chromatography-Mass Spectrometry),Methamphetamine HCl,77.63,Phenacetin (11.0%),TRUE_POSITIVE,TRAIN_SET
FS-2026-00919,2026-06-04T07:45:00Z,OP-FORENSIC-101,Metropolitan_Task_Force,Crystalline Powder,Duquenois-Levine Reagent (Vanillin/Acetaldehyde),LOT-2026-DUQN-442,7589,17.3,PASS,1.595,91.5,0.07,3.46,92.27,1.37,5.56,91.26,0.62,4.25,92.1,1.44,4.73,1.962,0.0327,FieldSure-Narcotics-v2.1,0.901,NEG_NO_REACTION,VALIDATED_LAB_CONFIRMED,LAB-CONFIRM-80918,LC-MS/MS (Liquid Chromatography-Tandem Mass Spectrometry),Inert Cutting Agent (Lactose/Caffeine),0.0,N/A (Inert Sample),TRUE_NEGATIVE,TRAIN_SET
FS-2026-00920,2026-06-04T16:03:00Z,OP-FORENSIC-124,District_Lab_North,Tar/Sticky Resin,Scott Reagent (Cobalt Thiocyanate Phase),LOT-2026-SCOT-528,564,14.6,PASS,0.453,91.53,-0.37,4.44,90.64,-0.35,4.5,91.78,0.04,4.77,91.0,0.07,3.97,0.834,0.0139,FieldSure-Narcotics-v2.1,0.96,NEG_NO_REACTION,VALIDATED_LAB_CONFIRMED,LAB-CONFIRM-80919,LC-MS/MS (Liquid Chromatography-Tandem Mass Spectrometry),Methamphetamine HCl,85.79,Caffeine (14.5%),TRUE_POSITIVE,TRAIN_SET
FS-2026-00921,2026-06-04T16:08:00Z,OP-FORENSIC-121,Border_Control_Post_3,Liquid Solution (Diluted),Marquis Reagent (Formaldehyde/Sulfuric Acid),LOT-2026-MARQ-194,7589,19.6,PASS,0.934,90.15,0.56,1.24,69.1,15.13,-0.07,52.03,26.15,2.05,42.43,32.45,0.77,57.397,0.9566,FieldSure-Narcotics-v2.1,0.987,POS_FENTANYL_WEAK,VALIDATED_LAB_CONFIRMED,LAB-CONFIRM-80920,GC-MS (Gas Chromatography-Mass Spectrometry),Fentanyl HCl (Trace / Weak Response),15.13,Levamisole (8.2%),TRUE_POSITIVE,TRAIN_SET
FS-2026-00922,2026-06-04T17:00:00Z,OP-FORENSIC-108,State_Forensic_Field_Team,Crystalline Powder,Ehrlich Reagent (p-DMAB/HCl),LOT-2026-EHRL-435,7589,24.3,PASS,0.77,94.72,2.1,4.36,94.64,1.95,5.08,94.7,0.78,5.3,94.21,0.47,5.34,1.969,0.0328,FieldSure-Narcotics-v2.1,0.894,NEG_NO_REACTION,VALIDATED_LAB_CONFIRMED,LAB-CONFIRM-80921,GC-MS (Gas Chromatography-Mass Spectrometry),Heroin Hydrochloride,69.09,Lactose / Starch,TRUE_POSITIVE,TRAIN_SET
FS-2026-00923,2026-06-04T21:18:00Z,OP-FORENSIC-112,Border_Control_Post_3,Pressed Tablet (Crushed),Mandelin Reagent (Ammonium Vanadate/Sulfuric Acid),LOT-2026-MAND-855,2363,28.7,PASS,1.667,89.48,-0.28,3.06,86.78,-0.58,3.87,86.84,-2.3,3.27,85.11,-1.49,3.66,4.574,0.0762,FieldSure-Narcotics-v2.1,0.945,NEG_NO_REACTION,VALIDATED_LAB_CONFIRMED,LAB-CONFIRM-80922,FTIR (Fourier Transform Infrared Spectroscopy),Fentanyl HCl (Trace / Weak Response),13.48,Levamisole (8.2%),TRUE_POSITIVE,TRAIN_SET
FS-2026-00924,2026-06-04T21:59:00Z,OP-FORENSIC-108,State_Forensic_Field_Team,Liquid Solution (Diluted),Marquis Reagent (Formaldehyde/Sulfuric Acid),LOT-2026-MARQ-430,564,24.0,FAIL_GEOMETRY,5.499,88.41,-0.65,5.96,,,,,,,,,,,,FieldSure-Narcotics-v2.1,0.077,ABSTAIN_FAIL_GEOMETRY,UNVALIDATED_QC_ABSTAIN,LAB-CONFIRM-80923,LC-MS/MS (Liquid Chromatography-Tandem Mass Spectrometry),Procaine / Benzocaine (Local Anesthetic),0.0,N/A (Inert Sample),ABSTAINED_NO_PREDICTION,TRAIN_SET
FS-2026-00925,2026-06-04T22:08:00Z,OP-FORENSIC-106,Customs_Evidence_Unit,Crystalline Powder,Mecke Reagent (Selenious Acid/Sulfuric Acid),LOT-2026-MECK-517,564,26.3,PASS,1.42,93.91,1.82,1.93,91.61,2.75,3.82,91.81,1.47,1.49,91.52,1.69,2.92,2.59,0.0432,FieldSure-Narcotics-v2.1,0.971,NEG_NO_REACTION,VALIDATED_LAB_CONFIRMED,LAB-CONFIRM-80924,GC-MS (Gas Chromatography-Mass Spectrometry),Cocaine Hydrochloride,86.25,Phenacetin (11.0%),TRUE_POSITIVE,TRAIN_SET
FS-2026-00926,2026-06-04T22:32:00Z,OP-FORENSIC-100,State_Forensic_Field_Team,Off-White Powder,Ehrlich Reagent (p-DMAB/HCl),LOT-2026-EHRL-766,7589,19.6,FAIL_EXPOSURE,10.348,94.87,-1.29,1.78,,,,,,,,,,,,FieldSure-Narcotics-v2.1,0.097,ABSTAIN_FAIL_EXPOSURE,UNVALIDATED_QC_ABSTAIN,LAB-CONFIRM-80925,GC-MS (Gas Chromatography-Mass Spectrometry),Cocaine Hydrochloride,77.43,Lactose / Starch,ABSTAINED_NO_PREDICTION,TRAIN_SET
FS-2026-00927,2026-06-05T02:40:00Z,OP-FORENSIC-116,Border_Control_Post_3,Crystalline Powder,Scott Reagent (Cobalt Thiocyanate Phase),LOT-2026-SCOT-885,564,22.4,PASS,0.847,87.14,0.1,2.27,88.54,-0.77,1.16,87.01,1.68,2.58,86.32,1.59,2.88,1.807,0.0301,FieldSure-Narcotics-v2.1,0.926,NEG_NO_REACTION,VALIDATED_LAB_CONFIRMED,LAB-CONFIRM-80926,GC-MS (Gas Chromatography-Mass Spectrometry),LSD (Lysergic Acid Diethylamide),47.05,Phenacetin (11.0%),TRUE_POSITIVE,TRAIN_SET
FS-2026-00928,2026-06-05T02:56:00Z,OP-FORENSIC-101,District_Lab_North,Pressed Tablet (Crushed),Mandelin Reagent (Ammonium Vanadate/Sulfuric Acid),LOT-2026-MAND-759,564,23.1,PASS,0.863,88.1,2.19,1.14,87.77,2.78,1.82,85.88,2.7,3.37,85.62,1.81,3.15,3.215,0.0536,FieldSure-Narcotics-v2.1,0.91,NEG_NO_REACTION,VALIDATED_LAB_CONFIRMED,LAB-CONFIRM-80927,FTIR (Fourier Transform Infrared Spectroscopy),Heroin Hydrochloride,57.27,Lactose / Starch,TRUE_POSITIVE,TRAIN_SET
FS-2026-00929,2026-06-05T04:18:00Z,OP-FORENSIC-101,Metropolitan_Task_Force,Off-White Powder,Mandelin Reagent (Ammonium Vanadate/Sulfuric Acid),LOT-2026-MAND-102,564,17.3,PASS,1.209,86.26,-1.28,4.63,86.02,-1.57,3.62,84.96,-2.32,4.83,83.56,-2.39,4.84,2.927,0.0488,FieldSure-Narcotics-v2.1,0.986,NEG_NO_REACTION,VALIDATED_LAB_CONFIRMED,LAB-CONFIRM-80928,GC-MS (Gas Chromatography-Mass Spectrometry),Fentanyl HCl (Trace / Weak Response),14.44,None (High Purity Grade),TRUE_POSITIVE,TRAIN_SET
FS-2026-00930,2026-06-05T05:39:00Z,OP-FORENSIC-105,State_Forensic_Field_Team,Crystalline Powder,Ehrlich Reagent (p-DMAB/HCl),LOT-2026-EHRL-544,2363,18.7,PASS,1.594,92.59,0.28,3.1,93.43,-0.67,3.22,91.58,-1.31,2.77,92.46,-0.84,2.89,1.147,0.0191,FieldSure-Narcotics-v2.1,0.897,NEG_NO_REACTION,VALIDATED_LAB_CONFIRMED,LAB-CONFIRM-80929,LC-MS/MS (Liquid Chromatography-Tandem Mass Spectrometry),"3,4-MDMA (Ecstasy)",55.46,Dimethylsulfone (18.4%),TRUE_POSITIVE,TRAIN_SET
FS-2026-00931,2026-06-05T06:08:00Z,OP-FORENSIC-100,Customs_Evidence_Unit,Pressed Tablet (Crushed),Mecke Reagent (Selenious Acid/Sulfuric Acid),LOT-2026-MECK-642,2363,29.7,PASS,1.65,95.98,0.23,5.22,95.27,0.07,4.54,94.84,1.74,4.88,96.57,2.31,4.91,2.184,0.0364,FieldSure-Narcotics-v2.1,0.948,NEG_NO_REACTION,VALIDATED_LAB_CONFIRMED,LAB-CONFIRM-80930,LC-MS/MS (Liquid Chromatography-Tandem Mass Spectrometry),Delta-9-THC,65.12,Phenacetin (11.0%),TRUE_POSITIVE,TRAIN_SET
FS-2026-00932,2026-06-05T11:43:00Z,OP-FORENSIC-116,District_Lab_North,Crystalline Powder,Mandelin Reagent (Ammonium Vanadate/Sulfuric Acid),LOT-2026-MAND-675,564,22.5,PASS,1.563,88.27,1.45,3.64,85.72,0.93,4.93,85.85,0.67,5.4,85.44,2.47,5.83,3.721,0.062,FieldSure-Narcotics-v2.1,0.962,NEG_NO_REACTION,VALIDATED_LAB_CONFIRMED,LAB-CONFIRM-80931,GC-MS (Gas Chromatography-Mass Spectrometry),Methamphetamine HCl,82.63,Phenacetin (11.0%),TRUE_POSITIVE,TRAIN_SET
FS-2026-00933,2026-06-05T11:45:00Z,OP-FORENSIC-121,District_Lab_North,Tar/Sticky Resin,Mandelin Reagent (Ammonium Vanadate/Sulfuric Acid),LOT-2026-MAND-222,2363,29.4,PASS,1.303,89.81,-0.45,3.65,89.66,-0.13,2.82,88.11,0.24,3.28,87.8,0.14,3.01,2.19,0.0365,FieldSure-Narcotics-v2.1,0.897,NEG_NO_REACTION,VALIDATED_LAB_CONFIRMED,LAB-CONFIRM-80932,GC-MS (Gas Chromatography-Mass Spectrometry),LSD (Lysergic Acid Diethylamide),42.41,Phenacetin (11.0%),TRUE_POSITIVE,TRAIN_SET
FS-2026-00934,2026-06-05T20:33:00Z,OP-FORENSIC-122,Customs_Evidence_Unit,Pressed Tablet (Crushed),Marquis Reagent (Formaldehyde/Sulfuric Acid),LOT-2026-MARQ-946,564,16.8,PASS,1.042,90.56,1.33,5.96,89.71,1.38,7.58,89.0,1.35,7.38,88.98,2.28,6.37,1.889,0.0315,FieldSure-Narcotics-v2.1,0.929,NEG_NO_REACTION,VALIDATED_LAB_CONFIRMED,LAB-CONFIRM-80933,GC-MS (Gas Chromatography-Mass Spectrometry),Inert Cutting Agent (Lactose/Caffeine),0.0,N/A (Inert Sample),TRUE_NEGATIVE,TRAIN_SET
FS-2026-00935,2026-06-06T04:24:00Z,OP-FORENSIC-117,Customs_Evidence_Unit,Pressed Tablet (Crushed),Ehrlich Reagent (p-DMAB/HCl),LOT-2026-EHRL-227,564,23.2,PASS,1.417,91.81,-0.62,5.97,91.43,-0.72,6.97,88.86,0.66,8.2,89.61,0.56,9.02,3.941,0.0657,FieldSure-Narcotics-v2.1,0.945,NEG_NO_REACTION,VALIDATED_LAB_CONFIRMED,LAB-CONFIRM-80934,GC-MS (Gas Chromatography-Mass Spectrometry),Fentanyl HCl (Trace / Weak Response),14.43,Caffeine (14.5%),TRUE_POSITIVE,TRAIN_SET
FS-2026-00936,2026-06-06T05:27:00Z,OP-FORENSIC-111,Metropolitan_Task_Force,Pressed Tablet (Crushed),Duquenois-Levine Reagent (Vanillin/Acetaldehyde),LOT-2026-DUQN-283,7589,25.3,PASS,0.729,90.62,0.71,2.67,90.46,-0.65,4.32,88.84,1.24,3.65,88.78,0.59,3.38,1.976,0.0329,FieldSure-Narcotics-v2.1,0.935,NEG_NO_REACTION,VALIDATED_LAB_CONFIRMED,LAB-CONFIRM-80935,LC-MS/MS (Liquid Chromatography-Tandem Mass Spectrometry),Methamphetamine HCl,89.86,Phenacetin (11.0%),TRUE_POSITIVE,TRAIN_SET
FS-2026-00937,2026-06-06T09:54:00Z,OP-FORENSIC-108,Metropolitan_Task_Force,Crystalline Powder,Marquis Reagent (Formaldehyde/Sulfuric Acid),LOT-2026-MARQ-427,564,23.1,FAIL_GEOMETRY,12.11,95.24,0.35,2.93,,,,,,,,,,,,FieldSure-Narcotics-v2.1,0.222,ABSTAIN_FAIL_GEOMETRY,UNVALIDATED_QC_ABSTAIN,LAB-CONFIRM-80936,LC-MS/MS (Liquid Chromatography-Tandem Mass Spectrometry),Cocaine Hydrochloride,72.05,Phenacetin (11.0%),ABSTAINED_NO_PREDICTION,TRAIN_SET
FS-2026-00938,2026-06-06T17:50:00Z,OP-FORENSIC-110,State_Forensic_Field_Team,Pressed Tablet (Crushed),Ehrlich Reagent (p-DMAB/HCl),LOT-2026-EHRL-900,2363,33.0,PASS,0.721,94.8,-0.71,2.86,93.81,-1.91,2.8,93.52,-1.23,3.74,94.52,-0.51,2.92,0.349,0.0058,FieldSure-Narcotics-v2.1,0.956,NEG_NO_REACTION,VALIDATED_LAB_CONFIRMED,LAB-CONFIRM-80937,GC-MS (Gas Chromatography-Mass Spectrometry),Procaine / Benzocaine (Local Anesthetic),0.0,N/A (Inert Sample),TRUE_NEGATIVE,TRAIN_SET
FS-2026-00939,2026-06-06T19:06:00Z,OP-FORENSIC-103,State_Forensic_Field_Team,Off-White Powder,Mandelin Reagent (Ammonium Vanadate/Sulfuric Acid),LOT-2026-MAND-738,2363,22.6,PASS,0.72,95.18,-0.97,3.89,93.61,-0.79,4.69,91.87,0.15,5.7,91.44,0.41,7.21,5.188,0.0865,FieldSure-Narcotics-v2.1,0.917,NEG_NO_REACTION,VALIDATED_LAB_CONFIRMED,LAB-CONFIRM-80938,GC-MS (Gas Chromatography-Mass Spectrometry),Heroin Hydrochloride,66.36,None (High Purity Grade),TRUE_POSITIVE,TRAIN_SET
FS-2026-00940,2026-06-06T19:09:00Z,OP-FORENSIC-117,Border_Control_Post_3,Pressed Tablet (Crushed),Scott Reagent (Cobalt Thiocyanate Phase),LOT-2026-SCOT-562,2363,23.6,PASS,0.63,87.78,-1.0,5.33,65.51,-13.08,19.01,47.1,-25.04,30.98,36.79,-30.45,37.07,66.893,1.1149,FieldSure-Narcotics-v2.1,0.909,FALSE_POS_LOCAL_ANESTHETIC,VALIDATED_LAB_CONFIRMED,LAB-CONFIRM-80939,GC-MS (Gas Chromatography-Mass Spectrometry),Procaine / Benzocaine (Local Anesthetic),0.0,N/A (Inert Sample),TRUE_POSITIVE,TRAIN_SET
FS-2026-00941,2026-06-06T20:39:00Z,OP-FORENSIC-122,Customs_Evidence_Unit,Liquid Solution (Diluted),Marquis Reagent (Formaldehyde/Sulfuric Acid),LOT-2026-MARQ-373,564,22.5,FAIL_EXPOSURE,8.102,90.89,1.67,4.2,,,,,,,,,,,,FieldSure-Narcotics-v2.1,0.052,ABSTAIN_FAIL_EXPOSURE,UNVALIDATED_QC_ABSTAIN,LAB-CONFIRM-80940,GC-MS (Gas Chromatography-Mass Spectrometry),Cocaine Hydrochloride,82.95,Dimethylsulfone (18.4%),ABSTAINED_NO_PREDICTION,TRAIN_SET
FS-2026-00942,2026-06-06T21:53:00Z,OP-FORENSIC-117,State_Forensic_Field_Team,Off-White Powder,Ehrlich Reagent (p-DMAB/HCl),LOT-2026-EHRL-272,564,21.5,PASS,1.635,89.98,2.13,1.56,89.46,1.4,2.1,90.28,1.73,1.6,89.75,2.31,2.05,0.57,0.0095,FieldSure-Narcotics-v2.1,0.93,NEG_NO_REACTION,VALIDATED_LAB_CONFIRMED,LAB-CONFIRM-80941,GC-MS (Gas Chromatography-Mass Spectrometry),Cocaine Hydrochloride,82.73,Dimethylsulfone (18.4%),TRUE_POSITIVE,TRAIN_SET
FS-2026-00943,2026-06-06T22:10:00Z,OP-FORENSIC-114,Metropolitan_Task_Force,Pressed Tablet (Crushed),Duquenois-Levine Reagent (Vanillin/Acetaldehyde),LOT-2026-DUQN-528,564,21.0,PASS,1.682,90.17,2.34,3.68,91.53,1.78,3.55,90.63,1.46,3.49,91.06,0.77,4.19,1.875,0.0312,FieldSure-Narcotics-v2.1,0.99,NEG_NO_REACTION,VALIDATED_LAB_CONFIRMED,LAB-CONFIRM-80942,GC-MS (Gas Chromatography-Mass Spectrometry),Heroin Hydrochloride,45.59,Caffeine (14.5%),TRUE_POSITIVE,TRAIN_SET
FS-2026-00944,2026-06-06T22:13:00Z,OP-FORENSIC-103,Metropolitan_Task_Force,Crystalline Powder,Scott Reagent (Cobalt Thiocyanate Phase),LOT-2026-SCOT-684,7589,30.8,PASS,0.531,95.44,-0.87,4.01,94.98,0.25,3.45,95.82,-0.84,5.66,95.15,-0.32,6.77,2.829,0.0472,FieldSure-Narcotics-v2.1,0.939,NEG_NO_REACTION,VALIDATED_LAB_CONFIRMED,LAB-CONFIRM-80943,GC-MS (Gas Chromatography-Mass Spectrometry),Inert Cutting Agent (Lactose/Caffeine),0.0,N/A (Inert Sample),TRUE_NEGATIVE,TRAIN_SET
FS-2026-00945,2026-06-07T01:51:00Z,OP-FORENSIC-121,District_Lab_North,Off-White Powder,Mandelin Reagent (Ammonium Vanadate/Sulfuric Acid),LOT-2026-MAND-158,7589,22.4,PASS,0.445,87.47,-0.24,4.76,85.86,0.36,5.45,86.16,0.25,4.92,86.28,-1.08,5.81,1.796,0.0299,FieldSure-Narcotics-v2.1,0.943,NEG_NO_REACTION,VALIDATED_LAB_CONFIRMED,LAB-CONFIRM-80944,FTIR (Fourier Transform Infrared Spectroscopy),Cocaine Hydrochloride,91.09,Dimethylsulfone (18.4%),TRUE_POSITIVE,TRAIN_SET
FS-2026-00946,2026-06-07T07:41:00Z,OP-FORENSIC-102,State_Forensic_Field_Team,Off-White Powder,Mandelin Reagent (Ammonium Vanadate/Sulfuric Acid),LOT-2026-MAND-144,564,21.2,PASS,1.159,89.91,1.53,5.48,89.07,1.48,7.33,87.96,1.34,7.2,88.26,1.34,7.29,2.457,0.041,FieldSure-Narcotics-v2.1,0.908,NEG_NO_REACTION,VALIDATED_LAB_CONFIRMED,LAB-CONFIRM-80945,GC-MS (Gas Chromatography-Mass Spectrometry),Fentanyl HCl (Trace / Weak Response),15.13,Lactose / Starch,TRUE_POSITIVE,TRAIN_SET
FS-2026-00947,2026-06-07T08:31:00Z,OP-FORENSIC-108,Border_Control_Post_3,Plant Matter Extract,Scott Reagent (Cobalt Thiocyanate Phase),LOT-2026-SCOT-342,2363,26.7,FAIL_EXPOSURE,11.882,95.9,-0.82,3.08,,,,,,,,,,,,FieldSure-Narcotics-v2.1,0.026,ABSTAIN_FAIL_EXPOSURE,UNVALIDATED_QC_ABSTAIN,LAB-CONFIRM-80946,LC-MS/MS (Liquid Chromatography-Tandem Mass Spectrometry),Cocaine Hydrochloride,93.18,Caffeine (14.5%),ABSTAINED_NO_PREDICTION,TRAIN_SET
FS-2026-00948,2026-06-07T13:56:00Z,OP-FORENSIC-121,Metropolitan_Task_Force,Crystalline Powder,Marquis Reagent (Formaldehyde/Sulfuric Acid),LOT-2026-MARQ-706,564,32.2,PASS,1.812,89.49,0.9,1.73,89.25,0.27,2.54,89.77,2.07,3.54,89.14,1.8,3.89,2.366,0.0394,FieldSure-Narcotics-v2.1,0.948,NEG_NO_REACTION,VALIDATED_LAB_CONFIRMED,LAB-CONFIRM-80947,GC-MS (Gas Chromatography-Mass Spectrometry),Cocaine Hydrochloride,80.89,Dimethylsulfone (18.4%),TRUE_POSITIVE,TRAIN_SET
FS-2026-00949,2026-06-07T15:11:00Z,OP-FORENSIC-120,Border_Control_Post_3,Crystalline Powder,Scott Reagent (Cobalt Thiocyanate Phase),LOT-2026-SCOT-518,2363,25.7,PASS,1.485,92.12,-1.1,5.91,90.93,-0.38,5.69,89.98,-1.16,4.91,88.28,-1.15,5.82,3.841,0.064,FieldSure-Narcotics-v2.1,0.936,NEG_NO_REACTION,VALIDATED_LAB_CONFIRMED,LAB-CONFIRM-80948,LC-MS/MS (Liquid Chromatography-Tandem Mass Spectrometry),Methamphetamine HCl,78.41,None (High Purity Grade),TRUE_POSITIVE,TRAIN_SET
FS-2026-00950,2026-06-07T17:55:00Z,OP-FORENSIC-101,Metropolitan_Task_Force,Crystalline Powder,Duquenois-Levine Reagent (Vanillin/Acetaldehyde),LOT-2026-DUQN-321,564,21.9,PASS,0.973,95.01,1.31,3.08,94.34,1.29,6.54,95.24,1.95,5.23,94.3,1.2,5.16,2.201,0.0367,FieldSure-Narcotics-v2.1,0.965,NEG_NO_REACTION,VALIDATED_LAB_CONFIRMED,LAB-CONFIRM-80949,GC-MS (Gas Chromatography-Mass Spectrometry),Cocaine Hydrochloride,80.61,Levamisole (8.2%),TRUE_POSITIVE,TRAIN_SET
FS-2026-00951,2026-06-07T21:54:00Z,OP-FORENSIC-104,Border_Control_Post_3,Crystalline Powder,Marquis Reagent (Formaldehyde/Sulfuric Acid),LOT-2026-MARQ-382,2363,30.4,PASS,1.401,92.89,0.54,2.34,91.2,0.7,2.46,89.62,2.2,2.51,88.77,1.82,2.08,4.322,0.072,FieldSure-Narcotics-v2.1,0.946,NEG_NO_REACTION,VALIDATED_LAB_CONFIRMED,LAB-CONFIRM-80950,LC-MS/MS (Liquid Chromatography-Tandem Mass Spectrometry),Cocaine Hydrochloride,72.26,Levamisole (8.2%),TRUE_POSITIVE,TRAIN_SET
FS-2026-00952,2026-06-07T22:55:00Z,OP-FORENSIC-103,State_Forensic_Field_Team,Off-White Powder,Simon's Reagent (Sodium Nitroprusside/Acetaldehyde),LOT-2026-SIMN-211,2363,21.7,PASS,1.839,93.18,0.93,5.75,91.42,-0.58,6.87,90.21,0.42,6.41,88.99,1.67,5.87,4.257,0.071,FieldSure-Narcotics-v2.1,0.952,NEG_NO_REACTION,VALIDATED_LAB_CONFIRMED,LAB-CONFIRM-80951,GC-MS (Gas Chromatography-Mass Spectrometry),Inert Cutting Agent (Lactose/Caffeine),0.0,N/A (Inert Sample),TRUE_NEGATIVE,TRAIN_SET
FS-2026-00953,2026-06-08T00:22:00Z,OP-FORENSIC-116,Border_Control_Post_3,Pressed Tablet (Crushed),Scott Reagent (Cobalt Thiocyanate Phase),LOT-2026-SCOT-635,7589,30.2,PASS,1.624,95.52,1.62,3.06,93.98,1.57,3.71,93.44,0.91,3.63,92.24,0.81,3.66,3.431,0.0572,FieldSure-Narcotics-v2.1,0.974,NEG_NO_REACTION,VALIDATED_LAB_CONFIRMED,LAB-CONFIRM-80952,GC-MS (Gas Chromatography-Mass Spectrometry),Inert Cutting Agent (Lactose/Caffeine),0.0,N/A (Inert Sample),TRUE_NEGATIVE,TRAIN_SET
FS-2026-00954,2026-06-08T06:27:00Z,OP-FORENSIC-105,Customs_Evidence_Unit,Off-White Powder,Marquis Reagent (Formaldehyde/Sulfuric Acid),LOT-2026-MARQ-215,2363,27.2,PASS,0.818,86.85,2.07,3.31,85.18,1.75,4.09,86.25,3.19,4.61,84.36,3.77,5.52,3.738,0.0623,FieldSure-Narcotics-v2.1,0.962,NEG_NO_REACTION,VALIDATED_LAB_CONFIRMED,LAB-CONFIRM-80953,GC-MS (Gas Chromatography-Mass Spectrometry),Cocaine Hydrochloride,74.97,Dimethylsulfone (18.4%),TRUE_POSITIVE,TRAIN_SET
FS-2026-00955,2026-06-08T07:56:00Z,OP-FORENSIC-119,Customs_Evidence_Unit,Crystalline Powder,Scott Reagent (Cobalt Thiocyanate Phase),LOT-2026-SCOT-135,7589,27.9,PASS,1.472,89.53,0.39,3.57,87.92,-0.48,2.29,87.24,-0.27,3.54,87.51,0.18,2.95,2.123,0.0354,FieldSure-Narcotics-v2.1,0.905,NEG_NO_REACTION,VALIDATED_LAB_CONFIRMED,LAB-CONFIRM-80954,LC-MS/MS (Liquid Chromatography-Tandem Mass Spectrometry),Heroin Hydrochloride,44.04,Caffeine (14.5%),TRUE_POSITIVE,TRAIN_SET
FS-2026-00956,2026-06-08T09:14:00Z,OP-FORENSIC-102,Border_Control_Post_3,Crystalline Powder,Ehrlich Reagent (p-DMAB/HCl),LOT-2026-EHRL-577,2363,21.3,PASS,0.49,92.59,1.01,4.59,71.01,0.69,23.53,56.59,-0.94,35.53,46.64,-0.98,44.67,61.006,1.0168,FieldSure-Narcotics-v2.1,0.993,POS_INDOLE_LSD,VALIDATED_LAB_CONFIRMED,LAB-CONFIRM-80955,GC-MS (Gas Chromatography-Mass Spectrometry),LSD (Lysergic Acid Diethylamide),31.87,None (High Purity Grade),TRUE_POSITIVE,TRAIN_SET
FS-2026-00957,2026-06-08T13:37:00Z,OP-FORENSIC-112,Metropolitan_Task_Force,Paper Blotter Segment,Duquenois-Levine Reagent (Vanillin/Acetaldehyde),LOT-2026-DUQN-340,564,18.8,PASS,0.4,92.07,2.27,1.09,90.25,3.09,1.49,91.89,3.81,2.46,90.58,3.58,2.84,2.646,0.0441,FieldSure-Narcotics-v2.1,0.965,NEG_NO_REACTION,VALIDATED_LAB_CONFIRMED,LAB-CONFIRM-80956,LC-MS/MS (Liquid Chromatography-Tandem Mass Spectrometry),Methamphetamine HCl,86.08,Phenacetin (11.0%),TRUE_POSITIVE,TRAIN_SET
FS-2026-00958,2026-06-08T14:52:00Z,OP-FORENSIC-113,Metropolitan_Task_Force,Crystalline Powder,Mandelin Reagent (Ammonium Vanadate/Sulfuric Acid),LOT-2026-MAND-620,564,28.2,PASS,1.726,90.7,-1.31,2.75,90.27,-1.73,3.45,88.78,-0.28,2.76,87.09,-0.03,2.42,3.844,0.0641,FieldSure-Narcotics-v2.1,0.926,NEG_NO_REACTION,VALIDATED_LAB_CONFIRMED,LAB-CONFIRM-80957,GC-MS (Gas Chromatography-Mass Spectrometry),Methamphetamine HCl,67.51,Levamisole (8.2%),TRUE_POSITIVE,TRAIN_SET
FS-2026-00959,2026-06-08T15:16:00Z,OP-FORENSIC-106,District_Lab_North,Liquid Solution (Diluted),Mecke Reagent (Selenious Acid/Sulfuric Acid),LOT-2026-MECK-589,564,17.8,PASS,1.708,95.94,-1.19,2.07,94.68,-1.99,1.34,94.82,-1.05,0.88,94.77,-0.5,1.55,1.454,0.0242,FieldSure-Narcotics-v2.1,0.937,NEG_NO_REACTION,VALIDATED_LAB_CONFIRMED,LAB-CONFIRM-80958,LC-MS/MS (Liquid Chromatography-Tandem Mass Spectrometry),Heroin Hydrochloride,52.76,Phenacetin (11.0%),TRUE_POSITIVE,TRAIN_SET
FS-2026-00960,2026-06-09T08:19:00Z,OP-FORENSIC-118,Border_Control_Post_3,Crystalline Powder,Ehrlich Reagent (p-DMAB/HCl),LOT-2026-EHRL-251,7589,25.1,PASS,0.649,95.83,2.04,3.48,93.79,2.53,5.89,95.95,3.99,5.1,95.72,2.53,6.38,2.943,0.0491,FieldSure-Narcotics-v2.1,0.921,NEG_NO_REACTION,VALIDATED_LAB_CONFIRMED,LAB-CONFIRM-80959,LC-MS/MS (Liquid Chromatography-Tandem Mass Spectrometry),"3,4-MDMA (Ecstasy)",51.38,Levamisole (8.2%),TRUE_POSITIVE,TRAIN_SET
FS-2026-00961,2026-06-09T12:13:00Z,OP-FORENSIC-110,Border_Control_Post_3,Off-White Powder,Ehrlich Reagent (p-DMAB/HCl),LOT-2026-EHRL-344,564,23.4,PASS,1.621,87.25,-0.02,5.1,65.41,-13.19,2.37,47.42,-19.41,1.73,37.68,-24.81,-0.79,55.735,0.9289,FieldSure-Narcotics-v2.1,0.903,POS_INDOLE_LSD,VALIDATED_LAB_CONFIRMED,LAB-CONFIRM-80960,GC-MS (Gas Chromatography-Mass Spectrometry),LSD (Lysergic Acid Diethylamide),40.12,Dimethylsulfone (18.4%),TRUE_POSITIVE,TRAIN_SET
FS-2026-00962,2026-06-09T13:50:00Z,OP-FORENSIC-120,Customs_Evidence_Unit,Tar/Sticky Resin,Mecke Reagent (Selenious Acid/Sulfuric Acid),LOT-2026-MECK-844,564,28.3,PASS,0.419,92.47,1.35,1.65,90.6,0.69,2.68,89.96,-0.32,0.78,89.66,0.43,0.88,3.055,0.0509,FieldSure-Narcotics-v2.1,0.893,NEG_NO_REACTION,VALIDATED_LAB_CONFIRMED,LAB-CONFIRM-80961,GC-MS (Gas Chromatography-Mass Spectrometry),Methamphetamine HCl,72.34,Caffeine (14.5%),TRUE_POSITIVE,TRAIN_SET
FS-2026-00963,2026-06-09T18:42:00Z,OP-FORENSIC-105,Customs_Evidence_Unit,Pressed Tablet (Crushed),Scott Reagent (Cobalt Thiocyanate Phase),LOT-2026-SCOT-887,564,15.9,PASS,0.456,88.9,-0.49,3.89,66.29,-6.41,7.29,48.65,-9.24,6.36,39.69,-12.36,7.67,50.762,0.846,FieldSure-Narcotics-v2.1,0.909,POS_COCAINE,VALIDATED_LAB_CONFIRMED,LAB-CONFIRM-80962,LC-MS/MS (Liquid Chromatography-Tandem Mass Spectrometry),Cocaine Hydrochloride,82.05,None (High Purity Grade),TRUE_POSITIVE,TRAIN_SET
FS-2026-00964,2026-06-09T22:05:00Z,OP-FORENSIC-118,Border_Control_Post_3,Off-White Powder,Scott Reagent (Cobalt Thiocyanate Phase),LOT-2026-SCOT-534,564,23.4,PASS,1.264,91.42,2.17,5.39,90.52,0.28,5.62,90.81,0.97,5.15,91.44,0.91,6.63,1.768,0.0295,FieldSure-Narcotics-v2.1,0.949,NEG_NO_REACTION,VALIDATED_LAB_CONFIRMED,LAB-CONFIRM-80963,GC-MS (Gas Chromatography-Mass Spectrometry),Fentanyl HCl (Trace / Weak Response),14.17,Dimethylsulfone (18.4%),TRUE_POSITIVE,TRAIN_SET
FS-2026-00965,2026-06-10T01:51:00Z,OP-FORENSIC-117,Metropolitan_Task_Force,Plant Matter Extract,Marquis Reagent (Formaldehyde/Sulfuric Acid),LOT-2026-MARQ-769,564,13.4,PASS,0.486,94.31,1.24,5.49,94.12,0.46,5.46,92.69,1.12,6.98,91.59,1.53,5.7,2.743,0.0457,FieldSure-Narcotics-v2.1,0.926,NEG_NO_REACTION,VALIDATED_LAB_CONFIRMED,LAB-CONFIRM-80964,LC-MS/MS (Liquid Chromatography-Tandem Mass Spectrometry),Delta-9-THC,72.83,Levamisole (8.2%),TRUE_POSITIVE,TRAIN_SET
FS-2026-00966,2026-06-10T02:12:00Z,OP-FORENSIC-106,Customs_Evidence_Unit,Crystalline Powder,Simon's Reagent (Sodium Nitroprusside/Acetaldehyde),LOT-2026-SIMN-972,564,29.4,PASS,0.984,90.84,1.54,4.31,90.78,2.48,3.13,91.04,0.52,4.96,90.77,2.25,4.53,0.747,0.0124,FieldSure-Narcotics-v2.1,0.904,NEG_NO_REACTION,VALIDATED_LAB_CONFIRMED,LAB-CONFIRM-80965,GC-MS (Gas Chromatography-Mass Spectrometry),"3,4-MDMA (Ecstasy)",68.63,Phenacetin (11.0%),TRUE_POSITIVE,TRAIN_SET
FS-2026-00967,2026-06-10T02:37:00Z,OP-FORENSIC-121,Border_Control_Post_3,Liquid Solution (Diluted),Duquenois-Levine Reagent (Vanillin/Acetaldehyde),LOT-2026-DUQN-168,2363,27.1,PASS,1.089,95.11,1.69,5.13,81.44,-4.27,18.45,71.08,-6.95,28.57,64.22,-9.37,34.39,43.962,0.7327,FieldSure-Narcotics-v2.1,0.905,POS_CANNABINOID_THC,VALIDATED_LAB_CONFIRMED,LAB-CONFIRM-80966,LC-MS/MS (Liquid Chromatography-Tandem Mass Spectrometry),Delta-9-THC,69.59,Dimethylsulfone (18.4%),TRUE_POSITIVE,TRAIN_SET
FS-2026-00968,2026-06-10T04:22:00Z,OP-FORENSIC-102,Border_Control_Post_3,Liquid Solution (Diluted),Simon's Reagent (Sodium Nitroprusside/Acetaldehyde),LOT-2026-SIMN-313,7589,27.8,FAIL_EXPOSURE,9.11,94.85,1.82,2.81,,,,,,,,,,,,FieldSure-Narcotics-v2.1,0.166,ABSTAIN_FAIL_EXPOSURE,UNVALIDATED_QC_ABSTAIN,LAB-CONFIRM-80967,LC-MS/MS (Liquid Chromatography-Tandem Mass Spectrometry),Procaine / Benzocaine (Local Anesthetic),0.0,N/A (Inert Sample),ABSTAINED_NO_PREDICTION,TRAIN_SET
FS-2026-00969,2026-06-10T07:48:00Z,OP-FORENSIC-101,State_Forensic_Field_Team,Crystalline Powder,Scott Reagent (Cobalt Thiocyanate Phase),LOT-2026-SCOT-200,564,23.4,PASS,1.329,95.74,-0.29,3.69,95.85,-1.46,2.75,94.45,1.02,4.8,94.52,0.04,5.12,1.908,0.0318,FieldSure-Narcotics-v2.1,0.982,NEG_NO_REACTION,VALIDATED_LAB_CONFIRMED,LAB-CONFIRM-80968,FTIR (Fourier Transform Infrared Spectroscopy),"3,4-MDMA (Ecstasy)",62.57,Lactose / Starch,TRUE_POSITIVE,TRAIN_SET
FS-2026-00970,2026-06-10T12:34:00Z,OP-FORENSIC-104,Metropolitan_Task_Force,Crystalline Powder,Marquis Reagent (Formaldehyde/Sulfuric Acid),LOT-2026-MARQ-252,2363,24.6,PASS,1.758,87.49,2.29,5.2,65.91,4.61,-6.36,51.87,6.18,-13.98,42.54,9.08,-17.29,50.719,0.8453,FieldSure-Narcotics-v2.1,0.948,POS_FENTANYL_WEAK,VALIDATED_LAB_CONFIRMED,LAB-CONFIRM-80969,GC-MS (Gas Chromatography-Mass Spectrometry),Fentanyl HCl (Trace / Weak Response),3.91,None (High Purity Grade),TRUE_POSITIVE,TRAIN_SET
FS-2026-00971,2026-06-10T13:46:00Z,OP-FORENSIC-122,Customs_Evidence_Unit,Crystalline Powder,Ehrlich Reagent (p-DMAB/HCl),LOT-2026-EHRL-952,7589,19.0,PASS,0.412,87.51,-1.42,5.96,86.07,-1.27,9.04,87.13,-1.46,7.53,87.05,-0.56,8.25,2.489,0.0415,FieldSure-Narcotics-v2.1,0.932,NEG_NO_REACTION,VALIDATED_LAB_CONFIRMED,LAB-CONFIRM-80970,FTIR (Fourier Transform Infrared Spectroscopy),Fentanyl HCl (Trace / Weak Response),8.73,Levamisole (8.2%),TRUE_POSITIVE,TRAIN_SET
FS-2026-00972,2026-06-10T15:45:00Z,OP-FORENSIC-116,Border_Control_Post_3,Liquid Solution (Diluted),Mandelin Reagent (Ammonium Vanadate/Sulfuric Acid),LOT-2026-MAND-686,564,21.4,PASS,1.321,95.93,1.59,4.58,94.74,1.04,5.98,92.88,3.4,6.33,93.81,3.2,6.65,3.372,0.0562,FieldSure-Narcotics-v2.1,0.907,NEG_NO_REACTION,VALIDATED_LAB_CONFIRMED,LAB-CONFIRM-80971,GC-MS (Gas Chromatography-Mass Spectrometry),Methamphetamine HCl,70.58,Caffeine (14.5%),TRUE_POSITIVE,TRAIN_SET
FS-2026-00973,2026-06-10T17:30:00Z,OP-FORENSIC-111,State_Forensic_Field_Team,Off-White Powder,Mecke Reagent (Selenious Acid/Sulfuric Acid),LOT-2026-MECK-320,7589,21.8,PASS,0.88,89.03,-1.29,2.36,87.63,-0.5,3.29,89.09,-1.16,4.64,87.49,-1.7,5.18,3.239,0.054,FieldSure-Narcotics-v2.1,0.964,NEG_NO_REACTION,VALIDATED_LAB_CONFIRMED,LAB-CONFIRM-80972,GC-MS (Gas Chromatography-Mass Spectrometry),Delta-9-THC,70.93,Lactose / Starch,TRUE_POSITIVE,TRAIN_SET
FS-2026-00974,2026-06-10T18:32:00Z,OP-FORENSIC-103,State_Forensic_Field_Team,Crystalline Powder,Marquis Reagent (Formaldehyde/Sulfuric Acid),LOT-2026-MARQ-283,564,20.5,FAIL_GLARE,7.026,94.34,-0.91,1.32,,,,,,,,,,,,FieldSure-Narcotics-v2.1,0.037,ABSTAIN_FAIL_GLARE,UNVALIDATED_QC_ABSTAIN,LAB-CONFIRM-80973,FTIR (Fourier Transform Infrared Spectroscopy),Fentanyl HCl (Trace / Weak Response),11.66,None (High Purity Grade),ABSTAINED_NO_PREDICTION,TRAIN_SET
FS-2026-00975,2026-06-10T19:15:00Z,OP-FORENSIC-122,Border_Control_Post_3,Crystalline Powder,Ehrlich Reagent (p-DMAB/HCl),LOT-2026-EHRL-777,564,20.8,PASS,1.112,87.35,1.73,1.45,85.8,0.24,0.16,85.11,2.02,1.49,84.46,1.6,2.3,3.015,0.0503,FieldSure-Narcotics-v2.1,0.987,NEG_NO_REACTION,VALIDATED_LAB_CONFIRMED,LAB-CONFIRM-80974,GC-MS (Gas Chromatography-Mass Spectrometry),Procaine / Benzocaine (Local Anesthetic),0.0,N/A (Inert Sample),TRUE_NEGATIVE,TRAIN_SET
FS-2026-00976,2026-06-10T20:31:00Z,OP-FORENSIC-115,District_Lab_North,Crystalline Powder,Simon's Reagent (Sodium Nitroprusside/Acetaldehyde),LOT-2026-SIMN-326,564,22.0,PASS,1.291,87.97,1.17,2.64,88.21,1.55,3.3,87.98,-0.0,2.81,88.06,0.08,2.99,1.148,0.0191,FieldSure-Narcotics-v2.1,0.944,NEG_NO_REACTION,VALIDATED_LAB_CONFIRMED,LAB-CONFIRM-80975,GC-MS (Gas Chromatography-Mass Spectrometry),Cocaine Hydrochloride,91.92,Caffeine (14.5%),TRUE_POSITIVE,TRAIN_SET
FS-2026-00977,2026-06-11T01:52:00Z,OP-FORENSIC-112,District_Lab_North,Off-White Powder,Mecke Reagent (Selenious Acid/Sulfuric Acid),LOT-2026-MECK-337,564,20.5,PASS,0.385,90.53,0.29,4.28,90.72,-0.33,5.59,89.77,0.78,7.18,89.45,0.65,6.38,2.389,0.0398,FieldSure-Narcotics-v2.1,0.948,NEG_NO_REACTION,VALIDATED_LAB_CONFIRMED,LAB-CONFIRM-80976,GC-MS (Gas Chromatography-Mass Spectrometry),Inert Cutting Agent (Lactose/Caffeine),0.0,N/A (Inert Sample),TRUE_NEGATIVE,TRAIN_SET
FS-2026-00978,2026-06-11T02:42:00Z,OP-FORENSIC-121,State_Forensic_Field_Team,Off-White Powder,Mecke Reagent (Selenious Acid/Sulfuric Acid),LOT-2026-MECK-871,2363,21.5,PASS,1.843,94.45,0.29,4.88,93.81,-0.42,4.31,93.95,0.27,5.1,93.03,0.44,4.57,1.461,0.0244,FieldSure-Narcotics-v2.1,0.961,NEG_NO_REACTION,VALIDATED_LAB_CONFIRMED,LAB-CONFIRM-80977,GC-MS (Gas Chromatography-Mass Spectrometry),Cocaine Hydrochloride,92.79,None (High Purity Grade),TRUE_POSITIVE,TRAIN_SET
FS-2026-00979,2026-06-11T07:06:00Z,OP-FORENSIC-113,District_Lab_North,Crystalline Powder,Simon's Reagent (Sodium Nitroprusside/Acetaldehyde),LOT-2026-SIMN-959,2363,24.5,PASS,1.006,90.08,2.18,5.8,90.48,1.69,6.62,90.38,1.49,8.48,90.54,0.69,8.42,3.049,0.0508,FieldSure-Narcotics-v2.1,0.984,NEG_NO_REACTION,VALIDATED_LAB_CONFIRMED,LAB-CONFIRM-80978,LC-MS/MS (Liquid Chromatography-Tandem Mass Spectrometry),LSD (Lysergic Acid Diethylamide),58.53,Dimethylsulfone (18.4%),TRUE_POSITIVE,TRAIN_SET
FS-2026-00980,2026-06-11T07:13:00Z,OP-FORENSIC-110,District_Lab_North,Crystalline Powder,Ehrlich Reagent (p-DMAB/HCl),LOT-2026-EHRL-840,564,21.2,PASS,1.55,93.67,0.71,5.4,91.7,0.08,5.16,91.26,2.1,5.67,89.67,1.32,6.82,4.288,0.0715,FieldSure-Narcotics-v2.1,0.961,NEG_NO_REACTION,VALIDATED_LAB_CONFIRMED,LAB-CONFIRM-80979,LC-MS/MS (Liquid Chromatography-Tandem Mass Spectrometry),Fentanyl HCl (Trace / Weak Response),4.89,None (High Purity Grade),TRUE_POSITIVE,TRAIN_SET
FS-2026-00981,2026-06-11T08:59:00Z,OP-FORENSIC-101,Customs_Evidence_Unit,Pressed Tablet (Crushed),Scott Reagent (Cobalt Thiocyanate Phase),LOT-2026-SCOT-108,564,21.2,FAIL_GEOMETRY,11.104,90.46,-0.54,1.83,,,,,,,,,,,,FieldSure-Narcotics-v2.1,0.098,ABSTAIN_FAIL_GEOMETRY,UNVALIDATED_QC_ABSTAIN,LAB-CONFIRM-80980,LC-MS/MS (Liquid Chromatography-Tandem Mass Spectrometry),Heroin Hydrochloride,40.92,Dimethylsulfone (18.4%),ABSTAINED_NO_PREDICTION,TRAIN_SET
FS-2026-00982,2026-06-11T15:45:00Z,OP-FORENSIC-121,Customs_Evidence_Unit,Liquid Solution (Diluted),Scott Reagent (Cobalt Thiocyanate Phase),LOT-2026-SCOT-274,2363,27.6,PASS,0.59,90.29,-1.33,3.35,88.1,-2.08,2.79,89.4,-1.42,2.1,88.06,-1.35,4.04,2.334,0.0389,FieldSure-Narcotics-v2.1,0.926,NEG_NO_REACTION,VALIDATED_LAB_CONFIRMED,LAB-CONFIRM-80981,LC-MS/MS (Liquid Chromatography-Tandem Mass Spectrometry),Methamphetamine HCl,67.91,Caffeine (14.5%),TRUE_POSITIVE,TRAIN_SET
FS-2026-00983,2026-06-11T17:28:00Z,OP-FORENSIC-123,State_Forensic_Field_Team,Crystalline Powder,Mecke Reagent (Selenious Acid/Sulfuric Acid),LOT-2026-MECK-200,564,27.9,PASS,0.567,88.78,-0.67,3.6,89.06,-0.68,3.83,87.5,-1.25,4.53,88.52,-0.23,5.03,1.519,0.0253,FieldSure-Narcotics-v2.1,0.904,NEG_NO_REACTION,VALIDATED_LAB_CONFIRMED,LAB-CONFIRM-80982,GC-MS (Gas Chromatography-Mass Spectrometry),Procaine / Benzocaine (Local Anesthetic),0.0,N/A (Inert Sample),TRUE_NEGATIVE,TRAIN_SET
FS-2026-00984,2026-06-11T17:49:00Z,OP-FORENSIC-122,State_Forensic_Field_Team,Off-White Powder,Scott Reagent (Cobalt Thiocyanate Phase),LOT-2026-SCOT-672,564,23.4,PASS,1.148,91.14,-0.43,1.49,90.25,-1.5,3.68,89.11,-1.9,4.0,87.18,-2.02,4.22,5.066,0.0844,FieldSure-Narcotics-v2.1,0.9,NEG_NO_REACTION,VALIDATED_LAB_CONFIRMED,LAB-CONFIRM-80983,GC-MS (Gas Chromatography-Mass Spectrometry),Heroin Hydrochloride,46.67,Caffeine (14.5%),TRUE_POSITIVE,TRAIN_SET
FS-2026-00985,2026-06-11T18:23:00Z,OP-FORENSIC-122,State_Forensic_Field_Team,Pressed Tablet (Crushed),Mandelin Reagent (Ammonium Vanadate/Sulfuric Acid),LOT-2026-MAND-327,564,20.4,FAIL_BLUR,5.283,92.22,2.16,5.51,,,,,,,,,,,,FieldSure-Narcotics-v2.1,0.168,ABSTAIN_FAIL_BLUR,UNVALIDATED_QC_ABSTAIN,LAB-CONFIRM-80984,FTIR (Fourier Transform Infrared Spectroscopy),Fentanyl HCl (Trace / Weak Response),4.45,None (High Purity Grade),ABSTAINED_NO_PREDICTION,TRAIN_SET
FS-2026-00986,2026-06-11T18:42:00Z,OP-FORENSIC-103,Metropolitan_Task_Force,Pressed Tablet (Crushed),Ehrlich Reagent (p-DMAB/HCl),LOT-2026-EHRL-905,2363,24.8,FAIL_BLUR,6.985,92.95,0.65,5.75,,,,,,,,,,,,FieldSure-Narcotics-v2.1,0.029,ABSTAIN_FAIL_BLUR,UNVALIDATED_QC_ABSTAIN,LAB-CONFIRM-80985,GC-MS (Gas Chromatography-Mass Spectrometry),Heroin Hydrochloride,79.6,Levamisole (8.2%),ABSTAINED_NO_PREDICTION,TRAIN_SET
FS-2026-00987,2026-06-11T19:13:00Z,OP-FORENSIC-124,Customs_Evidence_Unit,Pressed Tablet (Crushed),Mecke Reagent (Selenious Acid/Sulfuric Acid),LOT-2026-MECK-815,564,24.8,PASS,1.082,92.13,1.17,4.44,90.28,0.98,5.01,90.65,0.54,5.98,88.8,1.68,6.14,3.773,0.0629,FieldSure-Narcotics-v2.1,0.92,NEG_NO_REACTION,VALIDATED_LAB_CONFIRMED,LAB-CONFIRM-80986,GC-MS (Gas Chromatography-Mass Spectrometry),Procaine / Benzocaine (Local Anesthetic),0.0,N/A (Inert Sample),TRUE_NEGATIVE,TRAIN_SET
FS-2026-00988,2026-06-11T22:00:00Z,OP-FORENSIC-121,Metropolitan_Task_Force,Crystalline Powder,Duquenois-Levine Reagent (Vanillin/Acetaldehyde),LOT-2026-DUQN-656,7589,22.8,PASS,1.062,94.08,0.36,3.68,92.94,0.55,4.93,91.38,0.08,2.99,92.12,0.26,3.23,2.013,0.0335,FieldSure-Narcotics-v2.1,0.954,NEG_NO_REACTION,VALIDATED_LAB_CONFIRMED,LAB-CONFIRM-80987,GC-MS (Gas Chromatography-Mass Spectrometry),Inert Cutting Agent (Lactose/Caffeine),0.0,N/A (Inert Sample),TRUE_NEGATIVE,TRAIN_SET
FS-2026-00989,2026-06-12T05:26:00Z,OP-FORENSIC-101,State_Forensic_Field_Team,Crystalline Powder,Mecke Reagent (Selenious Acid/Sulfuric Acid),LOT-2026-MECK-820,7589,22.3,FAIL_GLARE,12.436,90.0,0.36,4.33,,,,,,,,,,,,FieldSure-Narcotics-v2.1,0.043,ABSTAIN_FAIL_GLARE,UNVALIDATED_QC_ABSTAIN,LAB-CONFIRM-80988,GC-MS (Gas Chromatography-Mass Spectrometry),Cocaine Hydrochloride,91.24,Caffeine (14.5%),ABSTAINED_NO_PREDICTION,TRAIN_SET
FS-2026-00990,2026-06-12T11:14:00Z,OP-FORENSIC-118,Metropolitan_Task_Force,Pressed Tablet (Crushed),Scott Reagent (Cobalt Thiocyanate Phase),LOT-2026-SCOT-213,7589,25.4,PASS,0.888,93.67,-1.29,1.52,92.39,-0.16,1.87,93.43,-0.67,1.57,91.22,-0.15,0.58,2.861,0.0477,FieldSure-Narcotics-v2.1,0.913,NEG_NO_REACTION,VALIDATED_LAB_CONFIRMED,LAB-CONFIRM-80989,GC-MS (Gas Chromatography-Mass Spectrometry),Delta-9-THC,60.69,Levamisole (8.2%),TRUE_POSITIVE,TRAIN_SET
FS-2026-00991,2026-06-12T14:19:00Z,OP-FORENSIC-119,Customs_Evidence_Unit,Crystalline Powder,Marquis Reagent (Formaldehyde/Sulfuric Acid),LOT-2026-MARQ-137,564,30.2,PASS,1.164,86.49,0.5,5.61,85.67,0.08,5.39,84.03,0.75,4.74,82.93,-0.26,6.02,3.663,0.061,FieldSure-Narcotics-v2.1,0.975,NEG_NO_REACTION,VALIDATED_LAB_CONFIRMED,LAB-CONFIRM-80990,GC-MS (Gas Chromatography-Mass Spectrometry),Procaine / Benzocaine (Local Anesthetic),0.0,N/A (Inert Sample),TRUE_NEGATIVE,TRAIN_SET
FS-2026-00992,2026-06-12T14:25:00Z,OP-FORENSIC-112,State_Forensic_Field_Team,Off-White Powder,Scott Reagent (Cobalt Thiocyanate Phase),LOT-2026-SCOT-925,564,18.5,PASS,0.796,94.82,-1.4,2.62,92.98,-1.21,3.49,91.22,-0.81,2.63,92.35,-0.79,3.79,2.8,0.0467,FieldSure-Narcotics-v2.1,0.955,NEG_NO_REACTION,VALIDATED_LAB_CONFIRMED,LAB-CONFIRM-80991,GC-MS (Gas Chromatography-Mass Spectrometry),LSD (Lysergic Acid Diethylamide),36.31,Caffeine (14.5%),TRUE_POSITIVE,TRAIN_SET
FS-2026-00993,2026-06-12T16:14:00Z,OP-FORENSIC-109,Border_Control_Post_3,Off-White Powder,Simon's Reagent (Sodium Nitroprusside/Acetaldehyde),LOT-2026-SIMN-230,564,28.9,PASS,0.384,91.19,-0.94,2.49,88.56,-1.42,3.33,87.9,-1.99,3.7,87.71,-0.81,4.01,3.8,0.0633,FieldSure-Narcotics-v2.1,0.937,NEG_NO_REACTION,VALIDATED_LAB_CONFIRMED,LAB-CONFIRM-80992,GC-MS (Gas Chromatography-Mass Spectrometry),Fentanyl HCl (Trace / Weak Response),14.55,Levamisole (8.2%),TRUE_POSITIVE,TRAIN_SET
FS-2026-00994,2026-06-12T17:05:00Z,OP-FORENSIC-112,Customs_Evidence_Unit,Off-White Powder,Marquis Reagent (Formaldehyde/Sulfuric Acid),LOT-2026-MARQ-571,2363,21.1,PASS,0.951,91.51,1.48,5.68,91.24,3.89,5.85,89.62,1.72,5.54,90.03,2.8,6.55,2.166,0.0361,FieldSure-Narcotics-v2.1,0.956,NEG_NO_REACTION,VALIDATED_LAB_CONFIRMED,LAB-CONFIRM-80993,GC-MS (Gas Chromatography-Mass Spectrometry),Inert Cutting Agent (Lactose/Caffeine),0.0,N/A (Inert Sample),TRUE_NEGATIVE,TRAIN_SET
FS-2026-00995,2026-06-12T21:05:00Z,OP-FORENSIC-108,State_Forensic_Field_Team,Off-White Powder,Marquis Reagent (Formaldehyde/Sulfuric Acid),LOT-2026-MARQ-513,564,11.8,PASS,0.491,89.49,-0.27,3.91,88.12,-1.16,5.14,87.82,-0.84,5.49,87.2,-1.1,6.98,3.919,0.0653,FieldSure-Narcotics-v2.1,0.9,NEG_NO_REACTION,VALIDATED_LAB_CONFIRMED,LAB-CONFIRM-80994,LC-MS/MS (Liquid Chromatography-Tandem Mass Spectrometry),Procaine / Benzocaine (Local Anesthetic),0.0,N/A (Inert Sample),TRUE_NEGATIVE,TRAIN_SET
FS-2026-00996,2026-06-12T23:57:00Z,OP-FORENSIC-111,Metropolitan_Task_Force,Plant Matter Extract,Simon's Reagent (Sodium Nitroprusside/Acetaldehyde),LOT-2026-SIMN-146,2363,28.1,PASS,0.955,89.18,-1.49,2.55,88.2,-0.76,3.26,86.13,-0.47,3.98,85.64,-1.29,4.73,4.162,0.0694,FieldSure-Narcotics-v2.1,0.959,NEG_NO_REACTION,VALIDATED_LAB_CONFIRMED,LAB-CONFIRM-80995,GC-MS (Gas Chromatography-Mass Spectrometry),Procaine / Benzocaine (Local Anesthetic),0.0,N/A (Inert Sample),TRUE_NEGATIVE,TRAIN_SET
FS-2026-00997,2026-06-13T01:18:00Z,OP-FORENSIC-109,Customs_Evidence_Unit,Crystalline Powder,Mecke Reagent (Selenious Acid/Sulfuric Acid),LOT-2026-MECK-143,7589,18.8,PASS,1.537,86.92,0.2,4.62,85.09,-0.59,6.06,85.46,0.36,6.57,84.7,0.96,7.01,3.349,0.0558,FieldSure-Narcotics-v2.1,0.95,NEG_NO_REACTION,VALIDATED_LAB_CONFIRMED,LAB-CONFIRM-80996,GC-MS (Gas Chromatography-Mass Spectrometry),Methamphetamine HCl,85.42,Dimethylsulfone (18.4%),TRUE_POSITIVE,TRAIN_SET
FS-2026-00998,2026-06-13T01:33:00Z,OP-FORENSIC-124,Customs_Evidence_Unit,Pressed Tablet (Crushed),Scott Reagent (Cobalt Thiocyanate Phase),LOT-2026-SCOT-254,564,25.5,PASS,1.233,87.9,1.45,2.2,85.27,1.58,3.69,84.91,0.36,3.98,84.73,0.69,3.91,3.681,0.0614,FieldSure-Narcotics-v2.1,0.916,NEG_NO_REACTION,VALIDATED_LAB_CONFIRMED,LAB-CONFIRM-80997,LC-MS/MS (Liquid Chromatography-Tandem Mass Spectrometry),Inert Cutting Agent (Lactose/Caffeine),0.0,N/A (Inert Sample),TRUE_NEGATIVE,TRAIN_SET
FS-2026-00999,2026-06-13T02:25:00Z,OP-FORENSIC-117,Customs_Evidence_Unit,Crystalline Powder,Marquis Reagent (Formaldehyde/Sulfuric Acid),LOT-2026-MARQ-920,564,32.7,PASS,0.436,88.93,0.2,3.79,87.41,-1.58,3.57,86.75,-0.6,4.36,86.76,-1.33,3.89,2.657,0.0443,FieldSure-Narcotics-v2.1,0.942,NEG_NO_REACTION,VALIDATED_LAB_CONFIRMED,LAB-CONFIRM-80998,GC-MS (Gas Chromatography-Mass Spectrometry),Procaine / Benzocaine (Local Anesthetic),0.0,N/A (Inert Sample),TRUE_NEGATIVE,TRAIN_SET
FS-2026-01000,2026-06-13T02:41:00Z,OP-FORENSIC-120,Border_Control_Post_3,Off-White Powder,Simon's Reagent (Sodium Nitroprusside/Acetaldehyde),LOT-2026-SIMN-306,564,23.5,PASS,1.652,93.86,1.86,5.25,92.48,1.58,6.4,94.37,1.13,7.45,94.72,0.69,6.85,2.161,0.036,FieldSure-Narcotics-v2.1,0.91,NEG_NO_REACTION,VALIDATED_LAB_CONFIRMED,LAB-CONFIRM-80999,GC-MS (Gas Chromatography-Mass Spectrometry),Inert Cutting Agent (Lactose/Caffeine),0.0,N/A (Inert Sample),TRUE_NEGATIVE,TRAIN_SET
FS-2026-01001,2026-06-13T08:04:00Z,OP-FORENSIC-106,Border_Control_Post_3,Crystalline Powder,Scott Reagent (Cobalt Thiocyanate Phase),LOT-2026-SCOT-828,2363,19.1,PASS,0.372,93.37,-0.63,3.55,93.43,0.83,2.51,92.19,0.51,2.71,92.12,0.96,2.78,2.164,0.0361,FieldSure-Narcotics-v2.1,0.953,NEG_NO_REACTION,VALIDATED_LAB_CONFIRMED,LAB-CONFIRM-81000,LC-MS/MS (Liquid Chromatography-Tandem Mass Spectrometry),Delta-9-THC,65.35,Lactose / Starch,TRUE_POSITIVE,TRAIN_SET
FS-2026-01002,2026-06-13T12:50:00Z,OP-FORENSIC-104,State_Forensic_Field_Team,Paper Blotter Segment,Mecke Reagent (Selenious Acid/Sulfuric Acid),LOT-2026-MECK-919,2363,23.3,PASS,1.71,89.24,-1.4,2.25,88.27,-0.52,3.05,86.97,-2.59,4.14,86.67,-1.55,4.14,3.194,0.0532,FieldSure-Narcotics-v2.1,0.96,NEG_NO_REACTION,VALIDATED_LAB_CONFIRMED,LAB-CONFIRM-81001,GC-MS (Gas Chromatography-Mass Spectrometry),Cocaine Hydrochloride,75.88,Lactose / Starch,TRUE_POSITIVE,TRAIN_SET
FS-2026-01003,2026-06-13T13:29:00Z,OP-FORENSIC-100,District_Lab_North,Crystalline Powder,Duquenois-Levine Reagent (Vanillin/Acetaldehyde),LOT-2026-DUQN-299,7589,28.8,PASS,1.498,91.43,-0.23,1.56,90.4,-0.54,3.64,88.68,-0.12,2.17,88.57,0.32,3.36,3.424,0.0571,FieldSure-Narcotics-v2.1,0.912,NEG_NO_REACTION,VALIDATED_LAB_CONFIRMED,LAB-CONFIRM-81002,FTIR (Fourier Transform Infrared Spectroscopy),Cocaine Hydrochloride,80.5,Lactose / Starch,TRUE_POSITIVE,TRAIN_SET
FS-2026-01004,2026-06-13T15:50:00Z,OP-FORENSIC-107,State_Forensic_Field_Team,Paper Blotter Segment,Scott Reagent (Cobalt Thiocyanate Phase),LOT-2026-SCOT-123,564,20.5,PASS,1.749,93.1,-1.28,2.01,91.94,0.36,1.61,91.86,-0.5,2.43,92.49,-0.43,3.38,1.724,0.0287,FieldSure-Narcotics-v2.1,0.965,NEG_NO_REACTION,VALIDATED_LAB_CONFIRMED,LAB-CONFIRM-81003,LC-MS/MS (Liquid Chromatography-Tandem Mass Spectrometry),Inert Cutting Agent (Lactose/Caffeine),0.0,N/A (Inert Sample),TRUE_NEGATIVE,TRAIN_SET
FS-2026-01005,2026-06-13T19:38:00Z,OP-FORENSIC-122,State_Forensic_Field_Team,Liquid Solution (Diluted),Mandelin Reagent (Ammonium Vanadate/Sulfuric Acid),LOT-2026-MAND-688,2363,23.3,PASS,1.547,91.42,-0.74,3.05,90.17,0.67,2.75,92.15,-0.9,6.42,91.36,-0.67,4.85,1.802,0.03,FieldSure-Narcotics-v2.1,0.958,NEG_NO_REACTION,VALIDATED_LAB_CONFIRMED,LAB-CONFIRM-81004,GC-MS (Gas Chromatography-Mass Spectrometry),Cocaine Hydrochloride,77.58,Caffeine (14.5%),TRUE_POSITIVE,TRAIN_SET
FS-2026-01006,2026-06-13T20:31:00Z,OP-FORENSIC-124,District_Lab_North,Off-White Powder,Simon's Reagent (Sodium Nitroprusside/Acetaldehyde),LOT-2026-SIMN-734,564,22.0,PASS,0.382,86.99,-0.66,2.47,85.38,-1.12,3.75,86.06,-1.23,4.17,85.43,-2.04,3.75,2.445,0.0407,FieldSure-Narcotics-v2.1,0.995,NEG_NO_REACTION,VALIDATED_LAB_CONFIRMED,LAB-CONFIRM-81005,GC-MS (Gas Chromatography-Mass Spectrometry),"3,4-MDMA (Ecstasy)",79.11,None (High Purity Grade),TRUE_POSITIVE,TRAIN_SET
FS-2026-01007,2026-06-13T20:58:00Z,OP-FORENSIC-102,Metropolitan_Task_Force,Crystalline Powder,Mecke Reagent (Selenious Acid/Sulfuric Acid),LOT-2026-MECK-201,7589,21.1,PASS,1.698,94.0,2.45,4.89,93.27,2.29,5.72,93.61,1.63,7.74,92.66,2.51,6.38,2.005,0.0334,FieldSure-Narcotics-v2.1,0.985,NEG_NO_REACTION,VALIDATED_LAB_CONFIRMED,LAB-CONFIRM-81006,GC-MS (Gas Chromatography-Mass Spectrometry),Inert Cutting Agent (Lactose/Caffeine),0.0,N/A (Inert Sample),TRUE_NEGATIVE,TRAIN_SET
FS-2026-01008,2026-06-13T22:44:00Z,OP-FORENSIC-108,District_Lab_North,Pressed Tablet (Crushed),Scott Reagent (Cobalt Thiocyanate Phase),LOT-2026-SCOT-343,564,28.8,PASS,0.634,90.71,1.86,1.87,89.63,2.05,2.64,90.85,0.74,2.6,91.24,0.37,2.45,1.684,0.0281,FieldSure-Narcotics-v2.1,0.971,NEG_NO_REACTION,VALIDATED_LAB_CONFIRMED,LAB-CONFIRM-81007,GC-MS (Gas Chromatography-Mass Spectrometry),"3,4-MDMA (Ecstasy)",72.81,Dimethylsulfone (18.4%),TRUE_POSITIVE,TRAIN_SET
FS-2026-01009,2026-06-14T00:48:00Z,OP-FORENSIC-103,District_Lab_North,Pressed Tablet (Crushed),Mecke Reagent (Selenious Acid/Sulfuric Acid),LOT-2026-MECK-272,2363,19.7,PASS,0.364,92.91,0.2,1.57,95.18,1.05,2.3,93.55,-0.29,2.79,92.45,1.42,2.2,1.448,0.0241,FieldSure-Narcotics-v2.1,0.917,NEG_NO_REACTION,VALIDATED_LAB_CONFIRMED,LAB-CONFIRM-81008,GC-MS (Gas Chromatography-Mass Spectrometry),Cocaine Hydrochloride,82.44,None (High Purity Grade),TRUE_POSITIVE,TRAIN_SET
FS-2026-01010,2026-06-14T06:10:00Z,OP-FORENSIC-120,Border_Control_Post_3,Crystalline Powder,Ehrlich Reagent (p-DMAB/HCl),LOT-2026-EHRL-729,7589,20.3,FAIL_GEOMETRY,11.627,86.41,-1.29,3.43,,,,,,,,,,,,FieldSure-Narcotics-v2.1,0.03,ABSTAIN_FAIL_GEOMETRY,UNVALIDATED_QC_ABSTAIN,LAB-CONFIRM-81009,LC-MS/MS (Liquid Chromatography-Tandem Mass Spectrometry),Cocaine Hydrochloride,90.6,None (High Purity Grade),ABSTAINED_NO_PREDICTION,TRAIN_SET
FS-2026-01011,2026-06-14T07:37:00Z,OP-FORENSIC-120,Customs_Evidence_Unit,Paper Blotter Segment,Marquis Reagent (Formaldehyde/Sulfuric Acid),LOT-2026-MARQ-171,2363,21.8,PASS,1.618,94.24,1.69,2.52,80.15,12.32,-4.71,71.21,18.39,-11.97,65.1,22.48,-15.46,40.058,0.6676,FieldSure-Narcotics-v2.1,0.94,POS_MDMA,VALIDATED_LAB_CONFIRMED,LAB-CONFIRM-81010,GC-MS (Gas Chromatography-Mass Spectrometry),"3,4-MDMA (Ecstasy)",69.06,Phenacetin (11.0%),TRUE_POSITIVE,TRAIN_SET
FS-2026-01012,2026-06-14T08:21:00Z,OP-FORENSIC-105,Metropolitan_Task_Force,Crystalline Powder,Simon's Reagent (Sodium Nitroprusside/Acetaldehyde),LOT-2026-SIMN-189,2363,26.7,PASS,1.597,91.12,0.01,4.71,88.58,0.56,5.55,90.07,-0.62,5.75,89.86,0.22,5.69,1.61,0.0268,FieldSure-Narcotics-v2.1,0.927,NEG_NO_REACTION,VALIDATED_LAB_CONFIRMED,LAB-CONFIRM-81011,FTIR (Fourier Transform Infrared Spectroscopy),"3,4-MDMA (Ecstasy)",82.3,None (High Purity Grade),TRUE_POSITIVE,TRAIN_SET
FS-2026-01013,2026-06-14T08:38:00Z,OP-FORENSIC-123,Border_Control_Post_3,Crystalline Powder,Simon's Reagent (Sodium Nitroprusside/Acetaldehyde),LOT-2026-SIMN-478,2363,25.8,PASS,1.551,87.44,1.49,3.34,85.99,1.3,2.59,86.77,0.97,5.24,86.78,2.38,4.81,1.841,0.0307,FieldSure-Narcotics-v2.1,0.943,NEG_NO_REACTION,VALIDATED_LAB_CONFIRMED,LAB-CONFIRM-81012,GC-MS (Gas Chromatography-Mass Spectrometry),Heroin Hydrochloride,68.2,Levamisole (8.2%),TRUE_POSITIVE,TRAIN_SET
FS-2026-01014,2026-06-14T09:44:00Z,OP-FORENSIC-104,State_Forensic_Field_Team,Liquid Solution (Diluted),Mecke Reagent (Selenious Acid/Sulfuric Acid),LOT-2026-MECK-801,564,22.3,PASS,1.453,86.76,0.65,4.05,85.87,-0.91,6.49,86.86,0.06,5.65,86.12,-0.02,5.92,2.087,0.0348,FieldSure-Narcotics-v2.1,0.896,NEG_NO_REACTION,VALIDATED_LAB_CONFIRMED,LAB-CONFIRM-81013,LC-MS/MS (Liquid Chromatography-Tandem Mass Spectrometry),Inert Cutting Agent (Lactose/Caffeine),0.0,N/A (Inert Sample),TRUE_NEGATIVE,TRAIN_SET
FS-2026-01015,2026-06-14T10:14:00Z,OP-FORENSIC-115,Metropolitan_Task_Force,Pressed Tablet (Crushed),Duquenois-Levine Reagent (Vanillin/Acetaldehyde),LOT-2026-DUQN-679,2363,20.5,PASS,1.464,91.46,1.51,3.89,90.09,1.46,4.43,90.56,1.15,4.1,88.99,1.09,4.14,2.518,0.042,FieldSure-Narcotics-v2.1,0.976,NEG_NO_REACTION,VALIDATED_LAB_CONFIRMED,LAB-CONFIRM-81014,GC-MS (Gas Chromatography-Mass Spectrometry),Procaine / Benzocaine (Local Anesthetic),0.0,N/A (Inert Sample),TRUE_NEGATIVE,TRAIN_SET
FS-2026-01016,2026-06-14T12:07:00Z,OP-FORENSIC-121,Customs_Evidence_Unit,Crystalline Powder,Marquis Reagent (Formaldehyde/Sulfuric Acid),LOT-2026-MARQ-749,564,25.7,PASS,0.355,88.62,1.12,4.1,87.92,0.93,5.59,87.16,1.57,5.62,86.53,1.63,6.14,2.965,0.0494,FieldSure-Narcotics-v2.1,0.959,NEG_NO_REACTION,VALIDATED_LAB_CONFIRMED,LAB-CONFIRM-81015,GC-MS (Gas Chromatography-Mass Spectrometry),Inert Cutting Agent (Lactose/Caffeine),0.0,N/A (Inert Sample),TRUE_NEGATIVE,TRAIN_SET
FS-2026-01017,2026-06-14T13:14:00Z,OP-FORENSIC-110,Metropolitan_Task_Force,Crystalline Powder,Scott Reagent (Cobalt Thiocyanate Phase),LOT-2026-SCOT-903,564,18.2,PASS,1.585,88.6,0.29,4.29,86.98,-0.06,3.78,86.74,-0.33,4.04,85.47,0.51,4.14,3.141,0.0524,FieldSure-Narcotics-v2.1,0.981,NEG_NO_REACTION,VALIDATED_LAB_CONFIRMED,LAB-CONFIRM-81016,LC-MS/MS (Liquid Chromatography-Tandem Mass Spectrometry),Fentanyl HCl (Trace / Weak Response),14.6,Dimethylsulfone (18.4%),TRUE_POSITIVE,TRAIN_SET
FS-2026-01018,2026-06-14T13:26:00Z,OP-FORENSIC-110,Metropolitan_Task_Force,Crystalline Powder,Ehrlich Reagent (p-DMAB/HCl),LOT-2026-EHRL-688,564,24.7,PASS,1.801,90.55,2.33,1.4,89.9,2.29,3.25,88.47,3.41,3.81,88.37,2.6,4.21,3.567,0.0594,FieldSure-Narcotics-v2.1,0.903,NEG_NO_REACTION,VALIDATED_LAB_CONFIRMED,LAB-CONFIRM-81017,GC-MS (Gas Chromatography-Mass Spectrometry),Fentanyl HCl (Trace / Weak Response),17.5,Levamisole (8.2%),TRUE_POSITIVE,TRAIN_SET
FS-2026-01019,2026-06-14T17:07:00Z,OP-FORENSIC-114,Metropolitan_Task_Force,Plant Matter Extract,Ehrlich Reagent (p-DMAB/HCl),LOT-2026-EHRL-770,564,22.3,PASS,1.097,93.27,-1.07,2.25,92.21,-1.34,3.23,91.11,-1.27,4.47,90.79,-2.08,5.01,3.846,0.0641,FieldSure-Narcotics-v2.1,0.983,NEG_NO_REACTION,VALIDATED_LAB_CONFIRMED,LAB-CONFIRM-81018,LC-MS/MS (Liquid Chromatography-Tandem Mass Spectrometry),Delta-9-THC,31.58,None (High Purity Grade),TRUE_POSITIVE,TRAIN_SET
FS-2026-01020,2026-06-14T21:10:00Z,OP-FORENSIC-123,State_Forensic_Field_Team,Crystalline Powder,Duquenois-Levine Reagent (Vanillin/Acetaldehyde),LOT-2026-DUQN-912,564,17.2,FAIL_EXPOSURE,8.768,93.41,-0.04,2.96,,,,,,,,,,,,FieldSure-Narcotics-v2.1,0.114,ABSTAIN_FAIL_EXPOSURE,UNVALIDATED_QC_ABSTAIN,LAB-CONFIRM-81019,GC-MS (Gas Chromatography-Mass Spectrometry),Heroin Hydrochloride,80.78,Caffeine (14.5%),ABSTAINED_NO_PREDICTION,TRAIN_SET
FS-2026-01021,2026-06-14T21:52:00Z,OP-FORENSIC-124,State_Forensic_Field_Team,Off-White Powder,Mandelin Reagent (Ammonium Vanadate/Sulfuric Acid),LOT-2026-MAND-486,564,15.6,PASS,1.778,86.98,0.93,4.32,85.75,0.99,4.24,84.24,0.42,6.39,84.86,0.32,5.46,2.483,0.0414,FieldSure-Narcotics-v2.1,0.928,NEG_NO_REACTION,VALIDATED_LAB_CONFIRMED,LAB-CONFIRM-81020,GC-MS (Gas Chromatography-Mass Spectrometry),Inert Cutting Agent (Lactose/Caffeine),0.0,N/A (Inert Sample),TRUE_NEGATIVE,TRAIN_SET
FS-2026-01022,2026-06-15T00:16:00Z,OP-FORENSIC-117,Metropolitan_Task_Force,Crystalline Powder,Ehrlich Reagent (p-DMAB/HCl),LOT-2026-EHRL-984,2363,16.3,PASS,1.691,90.99,0.92,2.22,90.08,1.21,3.67,91.17,0.7,3.03,90.42,0.73,4.34,2.203,0.0367,FieldSure-Narcotics-v2.1,0.91,NEG_NO_REACTION,VALIDATED_LAB_CONFIRMED,LAB-CONFIRM-81021,GC-MS (Gas Chromatography-Mass Spectrometry),Inert Cutting Agent (Lactose/Caffeine),0.0,N/A (Inert Sample),TRUE_NEGATIVE,TRAIN_SET
FS-2026-01023,2026-06-15T02:00:00Z,OP-FORENSIC-108,District_Lab_North,Crystalline Powder,Scott Reagent (Cobalt Thiocyanate Phase),LOT-2026-SCOT-674,564,25.2,FAIL_EXPOSURE,11.732,91.25,-1.2,2.36,,,,,,,,,,,,FieldSure-Narcotics-v2.1,0.23,ABSTAIN_FAIL_EXPOSURE,UNVALIDATED_QC_ABSTAIN,LAB-CONFIRM-81022,GC-MS (Gas Chromatography-Mass Spectrometry),Inert Cutting Agent (Lactose/Caffeine),0.0,N/A (Inert Sample),ABSTAINED_NO_PREDICTION,TRAIN_SET
FS-2026-01024,2026-06-15T06:18:00Z,OP-FORENSIC-120,Customs_Evidence_Unit,Off-White Powder,Duquenois-Levine Reagent (Vanillin/Acetaldehyde),LOT-2026-DUQN-104,7589,21.9,PASS,0.405,95.46,0.25,5.42,96.02,-0.79,5.24,94.07,0.01,4.89,94.86,-1.57,5.06,1.95,0.0325,FieldSure-Narcotics-v2.1,0.907,NEG_NO_REACTION,VALIDATED_LAB_CONFIRMED,LAB-CONFIRM-81023,GC-MS (Gas Chromatography-Mass Spectrometry),Methamphetamine HCl,85.95,Caffeine (14.5%),TRUE_POSITIVE,TRAIN_SET
FS-2026-01025,2026-06-15T08:35:00Z,OP-FORENSIC-116,Customs_Evidence_Unit,Pressed Tablet (Crushed),Ehrlich Reagent (p-DMAB/HCl),LOT-2026-EHRL-971,564,27.0,FAIL_GLARE,9.532,88.41,0.63,3.22,,,,,,,,,,,,FieldSure-Narcotics-v2.1,0.12,ABSTAIN_FAIL_GLARE,UNVALIDATED_QC_ABSTAIN,LAB-CONFIRM-81024,LC-MS/MS (Liquid Chromatography-Tandem Mass Spectrometry),Delta-9-THC,54.42,None (High Purity Grade),ABSTAINED_NO_PREDICTION,TRAIN_SET
FS-2026-01026,2026-06-15T09:13:00Z,OP-FORENSIC-120,Border_Control_Post_3,Crystalline Powder,Mecke Reagent (Selenious Acid/Sulfuric Acid),LOT-2026-MECK-245,7589,16.1,PASS,0.966,87.89,-1.01,1.58,85.7,-1.59,3.11,84.73,-1.56,3.01,84.59,-0.58,2.35,3.416,0.0569,FieldSure-Narcotics-v2.1,0.9,NEG_NO_REACTION,VALIDATED_LAB_CONFIRMED,LAB-CONFIRM-81025,LC-MS/MS (Liquid Chromatography-Tandem Mass Spectrometry),"3,4-MDMA (Ecstasy)",52.69,Lactose / Starch,TRUE_POSITIVE,TRAIN_SET
FS-2026-01027,2026-06-15T09:14:00Z,OP-FORENSIC-102,Customs_Evidence_Unit,Pressed Tablet (Crushed),Marquis Reagent (Formaldehyde/Sulfuric Acid),LOT-2026-MARQ-599,7589,23.7,PASS,0.473,86.23,-1.46,4.82,62.11,6.83,-8.63,48.62,14.85,-17.06,39.48,19.29,-21.91,57.712,0.9619,FieldSure-Narcotics-v2.1,0.947,POS_METHAMPHETAMINE,VALIDATED_LAB_CONFIRMED,LAB-CONFIRM-81026,LC-MS/MS (Liquid Chromatography-Tandem Mass Spectrometry),Methamphetamine HCl,70.96,Dimethylsulfone (18.4%),TRUE_POSITIVE,TRAIN_SET
FS-2026-01028,2026-06-15T11:50:00Z,OP-FORENSIC-100,Customs_Evidence_Unit,Tar/Sticky Resin,Marquis Reagent (Formaldehyde/Sulfuric Acid),LOT-2026-MARQ-730,2363,16.9,PASS,1.004,93.14,-0.86,3.69,81.21,-10.2,22.28,70.06,-17.36,35.27,64.36,-19.98,42.88,52.247,0.8708,FieldSure-Narcotics-v2.1,0.989,POS_MDMA,VALIDATED_LAB_CONFIRMED,LAB-CONFIRM-81027,LC-MS/MS (Liquid Chromatography-Tandem Mass Spectrometry),"3,4-MDMA (Ecstasy)",55.85,Phenacetin (11.0%),TRUE_POSITIVE,TRAIN_SET
FS-2026-01029,2026-06-15T13:36:00Z,OP-FORENSIC-120,Metropolitan_Task_Force,Crystalline Powder,Scott Reagent (Cobalt Thiocyanate Phase),LOT-2026-SCOT-316,2363,17.2,PASS,1.639,95.67,-0.17,1.05,74.01,21.99,13.57,59.19,39.92,22.92,49.31,49.51,28.61,73.327,1.2221,FieldSure-Narcotics-v2.1,0.982,FALSE_POS_LOCAL_ANESTHETIC,VALIDATED_LAB_CONFIRMED,LAB-CONFIRM-81028,FTIR (Fourier Transform Infrared Spectroscopy),Procaine / Benzocaine (Local Anesthetic),0.0,N/A (Inert Sample),TRUE_POSITIVE,TRAIN_SET
FS-2026-01030,2026-06-15T13:51:00Z,OP-FORENSIC-104,Border_Control_Post_3,Crystalline Powder,Ehrlich Reagent (p-DMAB/HCl),LOT-2026-EHRL-444,2363,23.0,FAIL_BLUR,6.81,87.95,-0.48,5.98,,,,,,,,,,,,FieldSure-Narcotics-v2.1,0.23,ABSTAIN_FAIL_BLUR,UNVALIDATED_QC_ABSTAIN,LAB-CONFIRM-81029,FTIR (Fourier Transform Infrared Spectroscopy),Delta-9-THC,48.43,None (High Purity Grade),ABSTAINED_NO_PREDICTION,TRAIN_SET
FS-2026-01031,2026-06-15T14:22:00Z,OP-FORENSIC-115,State_Forensic_Field_Team,Pressed Tablet (Crushed),Scott Reagent (Cobalt Thiocyanate Phase),LOT-2026-SCOT-763,564,30.2,PASS,0.695,93.02,0.05,5.97,92.81,-0.82,6.48,92.62,-1.04,6.16,92.01,-1.97,5.85,2.262,0.0377,FieldSure-Narcotics-v2.1,0.965,NEG_NO_REACTION,VALIDATED_LAB_CONFIRMED,LAB-CONFIRM-81030,LC-MS/MS (Liquid Chromatography-Tandem Mass Spectrometry),Heroin Hydrochloride,79.98,Lactose / Starch,TRUE_POSITIVE,TRAIN_SET
FS-2026-01032,2026-06-15T15:20:00Z,OP-FORENSIC-106,Metropolitan_Task_Force,Pressed Tablet (Crushed),Ehrlich Reagent (p-DMAB/HCl),LOT-2026-EHRL-819,564,23.2,PASS,0.98,87.84,-1.04,1.4,85.04,-0.81,2.27,85.11,-1.03,2.76,83.91,-1.1,3.13,4.294,0.0716,FieldSure-Narcotics-v2.1,0.902,NEG_NO_REACTION,VALIDATED_LAB_CONFIRMED,LAB-CONFIRM-81031,GC-MS (Gas Chromatography-Mass Spectrometry),Methamphetamine HCl,71.78,Lactose / Starch,TRUE_POSITIVE,TRAIN_SET
FS-2026-01033,2026-06-15T17:16:00Z,OP-FORENSIC-122,Metropolitan_Task_Force,Tar/Sticky Resin,Ehrlich Reagent (p-DMAB/HCl),LOT-2026-EHRL-659,2363,27.6,PASS,0.45,93.86,2.01,3.46,92.75,2.72,2.35,93.51,0.99,2.61,93.63,1.19,2.49,1.291,0.0215,FieldSure-Narcotics-v2.1,0.898,NEG_NO_REACTION,VALIDATED_LAB_CONFIRMED,LAB-CONFIRM-81032,FTIR (Fourier Transform Infrared Spectroscopy),Inert Cutting Agent (Lactose/Caffeine),0.0,N/A (Inert Sample),TRUE_NEGATIVE,TRAIN_SET
FS-2026-01034,2026-06-15T20:34:00Z,OP-FORENSIC-116,District_Lab_North,Crystalline Powder,Marquis Reagent (Formaldehyde/Sulfuric Acid),LOT-2026-MARQ-786,564,19.7,PASS,1.404,86.74,-1.13,2.59,68.82,17.42,15.89,56.18,30.11,26.84,47.64,37.95,32.22,62.722,1.0454,FieldSure-Narcotics-v2.1,0.925,POS_FENTANYL_WEAK,VALIDATED_LAB_CONFIRMED,LAB-CONFIRM-81033,LC-MS/MS (Liquid Chromatography-Tandem Mass Spectrometry),Fentanyl HCl (Trace / Weak Response),11.8,Dimethylsulfone (18.4%),TRUE_POSITIVE,TRAIN_SET
FS-2026-01035,2026-06-16T02:11:00Z,OP-FORENSIC-123,Customs_Evidence_Unit,Crystalline Powder,Simon's Reagent (Sodium Nitroprusside/Acetaldehyde),LOT-2026-SIMN-230,564,23.3,PASS,1.796,93.42,-0.95,2.23,92.5,0.32,2.49,91.57,-0.31,1.82,91.83,-0.22,2.76,1.828,0.0305,FieldSure-Narcotics-v2.1,0.951,NEG_NO_REACTION,VALIDATED_LAB_CONFIRMED,LAB-CONFIRM-81034,GC-MS (Gas Chromatography-Mass Spectrometry),Heroin Hydrochloride,74.17,Caffeine (14.5%),TRUE_POSITIVE,TRAIN_SET
FS-2026-01036,2026-06-16T07:51:00Z,OP-FORENSIC-120,Customs_Evidence_Unit,Off-White Powder,Scott Reagent (Cobalt Thiocyanate Phase),LOT-2026-SCOT-906,564,25.3,PASS,1.042,89.79,-0.67,2.41,76.72,4.6,-1.61,65.05,10.24,-4.21,58.7,14.17,-6.77,35.652,0.5942,FieldSure-Narcotics-v2.1,0.975,FALSE_POS_LOCAL_ANESTHETIC,VALIDATED_LAB_CONFIRMED,LAB-CONFIRM-81035,LC-MS/MS (Liquid Chromatography-Tandem Mass Spectrometry),Procaine / Benzocaine (Local Anesthetic),0.0,N/A (Inert Sample),TRUE_POSITIVE,TRAIN_SET
FS-2026-01037,2026-06-16T09:10:00Z,OP-FORENSIC-116,District_Lab_North,Off-White Powder,Ehrlich Reagent (p-DMAB/HCl),LOT-2026-EHRL-600,564,19.8,FAIL_GLARE,12.112,88.07,-1.3,3.42,,,,,,,,,,,,FieldSure-Narcotics-v2.1,0.134,ABSTAIN_FAIL_GLARE,UNVALIDATED_QC_ABSTAIN,LAB-CONFIRM-81036,GC-MS (Gas Chromatography-Mass Spectrometry),Fentanyl HCl (Trace / Weak Response),17.51,Dimethylsulfone (18.4%),ABSTAINED_NO_PREDICTION,TRAIN_SET
FS-2026-01038,2026-06-16T10:12:00Z,OP-FORENSIC-104,District_Lab_North,Off-White Powder,Mandelin Reagent (Ammonium Vanadate/Sulfuric Acid),LOT-2026-MAND-752,564,21.2,PASS,0.69,87.98,-0.82,3.65,85.83,-0.62,3.5,83.73,0.23,4.94,83.91,0.2,4.76,4.34,0.0723,FieldSure-Narcotics-v2.1,0.944,NEG_NO_REACTION,VALIDATED_LAB_CONFIRMED,LAB-CONFIRM-81037,GC-MS (Gas Chromatography-Mass Spectrometry),LSD (Lysergic Acid Diethylamide),37.85,None (High Purity Grade),TRUE_POSITIVE,TRAIN_SET
FS-2026-01039,2026-06-16T12:09:00Z,OP-FORENSIC-113,Metropolitan_Task_Force,Crystalline Powder,Mandelin Reagent (Ammonium Vanadate/Sulfuric Acid),LOT-2026-MAND-635,2363,26.6,PASS,0.871,95.31,2.34,5.4,95.59,1.4,6.65,94.47,1.98,6.88,94.48,0.84,7.09,2.407,0.0401,FieldSure-Narcotics-v2.1,0.977,NEG_NO_REACTION,VALIDATED_LAB_CONFIRMED,LAB-CONFIRM-81038,GC-MS (Gas Chromatography-Mass Spectrometry),Methamphetamine HCl,65.47,Caffeine (14.5%),TRUE_POSITIVE,TRAIN_SET
FS-2026-01040,2026-06-16T16:12:00Z,OP-FORENSIC-111,State_Forensic_Field_Team,Crystalline Powder,Scott Reagent (Cobalt Thiocyanate Phase),LOT-2026-SCOT-669,2363,24.4,PASS,1.771,89.68,0.28,5.01,90.63,-0.51,6.51,88.37,0.61,7.07,87.84,-0.78,7.92,3.602,0.06,FieldSure-Narcotics-v2.1,0.918,NEG_NO_REACTION,VALIDATED_LAB_CONFIRMED,LAB-CONFIRM-81039,GC-MS (Gas Chromatography-Mass Spectrometry),Delta-9-THC,38.55,None (High Purity Grade),TRUE_POSITIVE,TRAIN_SET
FS-2026-01041,2026-06-16T16:44:00Z,OP-FORENSIC-109,Customs_Evidence_Unit,Tar/Sticky Resin,Mandelin Reagent (Ammonium Vanadate/Sulfuric Acid),LOT-2026-MAND-959,564,20.7,PASS,1.606,94.96,1.62,4.77,94.82,2.56,4.84,94.97,2.39,5.01,94.04,2.48,6.46,2.108,0.0351,FieldSure-Narcotics-v2.1,0.951,NEG_NO_REACTION,VALIDATED_LAB_CONFIRMED,LAB-CONFIRM-81040,LC-MS/MS (Liquid Chromatography-Tandem Mass Spectrometry),Heroin Hydrochloride,83.09,Levamisole (8.2%),TRUE_POSITIVE,TRAIN_SET
FS-2026-01042,2026-06-16T19:41:00Z,OP-FORENSIC-121,Metropolitan_Task_Force,Crystalline Powder,Ehrlich Reagent (p-DMAB/HCl),LOT-2026-EHRL-689,564,26.4,PASS,0.6,88.96,1.49,5.96,87.34,0.5,6.9,88.79,0.57,6.27,88.23,0.03,6.77,1.822,0.0304,FieldSure-Narcotics-v2.1,0.923,NEG_NO_REACTION,VALIDATED_LAB_CONFIRMED,LAB-CONFIRM-81041,GC-MS (Gas Chromatography-Mass Spectrometry),Inert Cutting Agent (Lactose/Caffeine),0.0,N/A (Inert Sample),TRUE_NEGATIVE,TRAIN_SET
FS-2026-01043,2026-06-16T22:12:00Z,OP-FORENSIC-114,State_Forensic_Field_Team,Crystalline Powder,Mandelin Reagent (Ammonium Vanadate/Sulfuric Acid),LOT-2026-MAND-224,2363,25.2,PASS,1.65,86.12,2.31,1.78,84.63,2.24,2.81,83.86,1.78,4.22,84.36,2.06,4.34,3.117,0.052,FieldSure-Narcotics-v2.1,0.989,NEG_NO_REACTION,VALIDATED_LAB_CONFIRMED,LAB-CONFIRM-81042,GC-MS (Gas Chromatography-Mass Spectrometry),Procaine / Benzocaine (Local Anesthetic),0.0,N/A (Inert Sample),TRUE_NEGATIVE,TRAIN_SET
FS-2026-01044,2026-06-17T00:26:00Z,OP-FORENSIC-124,Border_Control_Post_3,Crystalline Powder,Duquenois-Levine Reagent (Vanillin/Acetaldehyde),LOT-2026-DUQN-859,564,23.3,PASS,0.88,89.68,0.27,2.35,90.35,0.37,2.67,89.33,0.77,2.72,88.76,1.65,2.98,1.774,0.0296,FieldSure-Narcotics-v2.1,0.983,NEG_NO_REACTION,VALIDATED_LAB_CONFIRMED,LAB-CONFIRM-81043,GC-MS (Gas Chromatography-Mass Spectrometry),Fentanyl HCl (Trace / Weak Response),12.87,None (High Purity Grade),TRUE_POSITIVE,TRAIN_SET
FS-2026-01045,2026-06-17T00:44:00Z,OP-FORENSIC-115,District_Lab_North,Crystalline Powder,Mecke Reagent (Selenious Acid/Sulfuric Acid),LOT-2026-MECK-616,7589,17.3,PASS,0.604,89.02,0.16,4.21,89.26,0.05,4.8,89.27,0.33,6.2,88.3,0.96,5.58,1.742,0.029,FieldSure-Narcotics-v2.1,0.923,NEG_NO_REACTION,VALIDATED_LAB_CONFIRMED,LAB-CONFIRM-81044,LC-MS/MS (Liquid Chromatography-Tandem Mass Spectrometry),Heroin Hydrochloride,42.29,Phenacetin (11.0%),TRUE_POSITIVE,TRAIN_SET
FS-2026-01046,2026-06-17T03:56:00Z,OP-FORENSIC-113,Border_Control_Post_3,Paper Blotter Segment,Duquenois-Levine Reagent (Vanillin/Acetaldehyde),LOT-2026-DUQN-973,2363,24.4,PASS,0.926,92.67,0.73,2.26,90.23,1.46,2.31,90.04,1.43,2.33,88.79,0.28,2.64,3.924,0.0654,FieldSure-Narcotics-v2.1,0.98,NEG_NO_REACTION,VALIDATED_LAB_CONFIRMED,LAB-CONFIRM-81045,GC-MS (Gas Chromatography-Mass Spectrometry),Heroin Hydrochloride,65.28,Lactose / Starch,TRUE_POSITIVE,TRAIN_SET
FS-2026-01047,2026-06-17T12:04:00Z,OP-FORENSIC-102,Customs_Evidence_Unit,Plant Matter Extract,Duquenois-Levine Reagent (Vanillin/Acetaldehyde),LOT-2026-DUQN-160,2363,18.3,PASS,1.507,89.09,2.41,5.07,87.57,1.7,4.02,87.3,0.91,5.99,87.16,0.78,5.35,2.542,0.0424,FieldSure-Narcotics-v2.1,0.979,NEG_NO_REACTION,VALIDATED_LAB_CONFIRMED,LAB-CONFIRM-81046,LC-MS/MS (Liquid Chromatography-Tandem Mass Spectrometry),Procaine / Benzocaine (Local Anesthetic),0.0,N/A (Inert Sample),TRUE_NEGATIVE,TRAIN_SET
FS-2026-01048,2026-06-17T12:27:00Z,OP-FORENSIC-113,State_Forensic_Field_Team,Crystalline Powder,Duquenois-Levine Reagent (Vanillin/Acetaldehyde),LOT-2026-DUQN-985,564,22.3,FAIL_EXPOSURE,7.94,94.7,0.34,3.96,,,,,,,,,,,,FieldSure-Narcotics-v2.1,0.144,ABSTAIN_FAIL_EXPOSURE,UNVALIDATED_QC_ABSTAIN,LAB-CONFIRM-81047,GC-MS (Gas Chromatography-Mass Spectrometry),Delta-9-THC,44.46,Phenacetin (11.0%),ABSTAINED_NO_PREDICTION,TRAIN_SET
FS-2026-01049,2026-06-17T13:38:00Z,OP-FORENSIC-103,Customs_Evidence_Unit,Pressed Tablet (Crushed),Duquenois-Levine Reagent (Vanillin/Acetaldehyde),LOT-2026-DUQN-609,7589,27.1,PASS,0.456,93.24,-0.45,4.15,80.63,9.62,8.66,72.09,19.05,9.42,67.69,23.84,11.48,36.007,0.6001,FieldSure-Narcotics-v2.1,0.912,POS_CANNABINOID_THC,VALIDATED_LAB_CONFIRMED,LAB-CONFIRM-81048,LC-MS/MS (Liquid Chromatography-Tandem Mass Spectrometry),Delta-9-THC,50.6,Dimethylsulfone (18.4%),TRUE_POSITIVE,TRAIN_SET
FS-2026-01050,2026-06-17T15:55:00Z,OP-FORENSIC-113,Metropolitan_Task_Force,Pressed Tablet (Crushed),Marquis Reagent (Formaldehyde/Sulfuric Acid),LOT-2026-MARQ-960,564,23.3,PASS,0.488,87.1,-0.04,5.25,72.85,17.05,9.62,62.06,32.68,12.77,56.6,40.66,15.86,51.955,0.8659,FieldSure-Narcotics-v2.1,0.97,POS_OPIATE_HEROIN,VALIDATED_LAB_CONFIRMED,LAB-CONFIRM-81049,GC-MS (Gas Chromatography-Mass Spectrometry),Heroin Hydrochloride,77.32,Caffeine (14.5%),TRUE_POSITIVE,TRAIN_SET
FS-2026-01051,2026-06-17T17:10:00Z,OP-FORENSIC-124,Border_Control_Post_3,Liquid Solution (Diluted),Scott Reagent (Cobalt Thiocyanate Phase),LOT-2026-SCOT-988,2363,19.3,PASS,1.46,91.96,0.56,2.61,91.17,-0.65,2.95,91.07,-0.63,2.34,89.69,-1.6,2.19,3.161,0.0527,FieldSure-Narcotics-v2.1,0.915,NEG_NO_REACTION,VALIDATED_LAB_CONFIRMED,LAB-CONFIRM-81050,GC-MS (Gas Chromatography-Mass Spectrometry),Heroin Hydrochloride,61.4,Lactose / Starch,TRUE_POSITIVE,TRAIN_SET
FS-2026-01052,2026-06-18T02:45:00Z,OP-FORENSIC-111,Metropolitan_Task_Force,Pressed Tablet (Crushed),Mecke Reagent (Selenious Acid/Sulfuric Acid),LOT-2026-MECK-627,564,32.1,PASS,0.948,90.44,0.18,3.34,87.86,-1.16,4.63,88.02,-1.05,5.48,86.69,-0.87,5.93,4.677,0.0779,FieldSure-Narcotics-v2.1,0.976,NEG_NO_REACTION,VALIDATED_LAB_CONFIRMED,LAB-CONFIRM-81051,GC-MS (Gas Chromatography-Mass Spectrometry),Methamphetamine HCl,73.73,Phenacetin (11.0%),TRUE_POSITIVE,TRAIN_SET
FS-2026-01053,2026-06-18T03:39:00Z,OP-FORENSIC-123,Border_Control_Post_3,Crystalline Powder,Mecke Reagent (Selenious Acid/Sulfuric Acid),LOT-2026-MECK-181,2363,25.6,PASS,1.813,88.9,1.36,5.75,88.55,1.81,6.47,88.58,2.28,7.33,88.53,1.72,6.75,1.125,0.0188,FieldSure-Narcotics-v2.1,0.898,NEG_NO_REACTION,VALIDATED_LAB_CONFIRMED,LAB-CONFIRM-81052,GC-MS (Gas Chromatography-Mass Spectrometry),LSD (Lysergic Acid Diethylamide),55.37,Levamisole (8.2%),TRUE_POSITIVE,TRAIN_SET
FS-2026-01054,2026-06-18T15:30:00Z,OP-FORENSIC-121,Metropolitan_Task_Force,Off-White Powder,Simon's Reagent (Sodium Nitroprusside/Acetaldehyde),LOT-2026-SIMN-356,564,33.7,PASS,1.075,87.3,2.34,1.18,86.64,2.33,0.76,84.69,1.87,2.03,83.55,2.01,1.96,3.844,0.0641,FieldSure-Narcotics-v2.1,0.927,NEG_NO_REACTION,VALIDATED_LAB_CONFIRMED,LAB-CONFIRM-81053,GC-MS (Gas Chromatography-Mass Spectrometry),LSD (Lysergic Acid Diethylamide),16.44,Lactose / Starch,TRUE_POSITIVE,TRAIN_SET
FS-2026-01055,2026-06-18T16:49:00Z,OP-FORENSIC-117,State_Forensic_Field_Team,Crystalline Powder,Marquis Reagent (Formaldehyde/Sulfuric Acid),LOT-2026-MARQ-732,7589,33.3,PASS,1.671,89.0,-0.44,2.11,71.56,9.93,17.32,57.91,19.79,29.69,50.17,23.8,35.3,56.541,0.9424,FieldSure-Narcotics-v2.1,0.967,POS_OPIATE_HEROIN,VALIDATED_LAB_CONFIRMED,LAB-CONFIRM-81054,GC-MS (Gas Chromatography-Mass Spectrometry),Heroin Hydrochloride,41.41,Levamisole (8.2%),TRUE_POSITIVE,TRAIN_SET
FS-2026-01056,2026-06-18T17:59:00Z,OP-FORENSIC-117,Border_Control_Post_3,Crystalline Powder,Duquenois-Levine Reagent (Vanillin/Acetaldehyde),LOT-2026-DUQN-422,2363,28.5,FAIL_GLARE,12.003,93.29,-0.74,5.47,,,,,,,,,,,,FieldSure-Narcotics-v2.1,0.27,ABSTAIN_FAIL_GLARE,UNVALIDATED_QC_ABSTAIN,LAB-CONFIRM-81055,GC-MS (Gas Chromatography-Mass Spectrometry),Cocaine Hydrochloride,87.01,Dimethylsulfone (18.4%),ABSTAINED_NO_PREDICTION,TRAIN_SET
FS-2026-01057,2026-06-18T22:38:00Z,OP-FORENSIC-101,Customs_Evidence_Unit,Off-White Powder,Mecke Reagent (Selenious Acid/Sulfuric Acid),LOT-2026-MECK-933,2363,29.2,FAIL_EXPOSURE,9.108,88.79,1.2,1.52,,,,,,,,,,,,FieldSure-Narcotics-v2.1,0.117,ABSTAIN_FAIL_EXPOSURE,UNVALIDATED_QC_ABSTAIN,LAB-CONFIRM-81056,GC-MS (Gas Chromatography-Mass Spectrometry),Methamphetamine HCl,79.27,Phenacetin (11.0%),ABSTAINED_NO_PREDICTION,TRAIN_SET
FS-2026-01058,2026-06-19T03:33:00Z,OP-FORENSIC-104,Border_Control_Post_3,Tar/Sticky Resin,Ehrlich Reagent (p-DMAB/HCl),LOT-2026-EHRL-837,2363,29.4,PASS,1.367,89.36,0.14,5.37,73.08,-5.09,22.75,58.36,-8.86,37.16,51.18,-10.28,45.45,56.327,0.9388,FieldSure-Narcotics-v2.1,0.908,POS_INDOLE_LSD,VALIDATED_LAB_CONFIRMED,LAB-CONFIRM-81057,LC-MS/MS (Liquid Chromatography-Tandem Mass Spectrometry),LSD (Lysergic Acid Diethylamide),58.65,None (High Purity Grade),TRUE_POSITIVE,TRAIN_SET
FS-2026-01059,2026-06-19T04:14:00Z,OP-FORENSIC-100,State_Forensic_Field_Team,Pressed Tablet (Crushed),Simon's Reagent (Sodium Nitroprusside/Acetaldehyde),LOT-2026-SIMN-726,2363,22.0,PASS,1.103,93.82,-0.33,2.24,94.45,-1.63,2.51,91.56,-2.29,1.86,91.77,-1.89,2.0,2.587,0.0431,FieldSure-Narcotics-v2.1,0.918,NEG_NO_REACTION,VALIDATED_LAB_CONFIRMED,LAB-CONFIRM-81058,GC-MS (Gas Chromatography-Mass Spectrometry),Cocaine Hydrochloride,83.29,Phenacetin (11.0%),TRUE_POSITIVE,TRAIN_SET
FS-2026-01060,2026-06-19T04:52:00Z,OP-FORENSIC-104,Metropolitan_Task_Force,Crystalline Powder,Mandelin Reagent (Ammonium Vanadate/Sulfuric Acid),LOT-2026-MAND-313,2363,30.7,PASS,1.665,89.96,-1.24,3.08,88.7,-0.57,3.63,88.82,-0.02,2.24,89.96,-0.15,2.02,1.52,0.0253,FieldSure-Narcotics-v2.1,0.969,NEG_NO_REACTION,VALIDATED_LAB_CONFIRMED,LAB-CONFIRM-81059,FTIR (Fourier Transform Infrared Spectroscopy),Procaine / Benzocaine (Local Anesthetic),0.0,N/A (Inert Sample),TRUE_NEGATIVE,TRAIN_SET
FS-2026-01061,2026-06-19T06:55:00Z,OP-FORENSIC-105,District_Lab_North,Crystalline Powder,Marquis Reagent (Formaldehyde/Sulfuric Acid),LOT-2026-MARQ-146,2363,20.7,PASS,1.618,91.0,1.02,4.21,91.35,2.02,5.67,91.23,1.42,5.91,90.72,1.86,6.89,2.822,0.047,FieldSure-Narcotics-v2.1,0.981,NEG_NO_REACTION,VALIDATED_LAB_CONFIRMED,LAB-CONFIRM-81060,GC-MS (Gas Chromatography-Mass Spectrometry),Cocaine Hydrochloride,83.45,Lactose / Starch,TRUE_POSITIVE,TRAIN_SET
FS-2026-01062,2026-06-19T08:35:00Z,OP-FORENSIC-117,Border_Control_Post_3,Off-White Powder,Ehrlich Reagent (p-DMAB/HCl),LOT-2026-EHRL-536,564,28.5,PASS,1.693,87.55,-0.31,4.87,88.34,-0.18,4.46,86.0,-1.07,3.54,85.43,0.47,3.19,2.815,0.0469,FieldSure-Narcotics-v2.1,0.918,NEG_NO_REACTION,VALIDATED_LAB_CONFIRMED,LAB-CONFIRM-81061,LC-MS/MS (Liquid Chromatography-Tandem Mass Spectrometry),Methamphetamine HCl,65.88,Lactose / Starch,TRUE_POSITIVE,TRAIN_SET
FS-2026-01063,2026-06-19T09:51:00Z,OP-FORENSIC-120,Metropolitan_Task_Force,Paper Blotter Segment,Ehrlich Reagent (p-DMAB/HCl),LOT-2026-EHRL-964,2363,24.7,PASS,1.611,94.96,0.96,5.7,95.12,1.54,6.09,93.08,1.49,7.43,92.41,1.7,6.36,2.736,0.0456,FieldSure-Narcotics-v2.1,0.916,NEG_NO_REACTION,VALIDATED_LAB_CONFIRMED,LAB-CONFIRM-81062,FTIR (Fourier Transform Infrared Spectroscopy),Cocaine Hydrochloride,79.53,Levamisole (8.2%),TRUE_POSITIVE,TRAIN_SET
FS-2026-01064,2026-06-19T11:54:00Z,OP-FORENSIC-104,State_Forensic_Field_Team,Crystalline Powder,Duquenois-Levine Reagent (Vanillin/Acetaldehyde),LOT-2026-DUQN-868,2363,23.0,FAIL_EXPOSURE,4.944,88.22,-1.35,3.56,,,,,,,,,,,,FieldSure-Narcotics-v2.1,0.222,ABSTAIN_FAIL_EXPOSURE,UNVALIDATED_QC_ABSTAIN,LAB-CONFIRM-81063,GC-MS (Gas Chromatography-Mass Spectrometry),LSD (Lysergic Acid Diethylamide),22.51,None (High Purity Grade),ABSTAINED_NO_PREDICTION,TRAIN_SET
FS-2026-01065,2026-06-19T13:15:00Z,OP-FORENSIC-102,Customs_Evidence_Unit,Off-White Powder,Duquenois-Levine Reagent (Vanillin/Acetaldehyde),LOT-2026-DUQN-253,564,25.1,PASS,1.065,89.07,0.49,3.84,88.3,1.06,5.89,88.87,1.21,3.71,88.94,1.57,4.82,1.464,0.0244,FieldSure-Narcotics-v2.1,0.964,NEG_NO_REACTION,VALIDATED_LAB_CONFIRMED,LAB-CONFIRM-81064,GC-MS (Gas Chromatography-Mass Spectrometry),LSD (Lysergic Acid Diethylamide),15.03,Phenacetin (11.0%),TRUE_POSITIVE,TRAIN_SET
FS-2026-01066,2026-06-19T18:43:00Z,OP-FORENSIC-118,State_Forensic_Field_Team,Crystalline Powder,Simon's Reagent (Sodium Nitroprusside/Acetaldehyde),LOT-2026-SIMN-279,564,23.1,PASS,1.191,95.47,0.38,4.24,95.29,-0.47,3.13,96.36,1.88,4.68,95.16,1.66,3.91,1.358,0.0226,FieldSure-Narcotics-v2.1,0.949,NEG_NO_REACTION,VALIDATED_LAB_CONFIRMED,LAB-CONFIRM-81065,GC-MS (Gas Chromatography-Mass Spectrometry),Cocaine Hydrochloride,78.1,None (High Purity Grade),TRUE_POSITIVE,TRAIN_SET
FS-2026-01067,2026-06-19T19:07:00Z,OP-FORENSIC-107,State_Forensic_Field_Team,Crystalline Powder,Simon's Reagent (Sodium Nitroprusside/Acetaldehyde),LOT-2026-SIMN-740,564,26.5,PASS,1.304,93.86,-1.42,2.54,93.51,-0.47,3.32,91.48,-0.17,3.24,92.3,-0.58,4.1,2.361,0.0394,FieldSure-Narcotics-v2.1,0.982,NEG_NO_REACTION,VALIDATED_LAB_CONFIRMED,LAB-CONFIRM-81066,GC-MS (Gas Chromatography-Mass Spectrometry),Cocaine Hydrochloride,94.22,Dimethylsulfone (18.4%),TRUE_POSITIVE,TRAIN_SET
FS-2026-01068,2026-06-19T20:46:00Z,OP-FORENSIC-107,District_Lab_North,Tar/Sticky Resin,Ehrlich Reagent (p-DMAB/HCl),LOT-2026-EHRL-795,2363,27.0,PASS,1.522,89.27,1.35,5.51,89.4,0.19,6.32,90.18,1.48,4.61,90.02,1.21,5.5,0.763,0.0127,FieldSure-Narcotics-v2.1,0.945,NEG_NO_REACTION,VALIDATED_LAB_CONFIRMED,LAB-CONFIRM-81067,GC-MS (Gas Chromatography-Mass Spectrometry),"3,4-MDMA (Ecstasy)",56.06,None (High Purity Grade),TRUE_POSITIVE,TRAIN_SET
FS-2026-01069,2026-06-19T21:51:00Z,OP-FORENSIC-112,District_Lab_North,Crystalline Powder,Simon's Reagent (Sodium Nitroprusside/Acetaldehyde),LOT-2026-SIMN-478,564,28.0,PASS,1.555,90.97,0.37,1.97,90.62,-1.88,2.33,90.14,0.94,3.95,89.48,0.84,3.62,2.272,0.0379,FieldSure-Narcotics-v2.1,0.911,NEG_NO_REACTION,VALIDATED_LAB_CONFIRMED,LAB-CONFIRM-81068,GC-MS (Gas Chromatography-Mass Spectrometry),Procaine / Benzocaine (Local Anesthetic),0.0,N/A (Inert Sample),TRUE_NEGATIVE,TRAIN_SET
FS-2026-01070,2026-06-19T23:13:00Z,OP-FORENSIC-112,Customs_Evidence_Unit,Paper Blotter Segment,Scott Reagent (Cobalt Thiocyanate Phase),LOT-2026-SCOT-204,2363,25.4,PASS,1.715,93.55,2.45,1.14,71.17,2.7,-7.34,52.48,-0.05,-13.96,42.33,0.13,-17.29,54.484,0.9081,FieldSure-Narcotics-v2.1,0.989,FALSE_POS_LOCAL_ANESTHETIC,VALIDATED_LAB_CONFIRMED,LAB-CONFIRM-81069,LC-MS/MS (Liquid Chromatography-Tandem Mass Spectrometry),Procaine / Benzocaine (Local Anesthetic),0.0,N/A (Inert Sample),TRUE_POSITIVE,TRAIN_SET
FS-2026-01071,2026-06-19T23:19:00Z,OP-FORENSIC-118,State_Forensic_Field_Team,Pressed Tablet (Crushed),Mecke Reagent (Selenious Acid/Sulfuric Acid),LOT-2026-MECK-793,2363,23.1,FAIL_GEOMETRY,12.312,89.45,1.14,1.65,,,,,,,,,,,,FieldSure-Narcotics-v2.1,0.153,ABSTAIN_FAIL_GEOMETRY,UNVALIDATED_QC_ABSTAIN,LAB-CONFIRM-81070,GC-MS (Gas Chromatography-Mass Spectrometry),"3,4-MDMA (Ecstasy)",83.42,Phenacetin (11.0%),ABSTAINED_NO_PREDICTION,TRAIN_SET
FS-2026-01072,2026-06-20T07:59:00Z,OP-FORENSIC-104,Metropolitan_Task_Force,Liquid Solution (Diluted),Duquenois-Levine Reagent (Vanillin/Acetaldehyde),LOT-2026-DUQN-905,2363,25.9,FAIL_GEOMETRY,12.485,86.0,-1.32,5.02,,,,,,,,,,,,FieldSure-Narcotics-v2.1,0.118,ABSTAIN_FAIL_GEOMETRY,UNVALIDATED_QC_ABSTAIN,LAB-CONFIRM-81071,FTIR (Fourier Transform Infrared Spectroscopy),Heroin Hydrochloride,61.06,Caffeine (14.5%),ABSTAINED_NO_PREDICTION,TRAIN_SET
FS-2026-01073,2026-06-20T17:31:00Z,OP-FORENSIC-105,Customs_Evidence_Unit,Liquid Solution (Diluted),Scott Reagent (Cobalt Thiocyanate Phase),LOT-2026-SCOT-328,564,23.4,PASS,0.757,86.27,1.22,5.82,86.6,0.27,6.09,86.82,1.46,7.01,86.09,1.63,6.41,0.741,0.0124,FieldSure-Narcotics-v2.1,0.944,NEG_NO_REACTION,VALIDATED_LAB_CONFIRMED,LAB-CONFIRM-81072,GC-MS (Gas Chromatography-Mass Spectrometry),Fentanyl HCl (Trace / Weak Response),15.19,Levamisole (8.2%),TRUE_POSITIVE,TRAIN_SET
FS-2026-01074,2026-06-20T21:55:00Z,OP-FORENSIC-102,Customs_Evidence_Unit,Pressed Tablet (Crushed),Mandelin Reagent (Ammonium Vanadate/Sulfuric Acid),LOT-2026-MAND-649,2363,22.6,PASS,0.921,88.46,1.85,4.1,87.76,2.86,4.17,87.21,1.82,4.79,86.33,2.26,4.38,2.187,0.0364,FieldSure-Narcotics-v2.1,0.914,NEG_NO_REACTION,VALIDATED_LAB_CONFIRMED,LAB-CONFIRM-81073,GC-MS (Gas Chromatography-Mass Spectrometry),Heroin Hydrochloride,62.42,Lactose / Starch,TRUE_POSITIVE,TRAIN_SET
FS-2026-01075,2026-06-20T22:20:00Z,OP-FORENSIC-117,Border_Control_Post_3,Pressed Tablet (Crushed),Mecke Reagent (Selenious Acid/Sulfuric Acid),LOT-2026-MECK-769,564,22.2,PASS,1.099,86.17,1.67,3.97,85.24,2.8,4.39,85.03,2.63,3.53,83.64,3.05,3.94,2.882,0.048,FieldSure-Narcotics-v2.1,0.922,NEG_NO_REACTION,VALIDATED_LAB_CONFIRMED,LAB-CONFIRM-81074,GC-MS (Gas Chromatography-Mass Spectrometry),Cocaine Hydrochloride,84.35,Levamisole (8.2%),TRUE_POSITIVE,TRAIN_SET
FS-2026-01076,2026-06-21T05:13:00Z,OP-FORENSIC-121,District_Lab_North,Tar/Sticky Resin,Mandelin Reagent (Ammonium Vanadate/Sulfuric Acid),LOT-2026-MAND-331,564,28.7,FAIL_GLARE,6.34,88.51,0.95,1.0,,,,,,,,,,,,FieldSure-Narcotics-v2.1,0.203,ABSTAIN_FAIL_GLARE,UNVALIDATED_QC_ABSTAIN,LAB-CONFIRM-81075,GC-MS (Gas Chromatography-Mass Spectrometry),Heroin Hydrochloride,45.66,Dimethylsulfone (18.4%),ABSTAINED_NO_PREDICTION,TRAIN_SET
FS-2026-01077,2026-06-21T06:52:00Z,OP-FORENSIC-122,Customs_Evidence_Unit,Liquid Solution (Diluted),Mecke Reagent (Selenious Acid/Sulfuric Acid),LOT-2026-MECK-151,564,14.7,PASS,1.161,88.76,1.13,1.77,86.87,1.16,3.86,87.38,1.74,2.85,87.33,1.71,4.23,2.904,0.0484,FieldSure-Narcotics-v2.1,0.947,NEG_NO_REACTION,VALIDATED_LAB_CONFIRMED,LAB-CONFIRM-81076,GC-MS (Gas Chromatography-Mass Spectrometry),"3,4-MDMA (Ecstasy)",72.15,None (High Purity Grade),TRUE_POSITIVE,TRAIN_SET
FS-2026-01078,2026-06-21T11:52:00Z,OP-FORENSIC-120,District_Lab_North,Pressed Tablet (Crushed),Marquis Reagent (Formaldehyde/Sulfuric Acid),LOT-2026-MARQ-308,2363,19.1,FAIL_GEOMETRY,5.788,89.44,1.44,3.32,,,,,,,,,,,,FieldSure-Narcotics-v2.1,0.126,ABSTAIN_FAIL_GEOMETRY,UNVALIDATED_QC_ABSTAIN,LAB-CONFIRM-81077,LC-MS/MS (Liquid Chromatography-Tandem Mass Spectrometry),Procaine / Benzocaine (Local Anesthetic),0.0,N/A (Inert Sample),ABSTAINED_NO_PREDICTION,TRAIN_SET
FS-2026-01079,2026-06-21T12:32:00Z,OP-FORENSIC-108,Border_Control_Post_3,Crystalline Powder,Mandelin Reagent (Ammonium Vanadate/Sulfuric Acid),LOT-2026-MAND-691,564,25.4,PASS,1.705,88.42,2.43,5.8,88.36,2.14,5.37,87.98,1.54,4.83,87.77,1.79,5.38,1.004,0.0167,FieldSure-Narcotics-v2.1,0.901,NEG_NO_REACTION,VALIDATED_LAB_CONFIRMED,LAB-CONFIRM-81078,GC-MS (Gas Chromatography-Mass Spectrometry),Methamphetamine HCl,80.59,Levamisole (8.2%),TRUE_POSITIVE,TRAIN_SET
FS-2026-01080,2026-06-21T13:38:00Z,OP-FORENSIC-111,Customs_Evidence_Unit,Tar/Sticky Resin,Mecke Reagent (Selenious Acid/Sulfuric Acid),LOT-2026-MECK-701,564,20.1,PASS,1.726,88.66,1.68,3.74,87.04,0.81,4.32,85.58,1.22,3.56,85.08,1.41,4.04,3.603,0.0601,FieldSure-Narcotics-v2.1,0.973,NEG_NO_REACTION,VALIDATED_LAB_CONFIRMED,LAB-CONFIRM-81079,GC-MS (Gas Chromatography-Mass Spectrometry),Cocaine Hydrochloride,92.93,Levamisole (8.2%),TRUE_POSITIVE,TRAIN_SET
FS-2026-01081,2026-06-21T16:19:00Z,OP-FORENSIC-114,District_Lab_North,Crystalline Powder,Ehrlich Reagent (p-DMAB/HCl),LOT-2026-EHRL-915,564,25.6,PASS,0.457,89.95,2.45,4.42,89.39,0.3,4.98,89.87,0.71,6.15,89.21,1.01,6.29,2.473,0.0412,FieldSure-Narcotics-v2.1,0.964,NEG_NO_REACTION,VALIDATED_LAB_CONFIRMED,LAB-CONFIRM-81080,LC-MS/MS (Liquid Chromatography-Tandem Mass Spectrometry),Methamphetamine HCl,81.94,Caffeine (14.5%),TRUE_POSITIVE,TRAIN_SET
FS-2026-01082,2026-06-21T17:42:00Z,OP-FORENSIC-113,District_Lab_North,Crystalline Powder,Mecke Reagent (Selenious Acid/Sulfuric Acid),LOT-2026-MECK-431,7589,27.2,PASS,0.593,91.65,-1.23,1.06,89.57,-0.11,1.01,88.54,-0.72,0.74,88.79,-1.07,-0.21,3.133,0.0522,FieldSure-Narcotics-v2.1,0.943,NEG_NO_REACTION,VALIDATED_LAB_CONFIRMED,LAB-CONFIRM-81081,LC-MS/MS (Liquid Chromatography-Tandem Mass Spectrometry),Fentanyl HCl (Trace / Weak Response),17.36,Dimethylsulfone (18.4%),TRUE_POSITIVE,TRAIN_SET
FS-2026-01083,2026-06-21T20:43:00Z,OP-FORENSIC-117,Border_Control_Post_3,Liquid Solution (Diluted),Ehrlich Reagent (p-DMAB/HCl),LOT-2026-EHRL-629,564,24.5,PASS,1.341,86.16,-0.16,2.27,84.45,0.24,2.43,82.9,0.58,2.57,82.91,1.56,5.03,4.598,0.0766,FieldSure-Narcotics-v2.1,0.962,NEG_NO_REACTION,VALIDATED_LAB_CONFIRMED,LAB-CONFIRM-81082,LC-MS/MS (Liquid Chromatography-Tandem Mass Spectrometry),"3,4-MDMA (Ecstasy)",79.81,None (High Purity Grade),TRUE_POSITIVE,TRAIN_SET
FS-2026-01084,2026-06-22T01:51:00Z,OP-FORENSIC-124,State_Forensic_Field_Team,Pressed Tablet (Crushed),Scott Reagent (Cobalt Thiocyanate Phase),LOT-2026-SCOT-834,564,20.2,PASS,1.167,94.11,-1.42,3.8,81.19,-4.36,11.92,70.94,-8.3,19.02,65.6,-9.68,23.01,35.356,0.5893,FieldSure-Narcotics-v2.1,0.951,POS_COCAINE,VALIDATED_LAB_CONFIRMED,LAB-CONFIRM-81083,LC-MS/MS (Liquid Chromatography-Tandem Mass Spectrometry),Cocaine Hydrochloride,94.58,Phenacetin (11.0%),TRUE_POSITIVE,TRAIN_SET
FS-2026-01085,2026-06-22T03:54:00Z,OP-FORENSIC-109,Customs_Evidence_Unit,Crystalline Powder,Simon's Reagent (Sodium Nitroprusside/Acetaldehyde),LOT-2026-SIMN-613,2363,24.4,PASS,1.165,94.25,2.24,4.7,92.59,1.5,4.72,90.78,1.54,5.13,91.0,1.11,5.76,3.6,0.06,FieldSure-Narcotics-v2.1,0.904,NEG_NO_REACTION,VALIDATED_LAB_CONFIRMED,LAB-CONFIRM-81084,GC-MS (Gas Chromatography-Mass Spectrometry),LSD (Lysergic Acid Diethylamide),28.06,Levamisole (8.2%),TRUE_POSITIVE,TRAIN_SET
FS-2026-01086,2026-06-22T04:33:00Z,OP-FORENSIC-123,Metropolitan_Task_Force,Crystalline Powder,Mecke Reagent (Selenious Acid/Sulfuric Acid),LOT-2026-MECK-587,7589,19.9,PASS,1.526,87.05,0.86,1.72,85.86,1.05,1.76,84.51,1.79,2.57,84.56,1.87,1.16,2.745,0.0458,FieldSure-Narcotics-v2.1,0.966,NEG_NO_REACTION,VALIDATED_LAB_CONFIRMED,LAB-CONFIRM-81085,GC-MS (Gas Chromatography-Mass Spectrometry),"3,4-MDMA (Ecstasy)",62.4,Caffeine (14.5%),TRUE_POSITIVE,TRAIN_SET
FS-2026-01087,2026-06-22T04:43:00Z,OP-FORENSIC-101,State_Forensic_Field_Team,Off-White Powder,Ehrlich Reagent (p-DMAB/HCl),LOT-2026-EHRL-497,2363,25.5,PASS,0.496,90.74,1.16,5.94,91.22,0.8,5.88,89.99,-0.14,6.77,89.41,-0.33,7.6,2.597,0.0433,FieldSure-Narcotics-v2.1,0.916,NEG_NO_REACTION,VALIDATED_LAB_CONFIRMED,LAB-CONFIRM-81086,GC-MS (Gas Chromatography-Mass Spectrometry),Procaine / Benzocaine (Local Anesthetic),0.0,N/A (Inert Sample),TRUE_NEGATIVE,TRAIN_SET
FS-2026-01088,2026-06-22T06:24:00Z,OP-FORENSIC-116,State_Forensic_Field_Team,Off-White Powder,Simon's Reagent (Sodium Nitroprusside/Acetaldehyde),LOT-2026-SIMN-323,2363,24.3,PASS,0.446,93.92,-1.4,1.08,92.67,-1.18,1.34,90.82,-0.79,1.8,90.29,-0.89,2.32,3.87,0.0645,FieldSure-Narcotics-v2.1,0.952,NEG_NO_REACTION,VALIDATED_LAB_CONFIRMED,LAB-CONFIRM-81087,GC-MS (Gas Chromatography-Mass Spectrometry),Procaine / Benzocaine (Local Anesthetic),0.0,N/A (Inert Sample),TRUE_NEGATIVE,TRAIN_SET
FS-2026-01089,2026-06-22T07:49:00Z,OP-FORENSIC-109,Border_Control_Post_3,Crystalline Powder,Scott Reagent (Cobalt Thiocyanate Phase),LOT-2026-SCOT-169,2363,18.6,PASS,0.704,86.77,-1.42,3.72,66.84,-6.56,-1.79,50.38,-9.4,-5.72,42.09,-11.3,-8.1,47.261,0.7877,FieldSure-Narcotics-v2.1,0.957,FALSE_POS_LOCAL_ANESTHETIC,VALIDATED_LAB_CONFIRMED,LAB-CONFIRM-81088,LC-MS/MS (Liquid Chromatography-Tandem Mass Spectrometry),Procaine / Benzocaine (Local Anesthetic),0.0,N/A (Inert Sample),TRUE_POSITIVE,TRAIN_SET
FS-2026-01090,2026-06-22T10:22:00Z,OP-FORENSIC-110,Metropolitan_Task_Force,Crystalline Powder,Simon's Reagent (Sodium Nitroprusside/Acetaldehyde),LOT-2026-SIMN-255,2363,16.9,PASS,1.682,93.85,1.54,2.0,93.43,2.3,1.49,92.62,2.09,1.65,92.24,1.93,2.44,1.714,0.0286,FieldSure-Narcotics-v2.1,0.993,NEG_NO_REACTION,VALIDATED_LAB_CONFIRMED,LAB-CONFIRM-81089,LC-MS/MS (Liquid Chromatography-Tandem Mass Spectrometry),LSD (Lysergic Acid Diethylamide),59.04,Levamisole (8.2%),TRUE_POSITIVE,TRAIN_SET
FS-2026-01091,2026-06-22T13:41:00Z,OP-FORENSIC-111,State_Forensic_Field_Team,Crystalline Powder,Marquis Reagent (Formaldehyde/Sulfuric Acid),LOT-2026-MARQ-418,7589,23.9,FAIL_EXPOSURE,6.211,93.06,-1.19,2.1,,,,,,,,,,,,FieldSure-Narcotics-v2.1,0.121,ABSTAIN_FAIL_EXPOSURE,UNVALIDATED_QC_ABSTAIN,LAB-CONFIRM-81090,LC-MS/MS (Liquid Chromatography-Tandem Mass Spectrometry),Fentanyl HCl (Trace / Weak Response),15.63,Levamisole (8.2%),ABSTAINED_NO_PREDICTION,TRAIN_SET
FS-2026-01092,2026-06-22T15:35:00Z,OP-FORENSIC-106,District_Lab_North,Off-White Powder,Scott Reagent (Cobalt Thiocyanate Phase),LOT-2026-SCOT-309,2363,30.5,PASS,0.851,95.29,1.82,3.63,95.39,2.02,3.68,94.21,1.45,3.99,92.97,1.49,4.23,2.419,0.0403,FieldSure-Narcotics-v2.1,0.967,NEG_NO_REACTION,VALIDATED_LAB_CONFIRMED,LAB-CONFIRM-81091,LC-MS/MS (Liquid Chromatography-Tandem Mass Spectrometry),LSD (Lysergic Acid Diethylamide),57.86,Caffeine (14.5%),TRUE_POSITIVE,TRAIN_SET
FS-2026-01093,2026-06-22T15:40:00Z,OP-FORENSIC-111,Customs_Evidence_Unit,Off-White Powder,Duquenois-Levine Reagent (Vanillin/Acetaldehyde),LOT-2026-DUQN-717,564,27.3,PASS,1.743,93.13,0.58,2.42,72.09,17.15,-10.29,55.5,32.91,-20.63,45.51,41.44,-27.69,69.598,1.16,FieldSure-Narcotics-v2.1,0.934,POS_CANNABINOID_THC,VALIDATED_LAB_CONFIRMED,LAB-CONFIRM-81092,GC-MS (Gas Chromatography-Mass Spectrometry),Delta-9-THC,61.87,None (High Purity Grade),TRUE_POSITIVE,TRAIN_SET
FS-2026-01094,2026-06-22T20:20:00Z,OP-FORENSIC-112,State_Forensic_Field_Team,Off-White Powder,Scott Reagent (Cobalt Thiocyanate Phase),LOT-2026-SCOT-267,7589,27.5,PASS,1.439,96.0,1.89,1.08,74.87,0.96,5.1,60.74,2.73,9.57,51.17,2.11,12.25,46.201,0.77,FieldSure-Narcotics-v2.1,0.979,POS_COCAINE,VALIDATED_LAB_CONFIRMED,LAB-CONFIRM-81093,GC-MS (Gas Chromatography-Mass Spectrometry),Cocaine Hydrochloride,75.43,Caffeine (14.5%),TRUE_POSITIVE,TRAIN_SET
FS-2026-01095,2026-06-22T22:27:00Z,OP-FORENSIC-120,State_Forensic_Field_Team,Crystalline Powder,Duquenois-Levine Reagent (Vanillin/Acetaldehyde),LOT-2026-DUQN-786,564,24.7,PASS,0.991,95.35,-1.04,3.97,93.2,-1.33,5.46,92.8,-1.11,6.38,92.39,-1.62,6.23,3.769,0.0628,FieldSure-Narcotics-v2.1,0.917,NEG_NO_REACTION,VALIDATED_LAB_CONFIRMED,LAB-CONFIRM-81094,FTIR (Fourier Transform Infrared Spectroscopy),LSD (Lysergic Acid Diethylamide),53.35,None (High Purity Grade),TRUE_POSITIVE,TRAIN_SET
FS-2026-01096,2026-06-22T23:21:00Z,OP-FORENSIC-101,Metropolitan_Task_Force,Off-White Powder,Mecke Reagent (Selenious Acid/Sulfuric Acid),LOT-2026-MECK-715,2363,25.1,PASS,1.743,88.04,0.34,3.15,87.84,1.13,2.77,86.4,0.59,3.88,88.4,1.51,4.0,1.49,0.0248,FieldSure-Narcotics-v2.1,0.912,NEG_NO_REACTION,VALIDATED_LAB_CONFIRMED,LAB-CONFIRM-81095,GC-MS (Gas Chromatography-Mass Spectrometry),"3,4-MDMA (Ecstasy)",83.54,Phenacetin (11.0%),TRUE_POSITIVE,TRAIN_SET
FS-2026-01097,2026-06-22T23:49:00Z,OP-FORENSIC-104,State_Forensic_Field_Team,Pressed Tablet (Crushed),Scott Reagent (Cobalt Thiocyanate Phase),LOT-2026-SCOT-879,7589,26.0,PASS,1.026,89.82,0.97,4.98,89.37,0.15,5.44,88.51,0.17,6.95,87.7,0.02,7.92,3.747,0.0624,FieldSure-Narcotics-v2.1,0.963,NEG_NO_REACTION,VALIDATED_LAB_CONFIRMED,LAB-CONFIRM-81096,GC-MS (Gas Chromatography-Mass Spectrometry),Methamphetamine HCl,69.16,Levamisole (8.2%),TRUE_POSITIVE,TRAIN_SET
FS-2026-01098,2026-06-23T01:07:00Z,OP-FORENSIC-106,Border_Control_Post_3,Crystalline Powder,Simon's Reagent (Sodium Nitroprusside/Acetaldehyde),LOT-2026-SIMN-832,2363,23.0,PASS,0.617,92.91,2.01,4.63,91.9,2.52,4.3,92.11,1.12,2.8,91.63,2.0,3.97,1.44,0.024,FieldSure-Narcotics-v2.1,0.937,NEG_NO_REACTION,VALIDATED_LAB_CONFIRMED,LAB-CONFIRM-81097,GC-MS (Gas Chromatography-Mass Spectrometry),Heroin Hydrochloride,78.92,None (High Purity Grade),TRUE_POSITIVE,TRAIN_SET
FS-2026-01099,2026-06-23T07:31:00Z,OP-FORENSIC-110,Border_Control_Post_3,Pressed Tablet (Crushed),Ehrlich Reagent (p-DMAB/HCl),LOT-2026-EHRL-991,2363,14.9,PASS,1.644,88.18,1.02,3.62,86.5,0.78,3.5,87.47,1.36,2.85,86.72,0.69,2.74,1.736,0.0289,FieldSure-Narcotics-v2.1,0.949,NEG_NO_REACTION,VALIDATED_LAB_CONFIRMED,LAB-CONFIRM-81098,FTIR (Fourier Transform Infrared Spectroscopy),Cocaine Hydrochloride,77.33,Levamisole (8.2%),TRUE_POSITIVE,TRAIN_SET
FS-2026-01100,2026-06-23T13:19:00Z,OP-FORENSIC-114,District_Lab_North,Off-White Powder,Mecke Reagent (Selenious Acid/Sulfuric Acid),LOT-2026-MECK-953,2363,15.9,PASS,0.723,89.01,0.08,1.66,86.33,-0.4,3.13,85.53,0.69,5.56,84.68,1.28,4.56,5.348,0.0891,FieldSure-Narcotics-v2.1,0.952,NEG_NO_REACTION,VALIDATED_LAB_CONFIRMED,LAB-CONFIRM-81099,LC-MS/MS (Liquid Chromatography-Tandem Mass Spectrometry),Delta-9-THC,60.94,Caffeine (14.5%),TRUE_POSITIVE,TRAIN_SET
FS-2026-01101,2026-06-23T17:10:00Z,OP-FORENSIC-124,Border_Control_Post_3,Off-White Powder,Scott Reagent (Cobalt Thiocyanate Phase),LOT-2026-SCOT-476,564,22.3,FAIL_GLARE,5.433,88.68,-0.03,1.96,,,,,,,,,,,,FieldSure-Narcotics-v2.1,0.228,ABSTAIN_FAIL_GLARE,UNVALIDATED_QC_ABSTAIN,LAB-CONFIRM-81100,GC-MS (Gas Chromatography-Mass Spectrometry),Fentanyl HCl (Trace / Weak Response),5.79,Caffeine (14.5%),ABSTAINED_NO_PREDICTION,TRAIN_SET
FS-2026-01102,2026-06-23T17:40:00Z,OP-FORENSIC-122,Border_Control_Post_3,Crystalline Powder,Marquis Reagent (Formaldehyde/Sulfuric Acid),LOT-2026-MARQ-558,564,21.0,PASS,0.714,88.17,0.52,2.71,69.53,-9.96,9.88,55.66,-18.26,12.69,47.07,-22.51,15.26,48.755,0.8126,FieldSure-Narcotics-v2.1,0.942,POS_OPIATE_HEROIN,VALIDATED_LAB_CONFIRMED,LAB-CONFIRM-81101,GC-MS (Gas Chromatography-Mass Spectrometry),Heroin Hydrochloride,54.14,Lactose / Starch,TRUE_POSITIVE,TRAIN_SET
FS-2026-01103,2026-06-23T18:13:00Z,OP-FORENSIC-102,Customs_Evidence_Unit,Off-White Powder,Simon's Reagent (Sodium Nitroprusside/Acetaldehyde),LOT-2026-SIMN-605,564,25.4,FAIL_EXPOSURE,9.988,88.53,1.09,3.35,,,,,,,,,,,,FieldSure-Narcotics-v2.1,0.137,ABSTAIN_FAIL_EXPOSURE,UNVALIDATED_QC_ABSTAIN,LAB-CONFIRM-81102,LC-MS/MS (Liquid Chromatography-Tandem Mass Spectrometry),Methamphetamine HCl,73.57,Dimethylsulfone (18.4%),ABSTAINED_NO_PREDICTION,TRAIN_SET
FS-2026-01104,2026-06-23T19:39:00Z,OP-FORENSIC-114,Customs_Evidence_Unit,Pressed Tablet (Crushed),Scott Reagent (Cobalt Thiocyanate Phase),LOT-2026-SCOT-417,564,16.6,PASS,0.436,86.08,2.33,4.53,86.62,3.04,5.97,84.45,1.64,6.1,84.54,2.82,5.76,2.031,0.0339,FieldSure-Narcotics-v2.1,0.916,NEG_NO_REACTION,VALIDATED_LAB_CONFIRMED,LAB-CONFIRM-81103,GC-MS (Gas Chromatography-Mass Spectrometry),Fentanyl HCl (Trace / Weak Response),8.32,Phenacetin (11.0%),TRUE_POSITIVE,TRAIN_SET
FS-2026-01105,2026-06-23T22:38:00Z,OP-FORENSIC-118,Metropolitan_Task_Force,Tar/Sticky Resin,Duquenois-Levine Reagent (Vanillin/Acetaldehyde),LOT-2026-DUQN-977,564,21.7,PASS,0.728,92.12,-1.26,4.76,68.37,15.38,13.51,48.15,30.54,20.46,37.37,37.1,23.86,69.526,1.1588,FieldSure-Narcotics-v2.1,0.899,POS_CANNABINOID_THC,VALIDATED_LAB_CONFIRMED,LAB-CONFIRM-81104,GC-MS (Gas Chromatography-Mass Spectrometry),Delta-9-THC,51.75,Caffeine (14.5%),TRUE_POSITIVE,TRAIN_SET
FS-2026-01106,2026-06-24T02:24:00Z,OP-FORENSIC-107,Border_Control_Post_3,Crystalline Powder,Duquenois-Levine Reagent (Vanillin/Acetaldehyde),LOT-2026-DUQN-299,2363,24.5,PASS,1.415,95.89,1.65,2.94,95.46,3.73,4.12,94.52,2.29,4.43,93.72,2.74,3.01,2.429,0.0405,FieldSure-Narcotics-v2.1,0.985,NEG_NO_REACTION,VALIDATED_LAB_CONFIRMED,LAB-CONFIRM-81105,GC-MS (Gas Chromatography-Mass Spectrometry),Inert Cutting Agent (Lactose/Caffeine),0.0,N/A (Inert Sample),TRUE_NEGATIVE,TRAIN_SET
FS-2026-01107,2026-06-24T03:37:00Z,OP-FORENSIC-105,Metropolitan_Task_Force,Off-White Powder,Duquenois-Levine Reagent (Vanillin/Acetaldehyde),LOT-2026-DUQN-194,2363,16.6,PASS,1.735,91.59,-0.78,4.34,90.32,-0.41,4.18,89.49,-0.72,4.15,88.91,-0.91,5.44,2.9,0.0483,FieldSure-Narcotics-v2.1,0.902,NEG_NO_REACTION,VALIDATED_LAB_CONFIRMED,LAB-CONFIRM-81106,LC-MS/MS (Liquid Chromatography-Tandem Mass Spectrometry),Cocaine Hydrochloride,73.39,Caffeine (14.5%),TRUE_POSITIVE,TRAIN_SET
FS-2026-01108,2026-06-24T06:01:00Z,OP-FORENSIC-113,Customs_Evidence_Unit,Crystalline Powder,Scott Reagent (Cobalt Thiocyanate Phase),LOT-2026-SCOT-801,2363,21.8,PASS,0.701,87.13,-0.34,4.77,89.28,-1.16,5.49,87.15,0.09,6.72,86.05,-0.8,6.62,2.191,0.0365,FieldSure-Narcotics-v2.1,0.936,NEG_NO_REACTION,VALIDATED_LAB_CONFIRMED,LAB-CONFIRM-81107,LC-MS/MS (Liquid Chromatography-Tandem Mass Spectrometry),Heroin Hydrochloride,74.87,Lactose / Starch,TRUE_POSITIVE,TRAIN_SET
FS-2026-01109,2026-06-24T17:20:00Z,OP-FORENSIC-101,Border_Control_Post_3,Plant Matter Extract,Mecke Reagent (Selenious Acid/Sulfuric Acid),LOT-2026-MECK-778,2363,18.4,PASS,1.123,94.26,0.89,2.47,93.66,0.77,3.47,91.6,0.01,4.62,91.98,-0.22,4.23,3.087,0.0514,FieldSure-Narcotics-v2.1,0.989,NEG_NO_REACTION,VALIDATED_LAB_CONFIRMED,LAB-CONFIRM-81108,GC-MS (Gas Chromatography-Mass Spectrometry),Cocaine Hydrochloride,87.11,Levamisole (8.2%),TRUE_POSITIVE,TRAIN_SET
FS-2026-01110,2026-06-24T18:08:00Z,OP-FORENSIC-101,Customs_Evidence_Unit,Off-White Powder,Mandelin Reagent (Ammonium Vanadate/Sulfuric Acid),LOT-2026-MAND-891,564,24.1,PASS,1.552,94.19,1.63,2.38,92.69,1.69,1.33,93.02,1.12,2.66,93.11,-0.15,2.67,2.102,0.035,FieldSure-Narcotics-v2.1,0.93,NEG_NO_REACTION,VALIDATED_LAB_CONFIRMED,LAB-CONFIRM-81109,GC-MS (Gas Chromatography-Mass Spectrometry),Inert Cutting Agent (Lactose/Caffeine),0.0,N/A (Inert Sample),TRUE_NEGATIVE,TRAIN_SET
FS-2026-01111,2026-06-24T18:45:00Z,OP-FORENSIC-106,District_Lab_North,Pressed Tablet (Crushed),Marquis Reagent (Formaldehyde/Sulfuric Acid),LOT-2026-MARQ-425,7589,21.6,FAIL_EXPOSURE,4.671,95.95,-0.11,1.26,,,,,,,,,,,,FieldSure-Narcotics-v2.1,0.105,ABSTAIN_FAIL_EXPOSURE,UNVALIDATED_QC_ABSTAIN,LAB-CONFIRM-81110,GC-MS (Gas Chromatography-Mass Spectrometry),Fentanyl HCl (Trace / Weak Response),17.82,Dimethylsulfone (18.4%),ABSTAINED_NO_PREDICTION,TRAIN_SET
FS-2026-01112,2026-06-24T20:19:00Z,OP-FORENSIC-123,Border_Control_Post_3,Pressed Tablet (Crushed),Simon's Reagent (Sodium Nitroprusside/Acetaldehyde),LOT-2026-SIMN-507,2363,21.9,PASS,0.634,95.07,-0.43,2.12,94.37,0.52,2.77,94.72,0.1,1.73,93.17,-0.77,1.88,1.945,0.0324,FieldSure-Narcotics-v2.1,0.983,NEG_NO_REACTION,VALIDATED_LAB_CONFIRMED,LAB-CONFIRM-81111,GC-MS (Gas Chromatography-Mass Spectrometry),LSD (Lysergic Acid Diethylamide),31.02,Lactose / Starch,TRUE_POSITIVE,TRAIN_SET
FS-2026-01113,2026-06-24T22:51:00Z,OP-FORENSIC-104,Customs_Evidence_Unit,Pressed Tablet (Crushed),Ehrlich Reagent (p-DMAB/HCl),LOT-2026-EHRL-171,7589,22.9,FAIL_BLUR,12.206,90.42,-1.32,4.49,,,,,,,,,,,,FieldSure-Narcotics-v2.1,0.16,ABSTAIN_FAIL_BLUR,UNVALIDATED_QC_ABSTAIN,LAB-CONFIRM-81112,LC-MS/MS (Liquid Chromatography-Tandem Mass Spectrometry),"3,4-MDMA (Ecstasy)",87.36,Caffeine (14.5%),ABSTAINED_NO_PREDICTION,TRAIN_SET
FS-2026-01114,2026-06-25T00:57:00Z,OP-FORENSIC-107,Customs_Evidence_Unit,Tar/Sticky Resin,Scott Reagent (Cobalt Thiocyanate Phase),LOT-2026-SCOT-340,7589,31.3,PASS,0.971,86.67,0.01,4.32,87.53,0.18,5.2,85.02,0.58,6.28,85.69,0.11,6.22,2.14,0.0357,FieldSure-Narcotics-v2.1,0.927,NEG_NO_REACTION,VALIDATED_LAB_CONFIRMED,LAB-CONFIRM-81113,GC-MS (Gas Chromatography-Mass Spectrometry),LSD (Lysergic Acid Diethylamide),20.36,None (High Purity Grade),TRUE_POSITIVE,TRAIN_SET
FS-2026-01115,2026-06-25T01:02:00Z,OP-FORENSIC-121,State_Forensic_Field_Team,Off-White Powder,Duquenois-Levine Reagent (Vanillin/Acetaldehyde),LOT-2026-DUQN-299,2363,22.2,PASS,0.961,88.64,-1.34,1.63,73.88,-4.77,7.92,64.31,-10.03,13.8,58.17,-12.89,16.49,35.814,0.5969,FieldSure-Narcotics-v2.1,0.945,POS_CANNABINOID_THC,VALIDATED_LAB_CONFIRMED,LAB-CONFIRM-81114,LC-MS/MS (Liquid Chromatography-Tandem Mass Spectrometry),Delta-9-THC,55.2,Dimethylsulfone (18.4%),TRUE_POSITIVE,TRAIN_SET
FS-2026-01116,2026-06-25T03:58:00Z,OP-FORENSIC-110,Border_Control_Post_3,Pressed Tablet (Crushed),Scott Reagent (Cobalt Thiocyanate Phase),LOT-2026-SCOT-126,2363,27.7,PASS,1.36,87.08,-0.95,1.42,68.23,18.61,-1.17,54.09,32.06,-4.64,45.74,42.69,-5.5,60.509,1.0085,FieldSure-Narcotics-v2.1,0.978,POS_COCAINE,VALIDATED_LAB_CONFIRMED,LAB-CONFIRM-81115,GC-MS (Gas Chromatography-Mass Spectrometry),Cocaine Hydrochloride,75.99,Lactose / Starch,TRUE_POSITIVE,TRAIN_SET
FS-2026-01117,2026-06-25T04:21:00Z,OP-FORENSIC-124,Metropolitan_Task_Force,Paper Blotter Segment,Scott Reagent (Cobalt Thiocyanate Phase),LOT-2026-SCOT-220,564,21.6,PASS,1.313,95.9,-0.84,5.93,94.59,-1.02,5.62,94.03,-1.29,6.22,93.31,-1.58,6.1,2.699,0.045,FieldSure-Narcotics-v2.1,0.974,NEG_NO_REACTION,VALIDATED_LAB_CONFIRMED,LAB-CONFIRM-81116,LC-MS/MS (Liquid Chromatography-Tandem Mass Spectrometry),Fentanyl HCl (Trace / Weak Response),15.97,Phenacetin (11.0%),TRUE_POSITIVE,TRAIN_SET
FS-2026-01118,2026-06-25T06:35:00Z,OP-FORENSIC-104,Metropolitan_Task_Force,Off-White Powder,Scott Reagent (Cobalt Thiocyanate Phase),LOT-2026-SCOT-526,564,19.8,PASS,0.462,87.36,-0.81,5.74,87.44,0.07,9.0,86.17,-0.38,7.33,87.21,0.6,8.78,3.354,0.0559,FieldSure-Narcotics-v2.1,0.917,NEG_NO_REACTION,VALIDATED_LAB_CONFIRMED,LAB-CONFIRM-81117,FTIR (Fourier Transform Infrared Spectroscopy),Inert Cutting Agent (Lactose/Caffeine),0.0,N/A (Inert Sample),TRUE_NEGATIVE,TRAIN_SET
FS-2026-01119,2026-06-25T06:45:00Z,OP-FORENSIC-113,Customs_Evidence_Unit,Pressed Tablet (Crushed),Duquenois-Levine Reagent (Vanillin/Acetaldehyde),LOT-2026-DUQN-306,564,29.3,PASS,1.283,88.01,2.45,4.43,85.27,2.58,5.33,84.89,3.34,5.74,83.35,1.84,4.26,4.703,0.0784,FieldSure-Narcotics-v2.1,0.949,NEG_NO_REACTION,VALIDATED_LAB_CONFIRMED,LAB-CONFIRM-81118,GC-MS (Gas Chromatography-Mass Spectrometry),Methamphetamine HCl,91.81,Lactose / Starch,TRUE_POSITIVE,TRAIN_SET
FS-2026-01120,2026-06-25T06:59:00Z,OP-FORENSIC-109,Metropolitan_Task_Force,Pressed Tablet (Crushed),Marquis Reagent (Formaldehyde/Sulfuric Acid),LOT-2026-MARQ-850,2363,26.6,PASS,0.661,88.8,0.94,3.94,87.33,0.96,4.97,88.17,-0.8,5.73,88.76,0.54,5.49,1.601,0.0267,FieldSure-Narcotics-v2.1,0.967,NEG_NO_REACTION,VALIDATED_LAB_CONFIRMED,LAB-CONFIRM-81119,GC-MS (Gas Chromatography-Mass Spectrometry),Cocaine Hydrochloride,81.13,None (High Purity Grade),TRUE_POSITIVE,TRAIN_SET
FS-2026-01121,2026-06-25T08:44:00Z,OP-FORENSIC-117,Metropolitan_Task_Force,Liquid Solution (Diluted),Duquenois-Levine Reagent (Vanillin/Acetaldehyde),LOT-2026-DUQN-938,564,28.6,PASS,1.572,91.35,0.84,3.63,88.7,-0.21,3.37,90.08,0.33,3.23,89.26,-0.36,2.92,2.512,0.0419,FieldSure-Narcotics-v2.1,0.968,NEG_NO_REACTION,VALIDATED_LAB_CONFIRMED,LAB-CONFIRM-81120,GC-MS (Gas Chromatography-Mass Spectrometry),Inert Cutting Agent (Lactose/Caffeine),0.0,N/A (Inert Sample),TRUE_NEGATIVE,TRAIN_SET
FS-2026-01122,2026-06-25T12:10:00Z,OP-FORENSIC-120,Border_Control_Post_3,Tar/Sticky Resin,Ehrlich Reagent (p-DMAB/HCl),LOT-2026-EHRL-669,7589,25.9,PASS,0.574,95.93,-1.16,2.31,95.96,-1.99,3.62,94.87,-1.97,4.27,94.26,-3.13,5.11,3.809,0.0635,FieldSure-Narcotics-v2.1,0.984,NEG_NO_REACTION,VALIDATED_LAB_CONFIRMED,LAB-CONFIRM-81121,LC-MS/MS (Liquid Chromatography-Tandem Mass Spectrometry),Methamphetamine HCl,72.25,Phenacetin (11.0%),TRUE_POSITIVE,TRAIN_SET
FS-2026-01123,2026-06-25T14:43:00Z,OP-FORENSIC-101,State_Forensic_Field_Team,Crystalline Powder,Mecke Reagent (Selenious Acid/Sulfuric Acid),LOT-2026-MECK-895,7589,27.3,PASS,0.824,95.18,1.62,3.5,95.59,1.75,3.5,96.59,1.36,4.83,95.41,1.31,5.71,2.243,0.0374,FieldSure-Narcotics-v2.1,0.937,NEG_NO_REACTION,VALIDATED_LAB_CONFIRMED,LAB-CONFIRM-81122,GC-MS (Gas Chromatography-Mass Spectrometry),LSD (Lysergic Acid Diethylamide),46.3,Dimethylsulfone (18.4%),TRUE_POSITIVE,TRAIN_SET
FS-2026-01124,2026-06-25T15:06:00Z,OP-FORENSIC-117,Border_Control_Post_3,Pressed Tablet (Crushed),Duquenois-Levine Reagent (Vanillin/Acetaldehyde),LOT-2026-DUQN-239,7589,24.9,PASS,1.208,87.44,1.39,5.14,72.68,-7.88,21.08,63.22,-13.47,32.75,56.9,-18.41,39.11,49.786,0.8298,FieldSure-Narcotics-v2.1,0.942,POS_CANNABINOID_THC,VALIDATED_LAB_CONFIRMED,LAB-CONFIRM-81123,GC-MS (Gas Chromatography-Mass Spectrometry),Delta-9-THC,43.05,Phenacetin (11.0%),TRUE_POSITIVE,TRAIN_SET
FS-2026-01125,2026-06-25T15:16:00Z,OP-FORENSIC-104,Metropolitan_Task_Force,Crystalline Powder,Marquis Reagent (Formaldehyde/Sulfuric Acid),LOT-2026-MARQ-948,7589,29.9,PASS,1.217,95.44,1.8,1.32,96.28,2.74,1.52,94.08,2.45,2.01,94.77,1.99,2.86,1.69,0.0282,FieldSure-Narcotics-v2.1,0.953,NEG_NO_REACTION,VALIDATED_LAB_CONFIRMED,LAB-CONFIRM-81124,GC-MS (Gas Chromatography-Mass Spectrometry),Delta-9-THC,70.84,Phenacetin (11.0%),TRUE_POSITIVE,TRAIN_SET
FS-2026-01126,2026-06-25T20:02:00Z,OP-FORENSIC-122,State_Forensic_Field_Team,Tar/Sticky Resin,Simon's Reagent (Sodium Nitroprusside/Acetaldehyde),LOT-2026-SIMN-377,564,22.7,PASS,0.588,94.87,-0.45,4.16,94.08,-0.41,6.6,93.95,-2.08,6.18,93.31,-1.57,5.95,2.625,0.0438,FieldSure-Narcotics-v2.1,0.91,NEG_NO_REACTION,VALIDATED_LAB_CONFIRMED,LAB-CONFIRM-81125,LC-MS/MS (Liquid Chromatography-Tandem Mass Spectrometry),Cocaine Hydrochloride,89.46,Dimethylsulfone (18.4%),TRUE_POSITIVE,TRAIN_SET
FS-2026-01127,2026-06-25T23:18:00Z,OP-FORENSIC-124,Customs_Evidence_Unit,Pressed Tablet (Crushed),Mandelin Reagent (Ammonium Vanadate/Sulfuric Acid),LOT-2026-MAND-689,564,27.8,PASS,0.821,92.2,1.31,2.17,90.91,-0.29,2.29,91.17,1.4,0.87,89.84,1.36,1.83,2.385,0.0397,FieldSure-Narcotics-v2.1,0.973,NEG_NO_REACTION,VALIDATED_LAB_CONFIRMED,LAB-CONFIRM-81126,GC-MS (Gas Chromatography-Mass Spectrometry),Inert Cutting Agent (Lactose/Caffeine),0.0,N/A (Inert Sample),TRUE_NEGATIVE,TRAIN_SET
FS-2026-01128,2026-06-26T02:04:00Z,OP-FORENSIC-114,District_Lab_North,Crystalline Powder,Ehrlich Reagent (p-DMAB/HCl),LOT-2026-EHRL-860,2363,24.3,PASS,1.126,94.63,0.2,5.0,77.98,-0.78,5.92,65.25,-3.27,5.7,56.92,-3.81,6.64,37.958,0.6326,FieldSure-Narcotics-v2.1,0.903,POS_INDOLE_LSD,VALIDATED_LAB_CONFIRMED,LAB-CONFIRM-81127,GC-MS (Gas Chromatography-Mass Spectrometry),LSD (Lysergic Acid Diethylamide),55.62,Dimethylsulfone (18.4%),TRUE_POSITIVE,TRAIN_SET
FS-2026-01129,2026-06-26T02:40:00Z,OP-FORENSIC-118,State_Forensic_Field_Team,Pressed Tablet (Crushed),Mecke Reagent (Selenious Acid/Sulfuric Acid),LOT-2026-MECK-241,7589,21.4,PASS,0.646,87.06,-1.15,2.09,86.15,-0.0,2.28,84.88,-0.28,2.14,84.93,-0.2,2.22,2.336,0.0389,FieldSure-Narcotics-v2.1,0.94,NEG_NO_REACTION,VALIDATED_LAB_CONFIRMED,LAB-CONFIRM-81128,GC-MS (Gas Chromatography-Mass Spectrometry),LSD (Lysergic Acid Diethylamide),33.93,Caffeine (14.5%),TRUE_POSITIVE,TRAIN_SET
FS-2026-01130,2026-06-26T04:27:00Z,OP-FORENSIC-122,District_Lab_North,Pressed Tablet (Crushed),Duquenois-Levine Reagent (Vanillin/Acetaldehyde),LOT-2026-DUQN-734,7589,26.0,PASS,1.555,86.59,2.37,1.95,84.0,2.88,2.43,84.88,0.6,2.37,84.54,0.86,2.53,2.611,0.0435,FieldSure-Narcotics-v2.1,0.893,NEG_NO_REACTION,VALIDATED_LAB_CONFIRMED,LAB-CONFIRM-81129,LC-MS/MS (Liquid Chromatography-Tandem Mass Spectrometry),Cocaine Hydrochloride,81.6,Dimethylsulfone (18.4%),TRUE_POSITIVE,TRAIN_SET
FS-2026-01131,2026-06-26T05:56:00Z,OP-FORENSIC-101,Border_Control_Post_3,Off-White Powder,Scott Reagent (Cobalt Thiocyanate Phase),LOT-2026-SCOT-997,2363,21.6,PASS,0.633,92.02,-0.92,2.48,90.9,-1.19,2.92,91.51,-1.01,3.55,90.95,-1.24,2.73,1.144,0.0191,FieldSure-Narcotics-v2.1,0.947,NEG_NO_REACTION,VALIDATED_LAB_CONFIRMED,LAB-CONFIRM-81130,LC-MS/MS (Liquid Chromatography-Tandem Mass Spectrometry),Heroin Hydrochloride,76.18,Lactose / Starch,TRUE_POSITIVE,TRAIN_SET
FS-2026-01132,2026-06-26T06:38:00Z,OP-FORENSIC-103,Customs_Evidence_Unit,Paper Blotter Segment,Mandelin Reagent (Ammonium Vanadate/Sulfuric Acid),LOT-2026-MAND-853,2363,21.7,FAIL_GLARE,9.916,94.54,-1.24,1.25,,,,,,,,,,,,FieldSure-Narcotics-v2.1,0.02,ABSTAIN_FAIL_GLARE,UNVALIDATED_QC_ABSTAIN,LAB-CONFIRM-81131,LC-MS/MS (Liquid Chromatography-Tandem Mass Spectrometry),Inert Cutting Agent (Lactose/Caffeine),0.0,N/A (Inert Sample),ABSTAINED_NO_PREDICTION,TRAIN_SET
FS-2026-01133,2026-06-26T08:05:00Z,OP-FORENSIC-108,Metropolitan_Task_Force,Crystalline Powder,Duquenois-Levine Reagent (Vanillin/Acetaldehyde),LOT-2026-DUQN-896,2363,21.5,PASS,0.389,95.2,1.95,4.24,95.02,4.12,3.97,93.76,3.41,5.74,93.04,2.9,5.02,2.485,0.0414,FieldSure-Narcotics-v2.1,0.943,NEG_NO_REACTION,VALIDATED_LAB_CONFIRMED,LAB-CONFIRM-81132,LC-MS/MS (Liquid Chromatography-Tandem Mass Spectrometry),"3,4-MDMA (Ecstasy)",54.59,Dimethylsulfone (18.4%),TRUE_POSITIVE,TRAIN_SET
FS-2026-01134,2026-06-26T09:47:00Z,OP-FORENSIC-113,Border_Control_Post_3,Tar/Sticky Resin,Mecke Reagent (Selenious Acid/Sulfuric Acid),LOT-2026-MECK-612,2363,19.3,PASS,0.862,86.39,1.17,5.76,85.15,-0.22,5.59,84.55,-0.89,6.15,83.15,0.35,6.29,3.384,0.0564,FieldSure-Narcotics-v2.1,0.991,NEG_NO_REACTION,VALIDATED_LAB_CONFIRMED,LAB-CONFIRM-81133,GC-MS (Gas Chromatography-Mass Spectrometry),Fentanyl HCl (Trace / Weak Response),5.19,Levamisole (8.2%),TRUE_POSITIVE,TRAIN_SET
FS-2026-01135,2026-06-26T11:17:00Z,OP-FORENSIC-123,State_Forensic_Field_Team,Off-White Powder,Mandelin Reagent (Ammonium Vanadate/Sulfuric Acid),LOT-2026-MAND-205,564,25.3,PASS,1.568,92.41,0.27,5.64,92.53,1.09,5.83,91.69,0.72,5.31,91.01,1.81,4.95,2.193,0.0366,FieldSure-Narcotics-v2.1,0.909,NEG_NO_REACTION,VALIDATED_LAB_CONFIRMED,LAB-CONFIRM-81134,GC-MS (Gas Chromatography-Mass Spectrometry),Heroin Hydrochloride,77.36,Dimethylsulfone (18.4%),TRUE_POSITIVE,TRAIN_SET
FS-2026-01136,2026-06-26T12:28:00Z,OP-FORENSIC-104,Metropolitan_Task_Force,Crystalline Powder,Duquenois-Levine Reagent (Vanillin/Acetaldehyde),LOT-2026-DUQN-251,7589,19.8,PASS,1.123,95.57,-0.16,4.93,95.53,0.08,6.86,93.81,0.39,6.82,92.7,-0.6,7.33,3.767,0.0628,FieldSure-Narcotics-v2.1,0.932,NEG_NO_REACTION,VALIDATED_LAB_CONFIRMED,LAB-CONFIRM-81135,GC-MS (Gas Chromatography-Mass Spectrometry),Methamphetamine HCl,77.21,Lactose / Starch,TRUE_POSITIVE,TRAIN_SET
FS-2026-01137,2026-06-26T13:06:00Z,OP-FORENSIC-111,District_Lab_North,Crystalline Powder,Mecke Reagent (Selenious Acid/Sulfuric Acid),LOT-2026-MECK-470,2363,26.3,PASS,0.476,94.88,1.92,3.87,94.1,2.79,4.36,95.97,2.6,4.09,94.38,2.84,3.62,1.077,0.018,FieldSure-Narcotics-v2.1,0.954,NEG_NO_REACTION,VALIDATED_LAB_CONFIRMED,LAB-CONFIRM-81136,FTIR (Fourier Transform Infrared Spectroscopy),Cocaine Hydrochloride,80.63,Lactose / Starch,TRUE_POSITIVE,TRAIN_SET
FS-2026-01138,2026-06-26T14:44:00Z,OP-FORENSIC-101,Metropolitan_Task_Force,Off-White Powder,Ehrlich Reagent (p-DMAB/HCl),LOT-2026-EHRL-480,2363,28.9,PASS,0.738,89.8,1.56,2.71,90.87,0.71,3.09,90.11,1.92,2.8,89.37,1.49,3.0,0.523,0.0087,FieldSure-Narcotics-v2.1,0.93,NEG_NO_REACTION,VALIDATED_LAB_CONFIRMED,LAB-CONFIRM-81137,GC-MS (Gas Chromatography-Mass Spectrometry),Methamphetamine HCl,82.64,None (High Purity Grade),TRUE_POSITIVE,TRAIN_SET
FS-2026-01139,2026-06-26T20:37:00Z,OP-FORENSIC-106,Customs_Evidence_Unit,Crystalline Powder,Scott Reagent (Cobalt Thiocyanate Phase),LOT-2026-SCOT-112,7589,20.6,PASS,0.414,94.59,-0.22,1.08,77.01,18.43,-0.01,61.95,33.38,-1.29,54.39,40.81,-0.62,57.466,0.9578,FieldSure-Narcotics-v2.1,0.967,FALSE_POS_LOCAL_ANESTHETIC,VALIDATED_LAB_CONFIRMED,LAB-CONFIRM-81138,LC-MS/MS (Liquid Chromatography-Tandem Mass Spectrometry),Procaine / Benzocaine (Local Anesthetic),0.0,N/A (Inert Sample),TRUE_POSITIVE,TRAIN_SET
FS-2026-01140,2026-06-26T23:33:00Z,OP-FORENSIC-109,Metropolitan_Task_Force,Liquid Solution (Diluted),Marquis Reagent (Formaldehyde/Sulfuric Acid),LOT-2026-MARQ-874,2363,24.6,PASS,1.221,88.26,-0.64,5.45,87.72,-1.66,5.63,86.55,-1.35,4.91,85.61,-0.56,5.55,2.653,0.0442,FieldSure-Narcotics-v2.1,0.898,NEG_NO_REACTION,VALIDATED_LAB_CONFIRMED,LAB-CONFIRM-81139,FTIR (Fourier Transform Infrared Spectroscopy),Procaine / Benzocaine (Local Anesthetic),0.0,N/A (Inert Sample),TRUE_NEGATIVE,TRAIN_SET
FS-2026-01141,2026-06-26T23:44:00Z,OP-FORENSIC-118,District_Lab_North,Paper Blotter Segment,Ehrlich Reagent (p-DMAB/HCl),LOT-2026-EHRL-725,7589,12.8,FAIL_BLUR,9.478,87.7,0.79,2.76,,,,,,,,,,,,FieldSure-Narcotics-v2.1,0.241,ABSTAIN_FAIL_BLUR,UNVALIDATED_QC_ABSTAIN,LAB-CONFIRM-81140,LC-MS/MS (Liquid Chromatography-Tandem Mass Spectrometry),Delta-9-THC,55.44,Caffeine (14.5%),ABSTAINED_NO_PREDICTION,TRAIN_SET
FS-2026-01142,2026-06-27T05:14:00Z,OP-FORENSIC-118,State_Forensic_Field_Team,Tar/Sticky Resin,Simon's Reagent (Sodium Nitroprusside/Acetaldehyde),LOT-2026-SIMN-573,2363,25.2,PASS,0.58,94.52,0.63,3.42,93.54,-0.01,4.76,92.59,-0.42,4.03,91.94,0.04,5.23,3.206,0.0534,FieldSure-Narcotics-v2.1,0.971,NEG_NO_REACTION,VALIDATED_LAB_CONFIRMED,LAB-CONFIRM-81141,GC-MS (Gas Chromatography-Mass Spectrometry),Procaine / Benzocaine (Local Anesthetic),0.0,N/A (Inert Sample),TRUE_NEGATIVE,TRAIN_SET
FS-2026-01143,2026-06-27T05:56:00Z,OP-FORENSIC-110,Metropolitan_Task_Force,Crystalline Powder,Mandelin Reagent (Ammonium Vanadate/Sulfuric Acid),LOT-2026-MAND-813,2363,24.6,FAIL_GLARE,10.57,93.17,0.35,3.34,,,,,,,,,,,,FieldSure-Narcotics-v2.1,0.229,ABSTAIN_FAIL_GLARE,UNVALIDATED_QC_ABSTAIN,LAB-CONFIRM-81142,GC-MS (Gas Chromatography-Mass Spectrometry),Delta-9-THC,72.98,Dimethylsulfone (18.4%),ABSTAINED_NO_PREDICTION,TRAIN_SET
FS-2026-01144,2026-06-27T05:57:00Z,OP-FORENSIC-101,State_Forensic_Field_Team,Pressed Tablet (Crushed),Mecke Reagent (Selenious Acid/Sulfuric Acid),LOT-2026-MECK-672,2363,18.7,FAIL_GEOMETRY,8.363,93.64,0.34,4.96,,,,,,,,,,,,FieldSure-Narcotics-v2.1,0.103,ABSTAIN_FAIL_GEOMETRY,UNVALIDATED_QC_ABSTAIN,LAB-CONFIRM-81143,GC-MS (Gas Chromatography-Mass Spectrometry),LSD (Lysergic Acid Diethylamide),47.03,Phenacetin (11.0%),ABSTAINED_NO_PREDICTION,TRAIN_SET
FS-2026-01145,2026-06-27T06:34:00Z,OP-FORENSIC-117,State_Forensic_Field_Team,Off-White Powder,Mecke Reagent (Selenious Acid/Sulfuric Acid),LOT-2026-MECK-908,7589,24.9,PASS,1.377,90.06,-0.74,2.3,88.73,-1.26,2.56,87.56,-0.98,4.44,86.59,-1.37,4.83,4.34,0.0723,FieldSure-Narcotics-v2.1,0.91,NEG_NO_REACTION,VALIDATED_LAB_CONFIRMED,LAB-CONFIRM-81144,LC-MS/MS (Liquid Chromatography-Tandem Mass Spectrometry),Procaine / Benzocaine (Local Anesthetic),0.0,N/A (Inert Sample),TRUE_NEGATIVE,TRAIN_SET
FS-2026-01146,2026-06-27T07:23:00Z,OP-FORENSIC-100,Border_Control_Post_3,Off-White Powder,Ehrlich Reagent (p-DMAB/HCl),LOT-2026-EHRL-280,7589,26.2,PASS,1.593,93.43,1.62,3.63,92.85,1.48,3.85,90.76,1.3,5.05,90.12,0.93,5.39,3.812,0.0635,FieldSure-Narcotics-v2.1,0.925,NEG_NO_REACTION,VALIDATED_LAB_CONFIRMED,LAB-CONFIRM-81145,GC-MS (Gas Chromatography-Mass Spectrometry),"3,4-MDMA (Ecstasy)",83.85,Dimethylsulfone (18.4%),TRUE_POSITIVE,TRAIN_SET
FS-2026-01147,2026-06-27T08:43:00Z,OP-FORENSIC-108,District_Lab_North,Pressed Tablet (Crushed),Mandelin Reagent (Ammonium Vanadate/Sulfuric Acid),LOT-2026-MAND-511,2363,19.2,PASS,0.625,91.68,0.94,3.12,91.88,0.36,3.85,90.6,0.97,5.01,89.94,0.73,5.36,2.844,0.0474,FieldSure-Narcotics-v2.1,0.918,NEG_NO_REACTION,VALIDATED_LAB_CONFIRMED,LAB-CONFIRM-81146,FTIR (Fourier Transform Infrared Spectroscopy),LSD (Lysergic Acid Diethylamide),19.9,Levamisole (8.2%),TRUE_POSITIVE,TRAIN_SET
FS-2026-01148,2026-06-27T09:21:00Z,OP-FORENSIC-108,Border_Control_Post_3,Off-White Powder,Scott Reagent (Cobalt Thiocyanate Phase),LOT-2026-SCOT-765,2363,23.8,PASS,1.025,91.51,1.51,4.18,91.27,2.63,4.87,90.52,1.38,4.61,89.84,2.63,6.31,2.929,0.0488,FieldSure-Narcotics-v2.1,0.976,NEG_NO_REACTION,VALIDATED_LAB_CONFIRMED,LAB-CONFIRM-81147,LC-MS/MS (Liquid Chromatography-Tandem Mass Spectrometry),"3,4-MDMA (Ecstasy)",75.35,Caffeine (14.5%),TRUE_POSITIVE,TRAIN_SET
FS-2026-01149,2026-06-27T09:39:00Z,OP-FORENSIC-113,Metropolitan_Task_Force,Plant Matter Extract,Simon's Reagent (Sodium Nitroprusside/Acetaldehyde),LOT-2026-SIMN-248,2363,26.7,FAIL_BLUR,7.494,92.04,1.15,3.17,,,,,,,,,,,,FieldSure-Narcotics-v2.1,0.246,ABSTAIN_FAIL_BLUR,UNVALIDATED_QC_ABSTAIN,LAB-CONFIRM-81148,GC-MS (Gas Chromatography-Mass Spectrometry),"3,4-MDMA (Ecstasy)",78.7,Dimethylsulfone (18.4%),ABSTAINED_NO_PREDICTION,TRAIN_SET
FS-2026-01150,2026-06-27T10:24:00Z,OP-FORENSIC-112,District_Lab_North,Crystalline Powder,Scott Reagent (Cobalt Thiocyanate Phase),LOT-2026-SCOT-934,564,25.1,PASS,1.74,91.82,1.67,4.76,91.41,1.56,3.92,89.81,1.78,4.85,88.99,0.27,5.29,3.202,0.0534,FieldSure-Narcotics-v2.1,0.986,NEG_NO_REACTION,VALIDATED_LAB_CONFIRMED,LAB-CONFIRM-81149,GC-MS (Gas Chromatography-Mass Spectrometry),Inert Cutting Agent (Lactose/Caffeine),0.0,N/A (Inert Sample),TRUE_NEGATIVE,TRAIN_SET
FS-2026-01151,2026-06-27T14:37:00Z,OP-FORENSIC-104,Metropolitan_Task_Force,Crystalline Powder,Mecke Reagent (Selenious Acid/Sulfuric Acid),LOT-2026-MECK-357,7589,25.8,FAIL_BLUR,11.636,87.25,-0.54,2.09,,,,,,,,,,,,FieldSure-Narcotics-v2.1,0.17,ABSTAIN_FAIL_BLUR,UNVALIDATED_QC_ABSTAIN,LAB-CONFIRM-81150,LC-MS/MS (Liquid Chromatography-Tandem Mass Spectrometry),Cocaine Hydrochloride,80.69,None (High Purity Grade),ABSTAINED_NO_PREDICTION,TRAIN_SET
FS-2026-01152,2026-06-27T15:06:00Z,OP-FORENSIC-111,State_Forensic_Field_Team,Liquid Solution (Diluted),Mandelin Reagent (Ammonium Vanadate/Sulfuric Acid),LOT-2026-MAND-840,564,23.1,PASS,1.679,86.74,-0.77,2.19,84.5,-0.68,2.33,83.66,-1.56,3.59,83.54,-1.21,3.51,3.489,0.0582,FieldSure-Narcotics-v2.1,0.99,NEG_NO_REACTION,VALIDATED_LAB_CONFIRMED,LAB-CONFIRM-81151,GC-MS (Gas Chromatography-Mass Spectrometry),LSD (Lysergic Acid Diethylamide),22.18,Levamisole (8.2%),TRUE_POSITIVE,TRAIN_SET
FS-2026-01153,2026-06-27T15:20:00Z,OP-FORENSIC-116,District_Lab_North,Crystalline Powder,Mecke Reagent (Selenious Acid/Sulfuric Acid),LOT-2026-MECK-689,2363,27.7,PASS,0.954,88.02,1.88,4.04,86.35,2.61,4.32,85.47,1.2,5.44,85.6,0.25,5.78,3.397,0.0566,FieldSure-Narcotics-v2.1,0.947,NEG_NO_REACTION,VALIDATED_LAB_CONFIRMED,LAB-CONFIRM-81152,GC-MS (Gas Chromatography-Mass Spectrometry),Methamphetamine HCl,76.29,Lactose / Starch,TRUE_POSITIVE,TRAIN_SET
FS-2026-01154,2026-06-27T17:30:00Z,OP-FORENSIC-117,State_Forensic_Field_Team,Paper Blotter Segment,Scott Reagent (Cobalt Thiocyanate Phase),LOT-2026-SCOT-958,2363,24.3,PASS,0.901,93.65,0.85,2.84,91.08,0.26,4.78,92.24,0.51,4.36,91.75,-0.44,5.08,3.208,0.0535,FieldSure-Narcotics-v2.1,0.906,NEG_NO_REACTION,VALIDATED_LAB_CONFIRMED,LAB-CONFIRM-81153,GC-MS (Gas Chromatography-Mass Spectrometry),Methamphetamine HCl,77.61,Dimethylsulfone (18.4%),TRUE_POSITIVE,TRAIN_SET
FS-2026-01155,2026-06-27T19:04:00Z,OP-FORENSIC-121,District_Lab_North,Crystalline Powder,Ehrlich Reagent (p-DMAB/HCl),LOT-2026-EHRL-366,564,21.8,PASS,1.117,89.86,1.46,2.52,75.33,22.4,11.15,61.86,40.09,18.67,55.41,48.89,22.14,61.817,1.0303,FieldSure-Narcotics-v2.1,0.987,POS_INDOLE_LSD,VALIDATED_LAB_CONFIRMED,LAB-CONFIRM-81154,FTIR (Fourier Transform Infrared Spectroscopy),LSD (Lysergic Acid Diethylamide),36.73,Caffeine (14.5%),TRUE_POSITIVE,TRAIN_SET
FS-2026-01156,2026-06-27T20:32:00Z,OP-FORENSIC-117,District_Lab_North,Pressed Tablet (Crushed),Ehrlich Reagent (p-DMAB/HCl),LOT-2026-EHRL-414,7589,20.4,PASS,0.656,91.15,-0.25,3.3,90.43,0.69,3.78,88.31,0.66,5.11,88.87,0.08,5.24,3.012,0.0502,FieldSure-Narcotics-v2.1,0.937,NEG_NO_REACTION,VALIDATED_LAB_CONFIRMED,LAB-CONFIRM-81155,GC-MS (Gas Chromatography-Mass Spectrometry),Heroin Hydrochloride,70.12,Phenacetin (11.0%),TRUE_POSITIVE,TRAIN_SET
FS-2026-01157,2026-06-27T20:49:00Z,OP-FORENSIC-115,State_Forensic_Field_Team,Paper Blotter Segment,Mecke Reagent (Selenious Acid/Sulfuric Acid),LOT-2026-MECK-587,564,11.9,PASS,0.826,90.28,2.16,3.63,90.19,0.28,5.3,89.85,2.18,3.92,90.26,1.66,5.42,1.859,0.031,FieldSure-Narcotics-v2.1,0.954,NEG_NO_REACTION,VALIDATED_LAB_CONFIRMED,LAB-CONFIRM-81156,FTIR (Fourier Transform Infrared Spectroscopy),Fentanyl HCl (Trace / Weak Response),6.93,Caffeine (14.5%),TRUE_POSITIVE,TRAIN_SET
FS-2026-01158,2026-06-28T00:20:00Z,OP-FORENSIC-114,Customs_Evidence_Unit,Tar/Sticky Resin,Scott Reagent (Cobalt Thiocyanate Phase),LOT-2026-SCOT-482,2363,27.7,PASS,0.457,92.25,-1.49,1.82,72.42,15.43,10.33,56.65,26.66,15.62,48.65,33.62,19.31,58.648,0.9775,FieldSure-Narcotics-v2.1,0.962,FALSE_POS_LOCAL_ANESTHETIC,VALIDATED_LAB_CONFIRMED,LAB-CONFIRM-81157,LC-MS/MS (Liquid Chromatography-Tandem Mass Spectrometry),Procaine / Benzocaine (Local Anesthetic),0.0,N/A (Inert Sample),TRUE_POSITIVE,TRAIN_SET
FS-2026-01159,2026-06-28T04:59:00Z,OP-FORENSIC-102,Border_Control_Post_3,Crystalline Powder,Mecke Reagent (Selenious Acid/Sulfuric Acid),LOT-2026-MECK-594,564,26.4,PASS,1.579,92.04,2.46,2.04,91.52,2.34,1.91,90.54,0.88,2.41,90.47,0.46,1.93,2.545,0.0424,FieldSure-Narcotics-v2.1,0.931,NEG_NO_REACTION,VALIDATED_LAB_CONFIRMED,LAB-CONFIRM-81158,FTIR (Fourier Transform Infrared Spectroscopy),Inert Cutting Agent (Lactose/Caffeine),0.0,N/A (Inert Sample),TRUE_NEGATIVE,TRAIN_SET
FS-2026-01160,2026-06-28T05:13:00Z,OP-FORENSIC-108,Metropolitan_Task_Force,Crystalline Powder,Scott Reagent (Cobalt Thiocyanate Phase),LOT-2026-SCOT-612,564,24.3,PASS,1.126,86.94,2.4,1.6,65.66,12.62,-2.93,48.85,19.17,-6.14,39.47,23.98,-8.52,53.118,0.8853,FieldSure-Narcotics-v2.1,0.926,FALSE_POS_LOCAL_ANESTHETIC,VALIDATED_LAB_CONFIRMED,LAB-CONFIRM-81159,LC-MS/MS (Liquid Chromatography-Tandem Mass Spectrometry),Procaine / Benzocaine (Local Anesthetic),0.0,N/A (Inert Sample),TRUE_POSITIVE,TRAIN_SET
FS-2026-01161,2026-06-28T05:51:00Z,OP-FORENSIC-117,Customs_Evidence_Unit,Off-White Powder,Duquenois-Levine Reagent (Vanillin/Acetaldehyde),LOT-2026-DUQN-352,2363,27.5,FAIL_GEOMETRY,10.683,86.37,-1.35,4.1,,,,,,,,,,,,FieldSure-Narcotics-v2.1,0.23,ABSTAIN_FAIL_GEOMETRY,UNVALIDATED_QC_ABSTAIN,LAB-CONFIRM-81160,LC-MS/MS (Liquid Chromatography-Tandem Mass Spectrometry),LSD (Lysergic Acid Diethylamide),34.46,Lactose / Starch,ABSTAINED_NO_PREDICTION,TRAIN_SET
FS-2026-01162,2026-06-28T06:09:00Z,OP-FORENSIC-105,Metropolitan_Task_Force,Crystalline Powder,Scott Reagent (Cobalt Thiocyanate Phase),LOT-2026-SCOT-781,2363,23.9,PASS,0.499,91.62,0.52,3.83,71.57,-5.26,13.2,56.03,-6.79,21.12,48.15,-10.51,25.79,49.935,0.8322,FieldSure-Narcotics-v2.1,0.902,FALSE_POS_LOCAL_ANESTHETIC,VALIDATED_LAB_CONFIRMED,LAB-CONFIRM-81161,GC-MS (Gas Chromatography-Mass Spectrometry),Procaine / Benzocaine (Local Anesthetic),0.0,N/A (Inert Sample),TRUE_POSITIVE,TRAIN_SET
FS-2026-01163,2026-06-28T08:15:00Z,OP-FORENSIC-122,Customs_Evidence_Unit,Crystalline Powder,Mecke Reagent (Selenious Acid/Sulfuric Acid),LOT-2026-MECK-511,2363,21.6,PASS,0.9,95.9,0.34,2.87,95.61,1.75,2.72,95.48,2.14,4.15,95.26,1.7,4.5,2.217,0.037,FieldSure-Narcotics-v2.1,0.971,NEG_NO_REACTION,VALIDATED_LAB_CONFIRMED,LAB-CONFIRM-81162,GC-MS (Gas Chromatography-Mass Spectrometry),Methamphetamine HCl,81.86,Lactose / Starch,TRUE_POSITIVE,TRAIN_SET
FS-2026-01164,2026-06-28T09:53:00Z,OP-FORENSIC-113,Border_Control_Post_3,Crystalline Powder,Marquis Reagent (Formaldehyde/Sulfuric Acid),LOT-2026-MARQ-909,564,20.7,PASS,1.562,91.49,1.77,4.09,89.31,3.3,4.18,90.03,1.3,4.2,89.02,2.8,5.18,2.89,0.0482,FieldSure-Narcotics-v2.1,0.946,NEG_NO_REACTION,VALIDATED_LAB_CONFIRMED,LAB-CONFIRM-81163,GC-MS (Gas Chromatography-Mass Spectrometry),LSD (Lysergic Acid Diethylamide),27.08,Dimethylsulfone (18.4%),TRUE_POSITIVE,TRAIN_SET
FS-2026-01165,2026-06-28T11:28:00Z,OP-FORENSIC-123,Customs_Evidence_Unit,Crystalline Powder,Scott Reagent (Cobalt Thiocyanate Phase),LOT-2026-SCOT-426,564,18.0,PASS,1.809,94.97,2.45,2.93,93.58,3.4,2.59,92.1,3.76,4.2,91.72,4.17,3.28,3.694,0.0616,FieldSure-Narcotics-v2.1,0.904,NEG_NO_REACTION,VALIDATED_LAB_CONFIRMED,LAB-CONFIRM-81164,GC-MS (Gas Chromatography-Mass Spectrometry),"3,4-MDMA (Ecstasy)",85.0,Lactose / Starch,TRUE_POSITIVE,TRAIN_SET
FS-2026-01166,2026-06-28T11:48:00Z,OP-FORENSIC-112,Metropolitan_Task_Force,Plant Matter Extract,Marquis Reagent (Formaldehyde/Sulfuric Acid),LOT-2026-MARQ-257,2363,16.1,PASS,1.584,93.26,1.45,3.68,72.27,22.58,3.22,57.68,39.45,3.08,47.86,48.12,2.05,65.13,1.0855,FieldSure-Narcotics-v2.1,0.962,POS_MDMA,VALIDATED_LAB_CONFIRMED,LAB-CONFIRM-81165,LC-MS/MS (Liquid Chromatography-Tandem Mass Spectrometry),"3,4-MDMA (Ecstasy)",65.1,Phenacetin (11.0%),TRUE_POSITIVE,TRAIN_SET
FS-2026-01167,2026-06-28T13:49:00Z,OP-FORENSIC-105,Metropolitan_Task_Force,Off-White Powder,Mandelin Reagent (Ammonium Vanadate/Sulfuric Acid),LOT-2026-MAND-556,564,21.8,PASS,1.509,87.63,-0.83,3.49,86.8,-0.13,2.76,87.67,-0.57,3.54,87.43,-1.31,3.37,0.534,0.0089,FieldSure-Narcotics-v2.1,0.913,NEG_NO_REACTION,VALIDATED_LAB_CONFIRMED,LAB-CONFIRM-81166,LC-MS/MS (Liquid Chromatography-Tandem Mass Spectrometry),LSD (Lysergic Acid Diethylamide),57.72,Phenacetin (11.0%),TRUE_POSITIVE,TRAIN_SET
FS-2026-01168,2026-06-28T15:40:00Z,OP-FORENSIC-109,Metropolitan_Task_Force,Tar/Sticky Resin,Ehrlich Reagent (p-DMAB/HCl),LOT-2026-EHRL-917,7589,23.5,PASS,0.727,94.67,-0.9,3.51,93.03,-0.79,4.34,93.03,-1.5,3.91,93.5,-0.6,4.58,1.614,0.0269,FieldSure-Narcotics-v2.1,0.901,NEG_NO_REACTION,VALIDATED_LAB_CONFIRMED,LAB-CONFIRM-81167,GC-MS (Gas Chromatography-Mass Spectrometry),Heroin Hydrochloride,69.96,Lactose / Starch,TRUE_POSITIVE,TRAIN_SET
FS-2026-01169,2026-06-28T15:57:00Z,OP-FORENSIC-116,State_Forensic_Field_Team,Pressed Tablet (Crushed),Marquis Reagent (Formaldehyde/Sulfuric Acid),LOT-2026-MARQ-156,2363,25.3,PASS,1.026,89.2,-1.0,3.82,72.23,-9.14,-8.22,58.99,-14.73,-15.92,51.4,-18.18,-19.75,47.745,0.7958,FieldSure-Narcotics-v2.1,0.907,POS_FENTANYL_WEAK,VALIDATED_LAB_CONFIRMED,LAB-CONFIRM-81168,LC-MS/MS (Liquid Chromatography-Tandem Mass Spectrometry),Fentanyl HCl (Trace / Weak Response),14.76,Levamisole (8.2%),TRUE_POSITIVE,TRAIN_SET
FS-2026-01170,2026-06-28T16:04:00Z,OP-FORENSIC-104,Border_Control_Post_3,Crystalline Powder,Simon's Reagent (Sodium Nitroprusside/Acetaldehyde),LOT-2026-SIMN-140,7589,18.5,PASS,0.782,93.12,1.11,1.72,93.01,1.6,1.76,91.68,2.17,1.2,91.92,1.78,0.91,1.595,0.0266,FieldSure-Narcotics-v2.1,0.966,NEG_NO_REACTION,VALIDATED_LAB_CONFIRMED,LAB-CONFIRM-81169,GC-MS (Gas Chromatography-Mass Spectrometry),Fentanyl HCl (Trace / Weak Response),7.38,Lactose / Starch,TRUE_POSITIVE,TRAIN_SET
FS-2026-01171,2026-06-28T16:27:00Z,OP-FORENSIC-121,Customs_Evidence_Unit,Off-White Powder,Mandelin Reagent (Ammonium Vanadate/Sulfuric Acid),LOT-2026-MAND-854,2363,22.2,PASS,0.901,92.59,-0.35,1.86,91.34,-0.04,2.01,89.34,-1.42,2.22,89.49,-0.33,2.59,3.185,0.0531,FieldSure-Narcotics-v2.1,0.963,NEG_NO_REACTION,VALIDATED_LAB_CONFIRMED,LAB-CONFIRM-81170,GC-MS (Gas Chromatography-Mass Spectrometry),"3,4-MDMA (Ecstasy)",80.57,None (High Purity Grade),TRUE_POSITIVE,TRAIN_SET
FS-2026-01172,2026-06-29T00:09:00Z,OP-FORENSIC-121,District_Lab_North,Crystalline Powder,Ehrlich Reagent (p-DMAB/HCl),LOT-2026-EHRL-969,564,32.4,PASS,0.986,87.04,-0.69,1.1,88.15,-2.77,0.44,86.6,-1.61,2.48,86.79,-1.6,1.52,1.033,0.0172,FieldSure-Narcotics-v2.1,0.957,NEG_NO_REACTION,VALIDATED_LAB_CONFIRMED,LAB-CONFIRM-81171,LC-MS/MS (Liquid Chromatography-Tandem Mass Spectrometry),Delta-9-THC,71.44,Lactose / Starch,TRUE_POSITIVE,TRAIN_SET
FS-2026-01173,2026-06-29T01:20:00Z,OP-FORENSIC-102,Border_Control_Post_3,Off-White Powder,Mecke Reagent (Selenious Acid/Sulfuric Acid),LOT-2026-MECK-180,2363,23.6,PASS,1.332,90.74,1.89,1.84,87.36,1.98,1.57,87.23,3.06,2.17,86.29,2.96,1.92,4.578,0.0763,FieldSure-Narcotics-v2.1,0.929,NEG_NO_REACTION,VALIDATED_LAB_CONFIRMED,LAB-CONFIRM-81172,GC-MS (Gas Chromatography-Mass Spectrometry),Delta-9-THC,74.04,Levamisole (8.2%),TRUE_POSITIVE,TRAIN_SET
FS-2026-01174,2026-06-29T07:54:00Z,OP-FORENSIC-102,State_Forensic_Field_Team,Paper Blotter Segment,Mecke Reagent (Selenious Acid/Sulfuric Acid),LOT-2026-MECK-710,564,15.7,PASS,0.564,87.92,1.84,2.7,87.34,2.03,4.28,85.52,2.76,3.77,86.38,3.2,4.39,2.66,0.0443,FieldSure-Narcotics-v2.1,0.947,NEG_NO_REACTION,VALIDATED_LAB_CONFIRMED,LAB-CONFIRM-81173,GC-MS (Gas Chromatography-Mass Spectrometry),Inert Cutting Agent (Lactose/Caffeine),0.0,N/A (Inert Sample),TRUE_NEGATIVE,TRAIN_SET
FS-2026-01175,2026-06-29T10:10:00Z,OP-FORENSIC-115,Customs_Evidence_Unit,Crystalline Powder,Mecke Reagent (Selenious Acid/Sulfuric Acid),LOT-2026-MECK-411,2363,22.5,FAIL_GLARE,11.933,90.08,1.42,1.08,,,,,,,,,,,,FieldSure-Narcotics-v2.1,0.082,ABSTAIN_FAIL_GLARE,UNVALIDATED_QC_ABSTAIN,LAB-CONFIRM-81174,LC-MS/MS (Liquid Chromatography-Tandem Mass Spectrometry),Delta-9-THC,49.67,Phenacetin (11.0%),ABSTAINED_NO_PREDICTION,TRAIN_SET
FS-2026-01176,2026-06-29T14:22:00Z,OP-FORENSIC-119,Border_Control_Post_3,Crystalline Powder,Duquenois-Levine Reagent (Vanillin/Acetaldehyde),LOT-2026-DUQN-960,2363,19.2,FAIL_GEOMETRY,10.101,93.8,-1.42,4.1,,,,,,,,,,,,FieldSure-Narcotics-v2.1,0.037,ABSTAIN_FAIL_GEOMETRY,UNVALIDATED_QC_ABSTAIN,LAB-CONFIRM-81175,GC-MS (Gas Chromatography-Mass Spectrometry),Methamphetamine HCl,74.52,Levamisole (8.2%),ABSTAINED_NO_PREDICTION,TRAIN_SET
FS-2026-01177,2026-06-29T17:04:00Z,OP-FORENSIC-118,State_Forensic_Field_Team,Pressed Tablet (Crushed),Scott Reagent (Cobalt Thiocyanate Phase),LOT-2026-SCOT-419,2363,25.3,PASS,0.792,95.14,1.23,1.09,94.23,1.79,1.69,92.65,0.92,1.64,91.94,2.06,2.27,3.51,0.0585,FieldSure-Narcotics-v2.1,0.987,NEG_NO_REACTION,VALIDATED_LAB_CONFIRMED,LAB-CONFIRM-81176,GC-MS (Gas Chromatography-Mass Spectrometry),"3,4-MDMA (Ecstasy)",72.51,Phenacetin (11.0%),TRUE_POSITIVE,TRAIN_SET
FS-2026-01178,2026-06-29T17:10:00Z,OP-FORENSIC-100,Border_Control_Post_3,Off-White Powder,Mecke Reagent (Selenious Acid/Sulfuric Acid),LOT-2026-MECK-428,7589,17.6,PASS,0.904,88.42,-0.73,5.0,86.7,0.68,4.55,84.99,1.05,4.79,85.5,1.23,5.57,3.563,0.0594,FieldSure-Narcotics-v2.1,0.913,NEG_NO_REACTION,VALIDATED_LAB_CONFIRMED,LAB-CONFIRM-81177,GC-MS (Gas Chromatography-Mass Spectrometry),Delta-9-THC,57.95,Levamisole (8.2%),TRUE_POSITIVE,TRAIN_SET
FS-2026-01179,2026-06-29T19:55:00Z,OP-FORENSIC-106,District_Lab_North,Pressed Tablet (Crushed),Simon's Reagent (Sodium Nitroprusside/Acetaldehyde),LOT-2026-SIMN-470,564,21.7,PASS,1.635,95.23,-1.16,3.22,95.18,-0.03,4.9,92.94,-0.56,5.05,92.97,0.19,5.15,3.264,0.0544,FieldSure-Narcotics-v2.1,0.922,NEG_NO_REACTION,VALIDATED_LAB_CONFIRMED,LAB-CONFIRM-81178,LC-MS/MS (Liquid Chromatography-Tandem Mass Spectrometry),Heroin Hydrochloride,40.61,Dimethylsulfone (18.4%),TRUE_POSITIVE,TRAIN_SET
FS-2026-01180,2026-06-29T20:31:00Z,OP-FORENSIC-100,Metropolitan_Task_Force,Pressed Tablet (Crushed),Scott Reagent (Cobalt Thiocyanate Phase),LOT-2026-SCOT-287,7589,23.1,PASS,1.805,91.63,-1.05,5.25,79.56,17.85,16.28,71.57,33.73,23.54,65.5,43.87,29.46,57.33,0.9555,FieldSure-Narcotics-v2.1,0.993,POS_COCAINE,VALIDATED_LAB_CONFIRMED,LAB-CONFIRM-81179,GC-MS (Gas Chromatography-Mass Spectrometry),Cocaine Hydrochloride,76.47,Lactose / Starch,TRUE_POSITIVE,TRAIN_SET
FS-2026-01181,2026-06-29T21:05:00Z,OP-FORENSIC-112,Customs_Evidence_Unit,Crystalline Powder,Mecke Reagent (Selenious Acid/Sulfuric Acid),LOT-2026-MECK-444,7589,26.3,PASS,1.193,95.33,1.53,1.23,93.63,1.78,1.11,93.38,0.41,2.88,94.24,1.2,2.32,1.576,0.0263,FieldSure-Narcotics-v2.1,0.988,NEG_NO_REACTION,VALIDATED_LAB_CONFIRMED,LAB-CONFIRM-81180,GC-MS (Gas Chromatography-Mass Spectrometry),Methamphetamine HCl,66.82,Levamisole (8.2%),TRUE_POSITIVE,TRAIN_SET
FS-2026-01182,2026-06-29T22:34:00Z,OP-FORENSIC-100,State_Forensic_Field_Team,Pressed Tablet (Crushed),Marquis Reagent (Formaldehyde/Sulfuric Acid),LOT-2026-MARQ-191,7589,24.4,PASS,0.884,87.15,2.45,4.71,87.0,1.88,5.82,85.93,2.11,6.7,85.87,2.56,6.82,2.47,0.0412,FieldSure-Narcotics-v2.1,0.968,NEG_NO_REACTION,VALIDATED_LAB_CONFIRMED,LAB-CONFIRM-81181,GC-MS (Gas Chromatography-Mass Spectrometry),LSD (Lysergic Acid Diethylamide),23.87,Dimethylsulfone (18.4%),TRUE_POSITIVE,TRAIN_SET
FS-2026-01183,2026-06-30T01:58:00Z,OP-FORENSIC-111,Metropolitan_Task_Force,Crystalline Powder,Duquenois-Levine Reagent (Vanillin/Acetaldehyde),LOT-2026-DUQN-267,2363,20.9,PASS,0.627,89.05,-0.5,3.65,75.08,0.88,-1.88,60.26,1.57,-6.47,54.18,2.09,-8.63,37.06,0.6177,FieldSure-Narcotics-v2.1,0.959,POS_CANNABINOID_THC,VALIDATED_LAB_CONFIRMED,LAB-CONFIRM-81182,LC-MS/MS (Liquid Chromatography-Tandem Mass Spectrometry),Delta-9-THC,50.8,Lactose / Starch,TRUE_POSITIVE,TRAIN_SET
FS-2026-01184,2026-06-30T02:06:00Z,OP-FORENSIC-108,Border_Control_Post_3,Pressed Tablet (Crushed),Simon's Reagent (Sodium Nitroprusside/Acetaldehyde),LOT-2026-SIMN-532,564,20.8,PASS,1.747,95.12,2.13,1.29,95.7,2.55,1.2,93.68,3.8,2.64,94.36,3.06,2.57,1.755,0.0292,FieldSure-Narcotics-v2.1,0.99,NEG_NO_REACTION,VALIDATED_LAB_CONFIRMED,LAB-CONFIRM-81183,GC-MS (Gas Chromatography-Mass Spectrometry),Heroin Hydrochloride,57.45,Dimethylsulfone (18.4%),TRUE_POSITIVE,TRAIN_SET
FS-2026-01185,2026-06-30T02:54:00Z,OP-FORENSIC-100,Customs_Evidence_Unit,Liquid Solution (Diluted),Duquenois-Levine Reagent (Vanillin/Acetaldehyde),LOT-2026-DUQN-707,2363,32.0,PASS,0.709,94.21,-0.57,1.14,71.99,3.95,7.68,59.01,7.62,11.54,49.3,10.21,14.88,48.186,0.8031,FieldSure-Narcotics-v2.1,0.969,POS_CANNABINOID_THC,VALIDATED_LAB_CONFIRMED,LAB-CONFIRM-81184,GC-MS (Gas Chromatography-Mass Spectrometry),Delta-9-THC,52.44,Levamisole (8.2%),TRUE_POSITIVE,TRAIN_SET
FS-2026-01186,2026-06-30T07:55:00Z,OP-FORENSIC-112,State_Forensic_Field_Team,Crystalline Powder,Scott Reagent (Cobalt Thiocyanate Phase),LOT-2026-SCOT-385,7589,27.7,PASS,0.83,88.97,-0.3,5.67,87.9,-0.05,5.89,86.58,0.02,4.74,86.99,-0.05,4.8,2.177,0.0363,FieldSure-Narcotics-v2.1,0.951,NEG_NO_REACTION,VALIDATED_LAB_CONFIRMED,LAB-CONFIRM-81185,FTIR (Fourier Transform Infrared Spectroscopy),Methamphetamine HCl,77.83,Lactose / Starch,TRUE_POSITIVE,TRAIN_SET
FS-2026-01187,2026-06-30T12:16:00Z,OP-FORENSIC-104,State_Forensic_Field_Team,Tar/Sticky Resin,Ehrlich Reagent (p-DMAB/HCl),LOT-2026-EHRL-247,2363,14.5,PASS,0.587,89.4,0.75,1.65,64.42,-11.47,6.64,47.6,-18.23,9.96,37.09,-23.0,12.72,58.506,0.9751,FieldSure-Narcotics-v2.1,0.978,POS_INDOLE_LSD,VALIDATED_LAB_CONFIRMED,LAB-CONFIRM-81186,GC-MS (Gas Chromatography-Mass Spectrometry),LSD (Lysergic Acid Diethylamide),42.44,Levamisole (8.2%),TRUE_POSITIVE,TRAIN_SET
FS-2026-01188,2026-06-30T13:30:00Z,OP-FORENSIC-119,State_Forensic_Field_Team,Tar/Sticky Resin,Marquis Reagent (Formaldehyde/Sulfuric Acid),LOT-2026-MARQ-795,7589,18.9,PASS,0.737,94.76,2.38,1.4,94.91,1.26,0.8,94.43,1.55,1.21,93.29,2.61,1.76,1.531,0.0255,FieldSure-Narcotics-v2.1,0.929,NEG_NO_REACTION,VALIDATED_LAB_CONFIRMED,LAB-CONFIRM-81187,GC-MS (Gas Chromatography-Mass Spectrometry),LSD (Lysergic Acid Diethylamide),44.22,Phenacetin (11.0%),TRUE_POSITIVE,TRAIN_SET
FS-2026-01189,2026-06-30T16:10:00Z,OP-FORENSIC-112,State_Forensic_Field_Team,Crystalline Powder,Ehrlich Reagent (p-DMAB/HCl),LOT-2026-EHRL-926,564,23.5,PASS,1.234,88.78,1.27,1.85,86.38,2.34,2.3,86.02,0.17,2.76,85.78,2.11,3.86,3.708,0.0618,FieldSure-Narcotics-v2.1,0.985,NEG_NO_REACTION,VALIDATED_LAB_CONFIRMED,LAB-CONFIRM-81188,GC-MS (Gas Chromatography-Mass Spectrometry),Delta-9-THC,63.15,Phenacetin (11.0%),TRUE_POSITIVE,TRAIN_SET
FS-2026-01190,2026-06-30T20:28:00Z,OP-FORENSIC-101,Customs_Evidence_Unit,Crystalline Powder,Scott Reagent (Cobalt Thiocyanate Phase),LOT-2026-SCOT-496,564,24.7,PASS,1.365,90.09,1.88,2.39,75.88,0.44,19.71,65.21,-0.27,34.68,58.1,-1.53,42.99,51.801,0.8634,FieldSure-Narcotics-v2.1,0.943,FALSE_POS_LOCAL_ANESTHETIC,VALIDATED_LAB_CONFIRMED,LAB-CONFIRM-81189,LC-MS/MS (Liquid Chromatography-Tandem Mass Spectrometry),Procaine / Benzocaine (Local Anesthetic),0.0,N/A (Inert Sample),TRUE_POSITIVE,TRAIN_SET
FS-2026-01191,2026-07-01T08:52:00Z,OP-FORENSIC-112,Metropolitan_Task_Force,Pressed Tablet (Crushed),Mandelin Reagent (Ammonium Vanadate/Sulfuric Acid),LOT-2026-MAND-844,2363,20.5,PASS,0.706,95.96,-1.15,3.39,97.15,-1.9,5.14,95.2,-1.19,4.46,94.96,-0.79,5.15,2.056,0.0343,FieldSure-Narcotics-v2.1,0.988,NEG_NO_REACTION,VALIDATED_LAB_CONFIRMED,LAB-CONFIRM-81190,GC-MS (Gas Chromatography-Mass Spectrometry),Procaine / Benzocaine (Local Anesthetic),0.0,N/A (Inert Sample),TRUE_NEGATIVE,TRAIN_SET
FS-2026-01192,2026-07-01T20:48:00Z,OP-FORENSIC-120,State_Forensic_Field_Team,Crystalline Powder,Mandelin Reagent (Ammonium Vanadate/Sulfuric Acid),LOT-2026-MAND-848,7589,24.4,FAIL_GEOMETRY,10.344,88.93,2.26,2.51,,,,,,,,,,,,FieldSure-Narcotics-v2.1,0.227,ABSTAIN_FAIL_GEOMETRY,UNVALIDATED_QC_ABSTAIN,LAB-CONFIRM-81191,LC-MS/MS (Liquid Chromatography-Tandem Mass Spectrometry),LSD (Lysergic Acid Diethylamide),54.97,Lactose / Starch,ABSTAINED_NO_PREDICTION,TRAIN_SET
FS-2026-01193,2026-07-02T00:53:00Z,OP-FORENSIC-123,Border_Control_Post_3,Crystalline Powder,Simon's Reagent (Sodium Nitroprusside/Acetaldehyde),LOT-2026-SIMN-954,564,20.0,PASS,1.546,94.21,0.98,1.77,94.42,1.32,0.87,92.49,2.22,0.74,93.34,3.0,1.02,2.324,0.0387,FieldSure-Narcotics-v2.1,0.972,NEG_NO_REACTION,VALIDATED_LAB_CONFIRMED,LAB-CONFIRM-81192,GC-MS (Gas Chromatography-Mass Spectrometry),Cocaine Hydrochloride,79.62,None (High Purity Grade),TRUE_POSITIVE,TRAIN_SET
FS-2026-01194,2026-07-02T03:45:00Z,OP-FORENSIC-108,District_Lab_North,Tar/Sticky Resin,Ehrlich Reagent (p-DMAB/HCl),LOT-2026-EHRL-213,2363,27.8,PASS,0.594,89.55,-0.8,1.07,89.2,-2.03,0.26,89.57,-0.12,0.94,88.63,-0.08,1.47,1.235,0.0206,FieldSure-Narcotics-v2.1,0.914,NEG_NO_REACTION,VALIDATED_LAB_CONFIRMED,LAB-CONFIRM-81193,GC-MS (Gas Chromatography-Mass Spectrometry),Inert Cutting Agent (Lactose/Caffeine),0.0,N/A (Inert Sample),TRUE_NEGATIVE,TRAIN_SET
FS-2026-01195,2026-07-02T06:19:00Z,OP-FORENSIC-119,State_Forensic_Field_Team,Pressed Tablet (Crushed),Duquenois-Levine Reagent (Vanillin/Acetaldehyde),LOT-2026-DUQN-773,2363,11.7,FAIL_GEOMETRY,11.175,86.11,0.23,2.04,,,,,,,,,,,,FieldSure-Narcotics-v2.1,0.041,ABSTAIN_FAIL_GEOMETRY,UNVALIDATED_QC_ABSTAIN,LAB-CONFIRM-81194,LC-MS/MS (Liquid Chromatography-Tandem Mass Spectrometry),LSD (Lysergic Acid Diethylamide),52.66,Levamisole (8.2%),ABSTAINED_NO_PREDICTION,TRAIN_SET
FS-2026-01196,2026-07-02T06:38:00Z,OP-FORENSIC-103,District_Lab_North,Tar/Sticky Resin,Simon's Reagent (Sodium Nitroprusside/Acetaldehyde),LOT-2026-SIMN-798,564,23.9,PASS,1.711,93.52,-0.02,4.15,92.72,-0.16,4.92,90.96,1.98,4.0,90.15,1.44,4.42,3.683,0.0614,FieldSure-Narcotics-v2.1,0.935,NEG_NO_REACTION,VALIDATED_LAB_CONFIRMED,LAB-CONFIRM-81195,LC-MS/MS (Liquid Chromatography-Tandem Mass Spectrometry),Fentanyl HCl (Trace / Weak Response),10.87,Phenacetin (11.0%),TRUE_POSITIVE,TRAIN_SET
FS-2026-01197,2026-07-02T07:46:00Z,OP-FORENSIC-103,Border_Control_Post_3,Crystalline Powder,Ehrlich Reagent (p-DMAB/HCl),LOT-2026-EHRL-168,564,25.3,PASS,1.479,88.04,-0.18,4.5,87.21,-0.98,4.98,85.64,0.45,3.84,85.33,0.48,4.23,2.802,0.0467,FieldSure-Narcotics-v2.1,0.956,NEG_NO_REACTION,VALIDATED_LAB_CONFIRMED,LAB-CONFIRM-81196,LC-MS/MS (Liquid Chromatography-Tandem Mass Spectrometry),"3,4-MDMA (Ecstasy)",62.82,Dimethylsulfone (18.4%),TRUE_POSITIVE,TRAIN_SET
FS-2026-01198,2026-07-02T11:53:00Z,OP-FORENSIC-108,State_Forensic_Field_Team,Crystalline Powder,Mecke Reagent (Selenious Acid/Sulfuric Acid),LOT-2026-MECK-904,564,17.5,PASS,0.83,89.48,0.97,4.64,87.08,0.63,6.01,86.51,-0.48,5.49,85.27,-0.12,5.27,4.394,0.0732,FieldSure-Narcotics-v2.1,0.922,NEG_NO_REACTION,VALIDATED_LAB_CONFIRMED,LAB-CONFIRM-81197,GC-MS (Gas Chromatography-Mass Spectrometry),Procaine / Benzocaine (Local Anesthetic),0.0,N/A (Inert Sample),TRUE_NEGATIVE,TRAIN_SET
FS-2026-01199,2026-07-02T12:56:00Z,OP-FORENSIC-107,Customs_Evidence_Unit,Crystalline Powder,Simon's Reagent (Sodium Nitroprusside/Acetaldehyde),LOT-2026-SIMN-327,564,23.1,PASS,1.038,87.17,1.8,5.4,86.43,1.95,7.9,85.41,0.56,7.48,85.85,1.06,8.17,3.156,0.0526,FieldSure-Narcotics-v2.1,0.94,NEG_NO_REACTION,VALIDATED_LAB_CONFIRMED,LAB-CONFIRM-81198,LC-MS/MS (Liquid Chromatography-Tandem Mass Spectrometry),Methamphetamine HCl,90.23,None (High Purity Grade),TRUE_POSITIVE,TRAIN_SET
FS-2026-01200,2026-07-02T16:05:00Z,OP-FORENSIC-120,District_Lab_North,Pressed Tablet (Crushed),Mecke Reagent (Selenious Acid/Sulfuric Acid),LOT-2026-MECK-889,2363,21.8,FAIL_GLARE,5.695,87.17,-1.14,4.03,,,,,,,,,,,,FieldSure-Narcotics-v2.1,0.185,ABSTAIN_FAIL_GLARE,UNVALIDATED_QC_ABSTAIN,LAB-CONFIRM-81199,GC-MS (Gas Chromatography-Mass Spectrometry),Procaine / Benzocaine (Local Anesthetic),0.0,N/A (Inert Sample),ABSTAINED_NO_PREDICTION,TRAIN_SET
FS-2026-01201,2026-07-03T03:22:00Z,OP-FORENSIC-114,Border_Control_Post_3,Tar/Sticky Resin,Mecke Reagent (Selenious Acid/Sulfuric Acid),LOT-2026-MECK-993,2363,17.9,PASS,1.592,86.45,-0.34,3.39,86.15,-0.14,3.89,85.72,-0.36,4.56,85.4,-0.53,5.46,2.329,0.0388,FieldSure-Narcotics-v2.1,0.934,NEG_NO_REACTION,VALIDATED_LAB_CONFIRMED,LAB-CONFIRM-81200,LC-MS/MS (Liquid Chromatography-Tandem Mass Spectrometry),Fentanyl HCl (Trace / Weak Response),14.6,Caffeine (14.5%),TRUE_POSITIVE,TRAIN_SET
FS-2026-01202,2026-07-03T05:15:00Z,OP-FORENSIC-117,Customs_Evidence_Unit,Pressed Tablet (Crushed),Duquenois-Levine Reagent (Vanillin/Acetaldehyde),LOT-2026-DUQN-550,564,22.9,PASS,0.874,87.24,1.05,1.55,85.68,1.34,1.29,86.0,2.55,2.1,86.0,3.27,2.92,2.888,0.0481,FieldSure-Narcotics-v2.1,0.958,NEG_NO_REACTION,VALIDATED_LAB_CONFIRMED,LAB-CONFIRM-81201,GC-MS (Gas Chromatography-Mass Spectrometry),Cocaine Hydrochloride,83.8,None (High Purity Grade),TRUE_POSITIVE,TRAIN_SET
FS-2026-01203,2026-07-03T08:34:00Z,OP-FORENSIC-119,Customs_Evidence_Unit,Pressed Tablet (Crushed),Marquis Reagent (Formaldehyde/Sulfuric Acid),LOT-2026-MARQ-340,7589,25.3,PASS,1.136,86.93,-0.2,1.55,86.09,-1.02,1.78,86.84,-0.45,1.96,85.86,-1.0,2.86,1.871,0.0312,FieldSure-Narcotics-v2.1,0.925,NEG_NO_REACTION,VALIDATED_LAB_CONFIRMED,LAB-CONFIRM-81202,FTIR (Fourier Transform Infrared Spectroscopy),Cocaine Hydrochloride,72.08,None (High Purity Grade),TRUE_POSITIVE,TRAIN_SET
FS-2026-01204,2026-07-03T11:15:00Z,OP-FORENSIC-111,District_Lab_North,Pressed Tablet (Crushed),Marquis Reagent (Formaldehyde/Sulfuric Acid),LOT-2026-MARQ-322,2363,24.5,FAIL_GLARE,5.618,87.44,-1.05,2.72,,,,,,,,,,,,FieldSure-Narcotics-v2.1,0.124,ABSTAIN_FAIL_GLARE,UNVALIDATED_QC_ABSTAIN,LAB-CONFIRM-81203,LC-MS/MS (Liquid Chromatography-Tandem Mass Spectrometry),Delta-9-THC,30.23,Dimethylsulfone (18.4%),ABSTAINED_NO_PREDICTION,TRAIN_SET
FS-2026-01205,2026-07-03T15:54:00Z,OP-FORENSIC-116,State_Forensic_Field_Team,Off-White Powder,Mecke Reagent (Selenious Acid/Sulfuric Acid),LOT-2026-MECK-548,564,13.7,PASS,1.403,90.88,-0.44,1.04,90.13,0.43,0.56,89.11,-1.77,0.2,89.0,-1.34,0.38,2.186,0.0364,FieldSure-Narcotics-v2.1,0.977,NEG_NO_REACTION,VALIDATED_LAB_CONFIRMED,LAB-CONFIRM-81204,GC-MS (Gas Chromatography-Mass Spectrometry),Inert Cutting Agent (Lactose/Caffeine),0.0,N/A (Inert Sample),TRUE_NEGATIVE,TRAIN_SET
FS-2026-01206,2026-07-03T17:33:00Z,OP-FORENSIC-111,State_Forensic_Field_Team,Liquid Solution (Diluted),Duquenois-Levine Reagent (Vanillin/Acetaldehyde),LOT-2026-DUQN-649,2363,20.0,FAIL_BLUR,10.9,86.29,0.38,4.59,,,,,,,,,,,,FieldSure-Narcotics-v2.1,0.035,ABSTAIN_FAIL_BLUR,UNVALIDATED_QC_ABSTAIN,LAB-CONFIRM-81205,LC-MS/MS (Liquid Chromatography-Tandem Mass Spectrometry),Methamphetamine HCl,83.88,Levamisole (8.2%),ABSTAINED_NO_PREDICTION,TRAIN_SET
FS-2026-01207,2026-07-03T19:08:00Z,OP-FORENSIC-106,District_Lab_North,Crystalline Powder,Mecke Reagent (Selenious Acid/Sulfuric Acid),LOT-2026-MECK-747,7589,13.8,PASS,1.11,86.16,-0.07,4.82,86.02,-0.08,6.29,84.5,0.48,6.88,84.53,-1.13,7.69,3.467,0.0578,FieldSure-Narcotics-v2.1,0.99,NEG_NO_REACTION,VALIDATED_LAB_CONFIRMED,LAB-CONFIRM-81206,GC-MS (Gas Chromatography-Mass Spectrometry),Heroin Hydrochloride,71.63,Lactose / Starch,TRUE_POSITIVE,TRAIN_SET
FS-2026-01208,2026-07-03T19:39:00Z,OP-FORENSIC-101,State_Forensic_Field_Team,Liquid Solution (Diluted),Duquenois-Levine Reagent (Vanillin/Acetaldehyde),LOT-2026-DUQN-545,564,20.3,PASS,1.364,86.81,1.13,1.29,86.83,-0.65,2.85,86.15,-0.22,2.34,86.07,0.07,3.69,2.726,0.0454,FieldSure-Narcotics-v2.1,0.968,NEG_NO_REACTION,VALIDATED_LAB_CONFIRMED,LAB-CONFIRM-81207,GC-MS (Gas Chromatography-Mass Spectrometry),Inert Cutting Agent (Lactose/Caffeine),0.0,N/A (Inert Sample),TRUE_NEGATIVE,TRAIN_SET
FS-2026-01209,2026-07-04T00:31:00Z,OP-FORENSIC-113,District_Lab_North,Tar/Sticky Resin,Ehrlich Reagent (p-DMAB/HCl),LOT-2026-EHRL-976,564,25.9,PASS,1.375,86.98,0.32,1.5,85.74,-0.58,1.82,83.73,1.0,3.11,83.36,1.02,3.49,4.19,0.0698,FieldSure-Narcotics-v2.1,0.922,NEG_NO_REACTION,VALIDATED_LAB_CONFIRMED,LAB-CONFIRM-81208,GC-MS (Gas Chromatography-Mass Spectrometry),Methamphetamine HCl,73.31,Phenacetin (11.0%),TRUE_POSITIVE,TRAIN_SET
FS-2026-01210,2026-07-04T01:20:00Z,OP-FORENSIC-103,Metropolitan_Task_Force,Tar/Sticky Resin,Duquenois-Levine Reagent (Vanillin/Acetaldehyde),LOT-2026-DUQN-464,564,28.3,PASS,1.409,95.75,1.91,5.86,96.3,1.98,7.11,96.37,1.49,8.86,94.93,1.44,7.87,2.221,0.037,FieldSure-Narcotics-v2.1,0.924,NEG_NO_REACTION,VALIDATED_LAB_CONFIRMED,LAB-CONFIRM-81209,GC-MS (Gas Chromatography-Mass Spectrometry),LSD (Lysergic Acid Diethylamide),33.42,Dimethylsulfone (18.4%),TRUE_POSITIVE,TRAIN_SET
FS-2026-01211,2026-07-04T01:32:00Z,OP-FORENSIC-109,State_Forensic_Field_Team,Crystalline Powder,Mandelin Reagent (Ammonium Vanadate/Sulfuric Acid),LOT-2026-MAND-820,2363,26.6,PASS,1.136,94.0,-1.42,1.98,92.02,-2.8,1.03,91.86,-1.91,0.95,92.79,-1.93,0.61,1.898,0.0316,FieldSure-Narcotics-v2.1,0.977,NEG_NO_REACTION,VALIDATED_LAB_CONFIRMED,LAB-CONFIRM-81210,GC-MS (Gas Chromatography-Mass Spectrometry),Fentanyl HCl (Trace / Weak Response),15.09,Lactose / Starch,TRUE_POSITIVE,TRAIN_SET
FS-2026-01212,2026-07-04T03:15:00Z,OP-FORENSIC-108,Border_Control_Post_3,Crystalline Powder,Ehrlich Reagent (p-DMAB/HCl),LOT-2026-EHRL-543,2363,24.4,PASS,1.093,89.16,1.57,4.09,87.85,-0.1,3.26,87.23,1.25,4.51,86.2,0.93,4.57,3.066,0.0511,FieldSure-Narcotics-v2.1,0.936,NEG_NO_REACTION,VALIDATED_LAB_CONFIRMED,LAB-CONFIRM-81211,GC-MS (Gas Chromatography-Mass Spectrometry),Delta-9-THC,36.79,Dimethylsulfone (18.4%),TRUE_POSITIVE,TRAIN_SET
FS-2026-01213,2026-07-04T03:39:00Z,OP-FORENSIC-116,District_Lab_North,Crystalline Powder,Duquenois-Levine Reagent (Vanillin/Acetaldehyde),LOT-2026-DUQN-776,7589,29.4,PASS,1.668,87.23,0.07,2.76,69.06,-12.61,14.53,54.43,-21.76,23.44,46.59,-26.45,28.28,54.829,0.9138,FieldSure-Narcotics-v2.1,0.952,POS_CANNABINOID_THC,VALIDATED_LAB_CONFIRMED,LAB-CONFIRM-81212,GC-MS (Gas Chromatography-Mass Spectrometry),Delta-9-THC,47.4,Caffeine (14.5%),TRUE_POSITIVE,TRAIN_SET
FS-2026-01214,2026-07-04T06:58:00Z,OP-FORENSIC-100,Border_Control_Post_3,Liquid Solution (Diluted),Mandelin Reagent (Ammonium Vanadate/Sulfuric Acid),LOT-2026-MAND-194,564,20.0,PASS,0.413,87.73,1.7,2.93,85.95,3.18,3.27,85.77,3.01,6.43,85.06,2.69,5.92,4.129,0.0688,FieldSure-Narcotics-v2.1,0.929,NEG_NO_REACTION,VALIDATED_LAB_CONFIRMED,LAB-CONFIRM-81213,GC-MS (Gas Chromatography-Mass Spectrometry),LSD (Lysergic Acid Diethylamide),20.47,Phenacetin (11.0%),TRUE_POSITIVE,TRAIN_SET
FS-2026-01215,2026-07-04T08:20:00Z,OP-FORENSIC-102,District_Lab_North,Crystalline Powder,Mecke Reagent (Selenious Acid/Sulfuric Acid),LOT-2026-MECK-984,7589,26.5,PASS,0.864,92.89,-0.48,4.37,91.34,0.51,4.09,90.35,1.06,3.82,90.93,-0.61,4.24,1.969,0.0328,FieldSure-Narcotics-v2.1,0.914,NEG_NO_REACTION,VALIDATED_LAB_CONFIRMED,LAB-CONFIRM-81214,GC-MS (Gas Chromatography-Mass Spectrometry),Fentanyl HCl (Trace / Weak Response),8.49,Caffeine (14.5%),TRUE_POSITIVE,TRAIN_SET
FS-2026-01216,2026-07-04T14:42:00Z,OP-FORENSIC-111,Metropolitan_Task_Force,Crystalline Powder,Ehrlich Reagent (p-DMAB/HCl),LOT-2026-EHRL-346,2363,25.8,PASS,0.953,92.15,1.58,3.14,70.18,8.7,17.19,51.82,10.37,28.85,42.69,13.66,34.78,59.944,0.9991,FieldSure-Narcotics-v2.1,0.902,POS_INDOLE_LSD,VALIDATED_LAB_CONFIRMED,LAB-CONFIRM-81215,LC-MS/MS (Liquid Chromatography-Tandem Mass Spectrometry),LSD (Lysergic Acid Diethylamide),39.11,Levamisole (8.2%),TRUE_POSITIVE,TRAIN_SET
FS-2026-01217,2026-07-04T15:05:00Z,OP-FORENSIC-103,Metropolitan_Task_Force,Crystalline Powder,Simon's Reagent (Sodium Nitroprusside/Acetaldehyde),LOT-2026-SIMN-684,564,24.2,PASS,0.774,94.8,2.21,5.66,93.28,2.35,7.12,93.89,2.83,7.5,93.74,2.36,8.04,2.61,0.0435,FieldSure-Narcotics-v2.1,0.923,NEG_NO_REACTION,VALIDATED_LAB_CONFIRMED,LAB-CONFIRM-81216,GC-MS (Gas Chromatography-Mass Spectrometry),Cocaine Hydrochloride,82.62,Lactose / Starch,TRUE_POSITIVE,TRAIN_SET
FS-2026-01218,2026-07-04T17:05:00Z,OP-FORENSIC-118,Border_Control_Post_3,Plant Matter Extract,Scott Reagent (Cobalt Thiocyanate Phase),LOT-2026-SCOT-945,564,27.3,PASS,0.733,93.44,1.33,3.0,92.8,1.23,3.55,91.51,2.19,2.37,92.83,1.6,2.74,0.716,0.0119,FieldSure-Narcotics-v2.1,0.905,NEG_NO_REACTION,VALIDATED_LAB_CONFIRMED,LAB-CONFIRM-81217,GC-MS (Gas Chromatography-Mass Spectrometry),Delta-9-THC,40.46,Phenacetin (11.0%),TRUE_POSITIVE,TRAIN_SET
FS-2026-01219,2026-07-04T17:39:00Z,OP-FORENSIC-117,Customs_Evidence_Unit,Pressed Tablet (Crushed),Mecke Reagent (Selenious Acid/Sulfuric Acid),LOT-2026-MECK-803,564,20.3,PASS,0.43,88.95,-1.14,2.84,87.74,-2.09,4.35,88.17,-2.16,3.62,89.15,-2.2,4.33,1.839,0.0306,FieldSure-Narcotics-v2.1,0.97,NEG_NO_REACTION,VALIDATED_LAB_CONFIRMED,LAB-CONFIRM-81218,LC-MS/MS (Liquid Chromatography-Tandem Mass Spectrometry),Heroin Hydrochloride,78.71,Phenacetin (11.0%),TRUE_POSITIVE,TRAIN_SET
FS-2026-01220,2026-07-04T18:41:00Z,OP-FORENSIC-107,Border_Control_Post_3,Pressed Tablet (Crushed),Marquis Reagent (Formaldehyde/Sulfuric Acid),LOT-2026-MARQ-646,2363,31.5,PASS,1.847,93.76,-0.7,1.61,92.9,-0.51,1.34,89.54,-0.37,1.74,90.09,1.48,1.17,4.291,0.0715,FieldSure-Narcotics-v2.1,0.907,NEG_NO_REACTION,VALIDATED_LAB_CONFIRMED,LAB-CONFIRM-81219,GC-MS (Gas Chromatography-Mass Spectrometry),Cocaine Hydrochloride,77.6,Phenacetin (11.0%),TRUE_POSITIVE,TRAIN_SET
FS-2026-01221,2026-07-04T21:30:00Z,OP-FORENSIC-103,Customs_Evidence_Unit,Paper Blotter Segment,Marquis Reagent (Formaldehyde/Sulfuric Acid),LOT-2026-MARQ-327,7589,16.1,PASS,0.736,86.83,-1.3,3.8,70.79,-13.68,1.86,59.91,-22.47,0.7,53.02,-27.68,-1.03,43.155,0.7193,FieldSure-Narcotics-v2.1,0.982,POS_METHAMPHETAMINE,VALIDATED_LAB_CONFIRMED,LAB-CONFIRM-81220,GC-MS (Gas Chromatography-Mass Spectrometry),Methamphetamine HCl,74.56,Dimethylsulfone (18.4%),TRUE_POSITIVE,TRAIN_SET
FS-2026-01222,2026-07-05T01:14:00Z,OP-FORENSIC-105,District_Lab_North,Off-White Powder,Duquenois-Levine Reagent (Vanillin/Acetaldehyde),LOT-2026-DUQN-762,7589,28.9,PASS,0.548,86.63,1.65,4.16,87.16,0.75,5.22,84.9,0.84,5.93,84.42,1.04,6.47,3.255,0.0542,FieldSure-Narcotics-v2.1,0.965,NEG_NO_REACTION,VALIDATED_LAB_CONFIRMED,LAB-CONFIRM-81221,GC-MS (Gas Chromatography-Mass Spectrometry),"3,4-MDMA (Ecstasy)",86.81,Levamisole (8.2%),TRUE_POSITIVE,TRAIN_SET
FS-2026-01223,2026-07-05T02:40:00Z,OP-FORENSIC-123,Border_Control_Post_3,Off-White Powder,Simon's Reagent (Sodium Nitroprusside/Acetaldehyde),LOT-2026-SIMN-952,564,23.0,PASS,1.482,93.52,1.57,3.99,91.79,1.77,4.26,91.28,2.68,4.64,89.98,2.5,5.9,4.129,0.0688,FieldSure-Narcotics-v2.1,0.902,NEG_NO_REACTION,VALIDATED_LAB_CONFIRMED,LAB-CONFIRM-81222,LC-MS/MS (Liquid Chromatography-Tandem Mass Spectrometry),Inert Cutting Agent (Lactose/Caffeine),0.0,N/A (Inert Sample),TRUE_NEGATIVE,TRAIN_SET
FS-2026-01224,2026-07-05T11:01:00Z,OP-FORENSIC-102,District_Lab_North,Crystalline Powder,Marquis Reagent (Formaldehyde/Sulfuric Acid),LOT-2026-MARQ-738,564,24.4,FAIL_GLARE,9.502,91.89,0.39,5.17,,,,,,,,,,,,FieldSure-Narcotics-v2.1,0.28,ABSTAIN_FAIL_GLARE,UNVALIDATED_QC_ABSTAIN,LAB-CONFIRM-81223,GC-MS (Gas Chromatography-Mass Spectrometry),LSD (Lysergic Acid Diethylamide),58.0,Levamisole (8.2%),ABSTAINED_NO_PREDICTION,TRAIN_SET
FS-2026-01225,2026-07-05T14:15:00Z,OP-FORENSIC-115,State_Forensic_Field_Team,Crystalline Powder,Mecke Reagent (Selenious Acid/Sulfuric Acid),LOT-2026-MECK-959,564,33.1,FAIL_EXPOSURE,6.048,87.33,0.53,3.6,,,,,,,,,,,,FieldSure-Narcotics-v2.1,0.071,ABSTAIN_FAIL_EXPOSURE,UNVALIDATED_QC_ABSTAIN,LAB-CONFIRM-81224,LC-MS/MS (Liquid Chromatography-Tandem Mass Spectrometry),Fentanyl HCl (Trace / Weak Response),7.58,Lactose / Starch,ABSTAINED_NO_PREDICTION,TRAIN_SET
FS-2026-01226,2026-07-05T16:31:00Z,OP-FORENSIC-121,District_Lab_North,Pressed Tablet (Crushed),Scott Reagent (Cobalt Thiocyanate Phase),LOT-2026-SCOT-971,564,29.7,PASS,1.646,92.16,1.69,3.63,91.77,2.83,2.98,91.05,1.62,3.12,91.03,1.92,3.6,1.154,0.0192,FieldSure-Narcotics-v2.1,0.926,NEG_NO_REACTION,VALIDATED_LAB_CONFIRMED,LAB-CONFIRM-81225,FTIR (Fourier Transform Infrared Spectroscopy),"3,4-MDMA (Ecstasy)",67.4,Caffeine (14.5%),TRUE_POSITIVE,VALIDATION_SET
FS-2026-01227,2026-07-05T21:47:00Z,OP-FORENSIC-112,State_Forensic_Field_Team,Off-White Powder,Scott Reagent (Cobalt Thiocyanate Phase),LOT-2026-SCOT-423,564,33.8,PASS,0.504,87.98,2.18,2.69,86.29,2.76,2.17,84.47,3.13,3.43,84.56,4.19,3.81,4.122,0.0687,FieldSure-Narcotics-v2.1,0.972,NEG_NO_REACTION,VALIDATED_LAB_CONFIRMED,LAB-CONFIRM-81226,GC-MS (Gas Chromatography-Mass Spectrometry),Delta-9-THC,71.58,Lactose / Starch,TRUE_POSITIVE,VALIDATION_SET
FS-2026-01228,2026-07-06T00:10:00Z,OP-FORENSIC-106,Metropolitan_Task_Force,Crystalline Powder,Mandelin Reagent (Ammonium Vanadate/Sulfuric Acid),LOT-2026-MAND-856,2363,18.9,PASS,0.892,89.59,-0.49,4.7,88.81,-0.36,4.03,89.87,0.66,3.97,90.26,0.9,5.54,1.757,0.0293,FieldSure-Narcotics-v2.1,0.947,NEG_NO_REACTION,VALIDATED_LAB_CONFIRMED,LAB-CONFIRM-81227,LC-MS/MS (Liquid Chromatography-Tandem Mass Spectrometry),"3,4-MDMA (Ecstasy)",78.48,Levamisole (8.2%),TRUE_POSITIVE,VALIDATION_SET
FS-2026-01229,2026-07-06T04:05:00Z,OP-FORENSIC-111,District_Lab_North,Pressed Tablet (Crushed),Mecke Reagent (Selenious Acid/Sulfuric Acid),LOT-2026-MECK-791,564,22.7,PASS,0.53,93.28,-1.21,1.65,93.02,-1.51,1.8,91.95,-3.17,0.22,91.59,-2.5,1.34,2.149,0.0358,FieldSure-Narcotics-v2.1,0.96,NEG_NO_REACTION,VALIDATED_LAB_CONFIRMED,LAB-CONFIRM-81228,FTIR (Fourier Transform Infrared Spectroscopy),LSD (Lysergic Acid Diethylamide),34.15,Dimethylsulfone (18.4%),TRUE_POSITIVE,VALIDATION_SET
FS-2026-01230,2026-07-06T12:52:00Z,OP-FORENSIC-122,District_Lab_North,Off-White Powder,Duquenois-Levine Reagent (Vanillin/Acetaldehyde),LOT-2026-DUQN-159,564,21.1,PASS,1.3,86.79,0.37,5.68,84.91,1.18,5.19,84.56,-0.14,3.57,83.18,-1.53,5.08,4.123,0.0687,FieldSure-Narcotics-v2.1,0.915,NEG_NO_REACTION,VALIDATED_LAB_CONFIRMED,LAB-CONFIRM-81229,LC-MS/MS (Liquid Chromatography-Tandem Mass Spectrometry),Procaine / Benzocaine (Local Anesthetic),0.0,N/A (Inert Sample),TRUE_NEGATIVE,VALIDATION_SET
FS-2026-01231,2026-07-06T15:42:00Z,OP-FORENSIC-124,Metropolitan_Task_Force,Pressed Tablet (Crushed),Simon's Reagent (Sodium Nitroprusside/Acetaldehyde),LOT-2026-SIMN-524,564,27.0,PASS,1.498,93.46,1.84,4.13,92.26,1.73,4.69,90.68,2.3,5.34,91.01,2.0,5.99,3.08,0.0513,FieldSure-Narcotics-v2.1,0.899,NEG_NO_REACTION,VALIDATED_LAB_CONFIRMED,LAB-CONFIRM-81230,LC-MS/MS (Liquid Chromatography-Tandem Mass Spectrometry),"3,4-MDMA (Ecstasy)",65.46,None (High Purity Grade),TRUE_POSITIVE,VALIDATION_SET
FS-2026-01232,2026-07-06T16:19:00Z,OP-FORENSIC-107,State_Forensic_Field_Team,Off-White Powder,Scott Reagent (Cobalt Thiocyanate Phase),LOT-2026-SCOT-749,2363,27.9,PASS,0.36,88.31,0.45,4.39,70.0,4.07,-5.39,55.8,8.2,-14.34,45.92,10.11,-20.07,49.885,0.8314,FieldSure-Narcotics-v2.1,0.945,FALSE_POS_LOCAL_ANESTHETIC,VALIDATED_LAB_CONFIRMED,LAB-CONFIRM-81231,GC-MS (Gas Chromatography-Mass Spectrometry),Procaine / Benzocaine (Local Anesthetic),0.0,N/A (Inert Sample),TRUE_POSITIVE,VALIDATION_SET
FS-2026-01233,2026-07-06T20:38:00Z,OP-FORENSIC-108,Customs_Evidence_Unit,Crystalline Powder,Marquis Reagent (Formaldehyde/Sulfuric Acid),LOT-2026-MARQ-168,564,16.6,PASS,1.372,95.87,-0.11,2.47,82.39,-7.13,1.91,73.99,-13.91,1.22,67.82,-15.62,0.71,32.101,0.535,FieldSure-Narcotics-v2.1,0.983,POS_OPIATE_HEROIN,VALIDATED_LAB_CONFIRMED,LAB-CONFIRM-81232,GC-MS (Gas Chromatography-Mass Spectrometry),Heroin Hydrochloride,84.25,Dimethylsulfone (18.4%),TRUE_POSITIVE,VALIDATION_SET
FS-2026-01234,2026-07-07T02:27:00Z,OP-FORENSIC-124,State_Forensic_Field_Team,Off-White Powder,Scott Reagent (Cobalt Thiocyanate Phase),LOT-2026-SCOT-895,2363,26.0,PASS,1.539,91.76,-0.12,3.73,91.26,0.45,4.85,89.44,1.13,5.02,89.14,1.5,6.16,3.923,0.0654,FieldSure-Narcotics-v2.1,0.944,NEG_NO_REACTION,VALIDATED_LAB_CONFIRMED,LAB-CONFIRM-81233,LC-MS/MS (Liquid Chromatography-Tandem Mass Spectrometry),Heroin Hydrochloride,80.29,Lactose / Starch,TRUE_POSITIVE,VALIDATION_SET
FS-2026-01235,2026-07-07T02:35:00Z,OP-FORENSIC-120,Customs_Evidence_Unit,Off-White Powder,Simon's Reagent (Sodium Nitroprusside/Acetaldehyde),LOT-2026-SIMN-548,564,21.3,PASS,1.751,86.8,0.48,5.38,85.62,0.54,5.0,86.07,1.62,4.34,84.78,1.99,5.49,2.524,0.0421,FieldSure-Narcotics-v2.1,0.968,NEG_NO_REACTION,VALIDATED_LAB_CONFIRMED,LAB-CONFIRM-81234,FTIR (Fourier Transform Infrared Spectroscopy),Procaine / Benzocaine (Local Anesthetic),0.0,N/A (Inert Sample),TRUE_NEGATIVE,VALIDATION_SET
FS-2026-01236,2026-07-07T03:27:00Z,OP-FORENSIC-103,Metropolitan_Task_Force,Paper Blotter Segment,Ehrlich Reagent (p-DMAB/HCl),LOT-2026-EHRL-606,564,19.8,PASS,0.906,87.21,-0.75,5.38,86.12,-0.63,5.51,85.09,-1.24,6.89,85.09,-0.81,6.43,2.367,0.0394,FieldSure-Narcotics-v2.1,0.964,NEG_NO_REACTION,VALIDATED_LAB_CONFIRMED,LAB-CONFIRM-81235,GC-MS (Gas Chromatography-Mass Spectrometry),Fentanyl HCl (Trace / Weak Response),5.89,Lactose / Starch,TRUE_POSITIVE,VALIDATION_SET
FS-2026-01237,2026-07-07T05:23:00Z,OP-FORENSIC-115,Customs_Evidence_Unit,Crystalline Powder,Mecke Reagent (Selenious Acid/Sulfuric Acid),LOT-2026-MECK-238,564,18.9,PASS,1.045,91.13,2.07,4.89,89.47,2.17,5.88,89.18,1.91,5.9,87.64,2.56,5.1,3.53,0.0588,FieldSure-Narcotics-v2.1,0.935,NEG_NO_REACTION,VALIDATED_LAB_CONFIRMED,LAB-CONFIRM-81236,FTIR (Fourier Transform Infrared Spectroscopy),LSD (Lysergic Acid Diethylamide),28.01,Lactose / Starch,TRUE_POSITIVE,VALIDATION_SET
FS-2026-01238,2026-07-07T08:22:00Z,OP-FORENSIC-106,State_Forensic_Field_Team,Crystalline Powder,Mecke Reagent (Selenious Acid/Sulfuric Acid),LOT-2026-MECK-289,2363,32.3,PASS,0.383,94.86,1.26,4.37,94.48,0.75,6.05,93.83,1.14,6.75,93.63,0.38,6.13,2.321,0.0387,FieldSure-Narcotics-v2.1,0.971,NEG_NO_REACTION,VALIDATED_LAB_CONFIRMED,LAB-CONFIRM-81237,GC-MS (Gas Chromatography-Mass Spectrometry),"3,4-MDMA (Ecstasy)",75.68,Dimethylsulfone (18.4%),TRUE_POSITIVE,VALIDATION_SET
FS-2026-01239,2026-07-07T10:57:00Z,OP-FORENSIC-122,Metropolitan_Task_Force,Off-White Powder,Marquis Reagent (Formaldehyde/Sulfuric Acid),LOT-2026-MARQ-438,2363,30.9,PASS,0.797,94.04,1.68,3.07,93.14,1.37,2.48,91.88,1.23,2.92,92.54,1.16,3.36,1.614,0.0269,FieldSure-Narcotics-v2.1,0.961,NEG_NO_REACTION,VALIDATED_LAB_CONFIRMED,LAB-CONFIRM-81238,GC-MS (Gas Chromatography-Mass Spectrometry),Delta-9-THC,73.14,Phenacetin (11.0%),TRUE_POSITIVE,VALIDATION_SET
FS-2026-01240,2026-07-07T12:22:00Z,OP-FORENSIC-111,State_Forensic_Field_Team,Off-White Powder,Mandelin Reagent (Ammonium Vanadate/Sulfuric Acid),LOT-2026-MAND-970,564,24.0,PASS,1.005,90.41,2.48,5.55,89.79,1.83,7.24,88.2,3.18,7.02,87.53,3.04,8.11,3.894,0.0649,FieldSure-Narcotics-v2.1,0.957,NEG_NO_REACTION,VALIDATED_LAB_CONFIRMED,LAB-CONFIRM-81239,GC-MS (Gas Chromatography-Mass Spectrometry),Heroin Hydrochloride,41.79,Dimethylsulfone (18.4%),TRUE_POSITIVE,VALIDATION_SET
FS-2026-01241,2026-07-07T16:23:00Z,OP-FORENSIC-101,Border_Control_Post_3,Crystalline Powder,Marquis Reagent (Formaldehyde/Sulfuric Acid),LOT-2026-MARQ-181,564,25.1,PASS,0.353,92.88,2.5,5.62,91.53,2.2,6.37,92.14,3.26,6.68,92.5,1.95,8.1,2.569,0.0428,FieldSure-Narcotics-v2.1,0.968,NEG_NO_REACTION,VALIDATED_LAB_CONFIRMED,LAB-CONFIRM-81240,LC-MS/MS (Liquid Chromatography-Tandem Mass Spectrometry),Delta-9-THC,34.36,Lactose / Starch,TRUE_POSITIVE,VALIDATION_SET
FS-2026-01242,2026-07-07T21:30:00Z,OP-FORENSIC-117,District_Lab_North,Off-White Powder,Mecke Reagent (Selenious Acid/Sulfuric Acid),LOT-2026-MECK-260,564,22.4,PASS,0.697,90.38,-0.67,6.0,88.23,0.76,6.59,88.16,-0.42,7.35,86.43,0.48,7.87,4.519,0.0753,FieldSure-Narcotics-v2.1,0.972,NEG_NO_REACTION,VALIDATED_LAB_CONFIRMED,LAB-CONFIRM-81241,GC-MS (Gas Chromatography-Mass Spectrometry),Fentanyl HCl (Trace / Weak Response),16.74,Lactose / Starch,TRUE_POSITIVE,VALIDATION_SET
FS-2026-01243,2026-07-08T00:00:00Z,OP-FORENSIC-111,Border_Control_Post_3,Pressed Tablet (Crushed),Scott Reagent (Cobalt Thiocyanate Phase),LOT-2026-SCOT-266,564,23.9,FAIL_GLARE,9.805,92.3,0.11,3.87,,,,,,,,,,,,FieldSure-Narcotics-v2.1,0.178,ABSTAIN_FAIL_GLARE,UNVALIDATED_QC_ABSTAIN,LAB-CONFIRM-81242,GC-MS (Gas Chromatography-Mass Spectrometry),"3,4-MDMA (Ecstasy)",71.19,None (High Purity Grade),ABSTAINED_NO_PREDICTION,VALIDATION_SET
FS-2026-01244,2026-07-08T02:52:00Z,OP-FORENSIC-102,District_Lab_North,Crystalline Powder,Mecke Reagent (Selenious Acid/Sulfuric Acid),LOT-2026-MECK-799,564,24.3,PASS,1.484,87.31,2.4,4.34,85.54,3.7,6.1,85.06,3.67,5.39,83.3,3.81,5.78,4.488,0.0748,FieldSure-Narcotics-v2.1,0.992,NEG_NO_REACTION,VALIDATED_LAB_CONFIRMED,LAB-CONFIRM-81243,GC-MS (Gas Chromatography-Mass Spectrometry),Heroin Hydrochloride,55.23,Phenacetin (11.0%),TRUE_POSITIVE,VALIDATION_SET
FS-2026-01245,2026-07-08T08:14:00Z,OP-FORENSIC-110,District_Lab_North,Crystalline Powder,Mandelin Reagent (Ammonium Vanadate/Sulfuric Acid),LOT-2026-MAND-238,2363,23.5,PASS,1.244,87.27,1.45,3.15,86.58,2.99,2.34,85.22,1.48,3.53,86.16,2.34,3.13,1.423,0.0237,FieldSure-Narcotics-v2.1,0.951,NEG_NO_REACTION,VALIDATED_LAB_CONFIRMED,LAB-CONFIRM-81244,GC-MS (Gas Chromatography-Mass Spectrometry),Delta-9-THC,34.26,Caffeine (14.5%),TRUE_POSITIVE,VALIDATION_SET
FS-2026-01246,2026-07-08T16:19:00Z,OP-FORENSIC-119,Border_Control_Post_3,Tar/Sticky Resin,Mecke Reagent (Selenious Acid/Sulfuric Acid),LOT-2026-MECK-802,7589,25.9,PASS,0.542,94.56,-0.06,1.56,94.36,0.15,2.52,91.15,1.41,1.11,90.82,0.86,2.09,3.888,0.0648,FieldSure-Narcotics-v2.1,0.98,NEG_NO_REACTION,VALIDATED_LAB_CONFIRMED,LAB-CONFIRM-81245,GC-MS (Gas Chromatography-Mass Spectrometry),Heroin Hydrochloride,75.66,Dimethylsulfone (18.4%),TRUE_POSITIVE,VALIDATION_SET
FS-2026-01247,2026-07-08T17:17:00Z,OP-FORENSIC-117,Metropolitan_Task_Force,Off-White Powder,Duquenois-Levine Reagent (Vanillin/Acetaldehyde),LOT-2026-DUQN-489,564,24.0,PASS,1.562,86.55,-0.58,2.44,84.18,-0.37,2.34,83.76,-0.16,1.89,82.1,0.55,2.73,4.6,0.0767,FieldSure-Narcotics-v2.1,0.907,NEG_NO_REACTION,VALIDATED_LAB_CONFIRMED,LAB-CONFIRM-81246,GC-MS (Gas Chromatography-Mass Spectrometry),Inert Cutting Agent (Lactose/Caffeine),0.0,N/A (Inert Sample),TRUE_NEGATIVE,VALIDATION_SET
FS-2026-01248,2026-07-08T17:45:00Z,OP-FORENSIC-116,District_Lab_North,Off-White Powder,Scott Reagent (Cobalt Thiocyanate Phase),LOT-2026-SCOT-108,2363,27.0,PASS,1.039,90.06,0.4,3.63,89.36,1.12,3.39,90.71,0.85,3.92,90.02,1.9,3.83,1.514,0.0252,FieldSure-Narcotics-v2.1,0.932,NEG_NO_REACTION,VALIDATED_LAB_CONFIRMED,LAB-CONFIRM-81247,LC-MS/MS (Liquid Chromatography-Tandem Mass Spectrometry),Inert Cutting Agent (Lactose/Caffeine),0.0,N/A (Inert Sample),TRUE_NEGATIVE,VALIDATION_SET
FS-2026-01249,2026-07-08T17:56:00Z,OP-FORENSIC-102,Border_Control_Post_3,Crystalline Powder,Mandelin Reagent (Ammonium Vanadate/Sulfuric Acid),LOT-2026-MAND-253,2363,19.6,PASS,1.357,91.47,1.09,1.86,92.82,1.08,2.21,90.21,1.25,2.86,90.2,0.9,3.86,2.377,0.0396,FieldSure-Narcotics-v2.1,0.966,NEG_NO_REACTION,VALIDATED_LAB_CONFIRMED,LAB-CONFIRM-81248,LC-MS/MS (Liquid Chromatography-Tandem Mass Spectrometry),"3,4-MDMA (Ecstasy)",87.01,Levamisole (8.2%),TRUE_POSITIVE,VALIDATION_SET
FS-2026-01250,2026-07-08T18:00:00Z,OP-FORENSIC-121,District_Lab_North,Crystalline Powder,Mandelin Reagent (Ammonium Vanadate/Sulfuric Acid),LOT-2026-MAND-779,2363,27.3,FAIL_GEOMETRY,10.453,88.1,2.4,3.42,,,,,,,,,,,,FieldSure-Narcotics-v2.1,0.095,ABSTAIN_FAIL_GEOMETRY,UNVALIDATED_QC_ABSTAIN,LAB-CONFIRM-81249,GC-MS (Gas Chromatography-Mass Spectrometry),Cocaine Hydrochloride,88.16,Lactose / Starch,ABSTAINED_NO_PREDICTION,VALIDATION_SET
FS-2026-01251,2026-07-08T18:36:00Z,OP-FORENSIC-116,Border_Control_Post_3,Pressed Tablet (Crushed),Mecke Reagent (Selenious Acid/Sulfuric Acid),LOT-2026-MECK-978,7589,29.8,PASS,0.898,90.48,0.88,3.7,90.0,1.33,4.4,88.32,1.9,5.12,87.67,0.25,4.68,3.042,0.0507,FieldSure-Narcotics-v2.1,0.968,NEG_NO_REACTION,VALIDATED_LAB_CONFIRMED,LAB-CONFIRM-81250,GC-MS (Gas Chromatography-Mass Spectrometry),Fentanyl HCl (Trace / Weak Response),5.23,Levamisole (8.2%),TRUE_POSITIVE,VALIDATION_SET
FS-2026-01252,2026-07-08T23:00:00Z,OP-FORENSIC-112,Customs_Evidence_Unit,Tar/Sticky Resin,Simon's Reagent (Sodium Nitroprusside/Acetaldehyde),LOT-2026-SIMN-906,7589,26.8,PASS,0.517,90.54,1.86,3.14,89.73,2.01,2.76,89.12,2.15,2.63,89.57,2.64,2.95,1.259,0.021,FieldSure-Narcotics-v2.1,0.944,NEG_NO_REACTION,VALIDATED_LAB_CONFIRMED,LAB-CONFIRM-81251,FTIR (Fourier Transform Infrared Spectroscopy),Methamphetamine HCl,81.88,Lactose / Starch,TRUE_POSITIVE,VALIDATION_SET
FS-2026-01253,2026-07-09T00:32:00Z,OP-FORENSIC-122,State_Forensic_Field_Team,Crystalline Powder,Duquenois-Levine Reagent (Vanillin/Acetaldehyde),LOT-2026-DUQN-399,2363,24.6,PASS,1.741,94.04,-0.19,3.85,93.68,-1.48,4.27,92.81,-0.47,3.62,92.13,-1.56,3.57,2.367,0.0394,FieldSure-Narcotics-v2.1,0.971,NEG_NO_REACTION,VALIDATED_LAB_CONFIRMED,LAB-CONFIRM-81252,GC-MS (Gas Chromatography-Mass Spectrometry),Methamphetamine HCl,76.19,Lactose / Starch,TRUE_POSITIVE,VALIDATION_SET
FS-2026-01254,2026-07-09T03:07:00Z,OP-FORENSIC-108,Customs_Evidence_Unit,Tar/Sticky Resin,Duquenois-Levine Reagent (Vanillin/Acetaldehyde),LOT-2026-DUQN-798,564,23.7,PASS,1.431,91.02,1.04,3.88,90.43,2.66,3.66,88.53,-0.09,4.86,87.63,-0.12,5.3,3.854,0.0642,FieldSure-Narcotics-v2.1,0.929,NEG_NO_REACTION,VALIDATED_LAB_CONFIRMED,LAB-CONFIRM-81253,LC-MS/MS (Liquid Chromatography-Tandem Mass Spectrometry),Methamphetamine HCl,79.58,Lactose / Starch,TRUE_POSITIVE,VALIDATION_SET
FS-2026-01255,2026-07-09T06:26:00Z,OP-FORENSIC-110,District_Lab_North,Pressed Tablet (Crushed),Duquenois-Levine Reagent (Vanillin/Acetaldehyde),LOT-2026-DUQN-198,564,28.7,PASS,1.673,95.12,1.05,5.6,93.89,0.92,6.57,92.83,2.53,7.95,92.89,2.17,7.89,3.387,0.0564,FieldSure-Narcotics-v2.1,0.976,NEG_NO_REACTION,VALIDATED_LAB_CONFIRMED,LAB-CONFIRM-81254,GC-MS (Gas Chromatography-Mass Spectrometry),Fentanyl HCl (Trace / Weak Response),13.15,Dimethylsulfone (18.4%),TRUE_POSITIVE,VALIDATION_SET
FS-2026-01256,2026-07-09T10:46:00Z,OP-FORENSIC-103,Metropolitan_Task_Force,Pressed Tablet (Crushed),Mecke Reagent (Selenious Acid/Sulfuric Acid),LOT-2026-MECK-522,2363,31.5,FAIL_BLUR,10.376,95.51,-0.51,4.75,,,,,,,,,,,,FieldSure-Narcotics-v2.1,0.156,ABSTAIN_FAIL_BLUR,UNVALIDATED_QC_ABSTAIN,LAB-CONFIRM-81255,LC-MS/MS (Liquid Chromatography-Tandem Mass Spectrometry),Heroin Hydrochloride,45.04,Phenacetin (11.0%),ABSTAINED_NO_PREDICTION,VALIDATION_SET
FS-2026-01257,2026-07-09T10:53:00Z,OP-FORENSIC-100,Customs_Evidence_Unit,Crystalline Powder,Scott Reagent (Cobalt Thiocyanate Phase),LOT-2026-SCOT-854,564,17.4,FAIL_BLUR,10.218,94.51,1.69,4.22,,,,,,,,,,,,FieldSure-Narcotics-v2.1,0.169,ABSTAIN_FAIL_BLUR,UNVALIDATED_QC_ABSTAIN,LAB-CONFIRM-81256,LC-MS/MS (Liquid Chromatography-Tandem Mass Spectrometry),Cocaine Hydrochloride,91.65,Lactose / Starch,ABSTAINED_NO_PREDICTION,VALIDATION_SET
FS-2026-01258,2026-07-09T11:45:00Z,OP-FORENSIC-103,Border_Control_Post_3,Plant Matter Extract,Ehrlich Reagent (p-DMAB/HCl),LOT-2026-EHRL-593,7589,25.4,PASS,1.422,95.17,2.36,4.67,96.72,2.58,8.09,94.64,2.07,7.73,95.47,2.54,7.34,2.693,0.0449,FieldSure-Narcotics-v2.1,0.983,NEG_NO_REACTION,VALIDATED_LAB_CONFIRMED,LAB-CONFIRM-81257,GC-MS (Gas Chromatography-Mass Spectrometry),"3,4-MDMA (Ecstasy)",81.3,Caffeine (14.5%),TRUE_POSITIVE,VALIDATION_SET
FS-2026-01259,2026-07-09T13:00:00Z,OP-FORENSIC-113,Border_Control_Post_3,Tar/Sticky Resin,Mecke Reagent (Selenious Acid/Sulfuric Acid),LOT-2026-MECK-178,7589,21.6,PASS,1.03,92.63,2.06,4.04,92.01,3.71,4.79,91.83,2.59,4.53,92.54,2.08,3.56,0.489,0.0081,FieldSure-Narcotics-v2.1,0.898,NEG_NO_REACTION,VALIDATED_LAB_CONFIRMED,LAB-CONFIRM-81258,GC-MS (Gas Chromatography-Mass Spectrometry),Procaine / Benzocaine (Local Anesthetic),0.0,N/A (Inert Sample),TRUE_NEGATIVE,VALIDATION_SET
FS-2026-01260,2026-07-09T14:54:00Z,OP-FORENSIC-109,Metropolitan_Task_Force,Pressed Tablet (Crushed),Duquenois-Levine Reagent (Vanillin/Acetaldehyde),LOT-2026-DUQN-877,2363,28.1,PASS,1.114,91.95,-0.92,3.38,92.16,-0.04,2.34,90.55,-0.64,4.52,91.73,-0.68,3.54,0.363,0.006,FieldSure-Narcotics-v2.1,0.925,NEG_NO_REACTION,VALIDATED_LAB_CONFIRMED,LAB-CONFIRM-81259,GC-MS (Gas Chromatography-Mass Spectrometry),Procaine / Benzocaine (Local Anesthetic),0.0,N/A (Inert Sample),TRUE_NEGATIVE,VALIDATION_SET
FS-2026-01261,2026-07-10T02:41:00Z,OP-FORENSIC-115,District_Lab_North,Crystalline Powder,Simon's Reagent (Sodium Nitroprusside/Acetaldehyde),LOT-2026-SIMN-283,564,22.8,FAIL_GEOMETRY,5.504,95.91,2.21,3.82,,,,,,,,,,,,FieldSure-Narcotics-v2.1,0.201,ABSTAIN_FAIL_GEOMETRY,UNVALIDATED_QC_ABSTAIN,LAB-CONFIRM-81260,GC-MS (Gas Chromatography-Mass Spectrometry),Procaine / Benzocaine (Local Anesthetic),0.0,N/A (Inert Sample),ABSTAINED_NO_PREDICTION,VALIDATION_SET
FS-2026-01262,2026-07-10T07:04:00Z,OP-FORENSIC-113,Customs_Evidence_Unit,Tar/Sticky Resin,Duquenois-Levine Reagent (Vanillin/Acetaldehyde),LOT-2026-DUQN-488,2363,20.7,PASS,1.372,89.03,-1.19,5.1,88.42,-1.61,5.94,90.37,-1.98,5.76,89.52,-2.03,6.09,1.388,0.0231,FieldSure-Narcotics-v2.1,0.939,NEG_NO_REACTION,VALIDATED_LAB_CONFIRMED,LAB-CONFIRM-81261,GC-MS (Gas Chromatography-Mass Spectrometry),Heroin Hydrochloride,72.27,Phenacetin (11.0%),TRUE_POSITIVE,VALIDATION_SET
FS-2026-01263,2026-07-10T07:51:00Z,OP-FORENSIC-117,Customs_Evidence_Unit,Crystalline Powder,Mandelin Reagent (Ammonium Vanadate/Sulfuric Acid),LOT-2026-MAND-148,564,28.4,PASS,1.662,89.67,-0.91,2.62,88.19,0.43,3.74,88.3,-1.77,4.44,87.0,-1.43,4.46,3.284,0.0547,FieldSure-Narcotics-v2.1,0.901,NEG_NO_REACTION,VALIDATED_LAB_CONFIRMED,LAB-CONFIRM-81262,GC-MS (Gas Chromatography-Mass Spectrometry),Inert Cutting Agent (Lactose/Caffeine),0.0,N/A (Inert Sample),TRUE_NEGATIVE,VALIDATION_SET
FS-2026-01264,2026-07-10T07:57:00Z,OP-FORENSIC-119,District_Lab_North,Crystalline Powder,Mecke Reagent (Selenious Acid/Sulfuric Acid),LOT-2026-MECK-219,7589,22.4,FAIL_GLARE,8.014,89.99,1.66,1.56,,,,,,,,,,,,FieldSure-Narcotics-v2.1,0.239,ABSTAIN_FAIL_GLARE,UNVALIDATED_QC_ABSTAIN,LAB-CONFIRM-81263,GC-MS (Gas Chromatography-Mass Spectrometry),LSD (Lysergic Acid Diethylamide),55.79,Phenacetin (11.0%),ABSTAINED_NO_PREDICTION,VALIDATION_SET
FS-2026-01265,2026-07-10T08:04:00Z,OP-FORENSIC-121,Customs_Evidence_Unit,Crystalline Powder,Simon's Reagent (Sodium Nitroprusside/Acetaldehyde),LOT-2026-SIMN-333,564,25.3,PASS,0.837,93.46,2.18,4.33,91.29,2.36,5.61,93.08,3.04,6.05,92.21,3.0,6.16,2.363,0.0394,FieldSure-Narcotics-v2.1,0.902,NEG_NO_REACTION,VALIDATED_LAB_CONFIRMED,LAB-CONFIRM-81264,GC-MS (Gas Chromatography-Mass Spectrometry),"3,4-MDMA (Ecstasy)",56.2,Caffeine (14.5%),TRUE_POSITIVE,VALIDATION_SET
FS-2026-01266,2026-07-10T10:19:00Z,OP-FORENSIC-115,Metropolitan_Task_Force,Crystalline Powder,Ehrlich Reagent (p-DMAB/HCl),LOT-2026-EHRL-199,2363,19.5,PASS,0.731,87.71,1.2,4.09,87.41,1.28,3.8,87.98,0.84,3.83,88.78,0.29,4.23,1.412,0.0235,FieldSure-Narcotics-v2.1,0.904,NEG_NO_REACTION,VALIDATED_LAB_CONFIRMED,LAB-CONFIRM-81265,LC-MS/MS (Liquid Chromatography-Tandem Mass Spectrometry),Heroin Hydrochloride,67.1,Phenacetin (11.0%),TRUE_POSITIVE,VALIDATION_SET
FS-2026-01267,2026-07-10T10:30:00Z,OP-FORENSIC-110,State_Forensic_Field_Team,Crystalline Powder,Scott Reagent (Cobalt Thiocyanate Phase),LOT-2026-SCOT-902,7589,22.5,PASS,0.35,91.37,-0.71,3.87,75.67,9.25,14.76,61.56,15.85,23.53,55.54,20.88,29.81,49.222,0.8204,FieldSure-Narcotics-v2.1,0.953,POS_COCAINE,VALIDATED_LAB_CONFIRMED,LAB-CONFIRM-81266,GC-MS (Gas Chromatography-Mass Spectrometry),Cocaine Hydrochloride,80.59,Lactose / Starch,TRUE_POSITIVE,VALIDATION_SET
FS-2026-01268,2026-07-10T11:12:00Z,OP-FORENSIC-124,Metropolitan_Task_Force,Off-White Powder,Ehrlich Reagent (p-DMAB/HCl),LOT-2026-EHRL-459,564,29.3,PASS,1.152,88.55,-1.07,2.92,87.7,-1.97,2.62,85.45,-2.1,5.43,85.78,-1.36,4.94,3.441,0.0574,FieldSure-Narcotics-v2.1,0.955,NEG_NO_REACTION,VALIDATED_LAB_CONFIRMED,LAB-CONFIRM-81267,GC-MS (Gas Chromatography-Mass Spectrometry),Inert Cutting Agent (Lactose/Caffeine),0.0,N/A (Inert Sample),TRUE_NEGATIVE,VALIDATION_SET
FS-2026-01269,2026-07-10T12:24:00Z,OP-FORENSIC-118,Metropolitan_Task_Force,Off-White Powder,Duquenois-Levine Reagent (Vanillin/Acetaldehyde),LOT-2026-DUQN-272,2363,23.2,PASS,1.385,93.38,2.34,2.76,91.51,2.29,3.0,91.6,3.1,3.3,89.97,2.77,3.26,3.473,0.0579,FieldSure-Narcotics-v2.1,0.921,NEG_NO_REACTION,VALIDATED_LAB_CONFIRMED,LAB-CONFIRM-81268,FTIR (Fourier Transform Infrared Spectroscopy),Methamphetamine HCl,72.5,Caffeine (14.5%),TRUE_POSITIVE,VALIDATION_SET
FS-2026-01270,2026-07-10T15:59:00Z,OP-FORENSIC-113,Customs_Evidence_Unit,Pressed Tablet (Crushed),Simon's Reagent (Sodium Nitroprusside/Acetaldehyde),LOT-2026-SIMN-194,2363,26.6,PASS,1.602,92.45,-0.22,3.47,92.78,0.55,3.67,89.98,-0.02,3.21,89.18,0.25,3.33,3.307,0.0551,FieldSure-Narcotics-v2.1,0.93,NEG_NO_REACTION,VALIDATED_LAB_CONFIRMED,LAB-CONFIRM-81269,GC-MS (Gas Chromatography-Mass Spectrometry),LSD (Lysergic Acid Diethylamide),43.5,Lactose / Starch,TRUE_POSITIVE,VALIDATION_SET
FS-2026-01271,2026-07-10T18:01:00Z,OP-FORENSIC-117,District_Lab_North,Crystalline Powder,Mandelin Reagent (Ammonium Vanadate/Sulfuric Acid),LOT-2026-MAND-887,564,20.8,PASS,1.354,95.21,2.2,4.85,92.47,2.29,6.06,91.21,1.54,5.94,90.74,2.55,6.72,4.858,0.081,FieldSure-Narcotics-v2.1,0.981,NEG_NO_REACTION,VALIDATED_LAB_CONFIRMED,LAB-CONFIRM-81270,LC-MS/MS (Liquid Chromatography-Tandem Mass Spectrometry),Delta-9-THC,64.96,Phenacetin (11.0%),TRUE_POSITIVE,VALIDATION_SET
FS-2026-01272,2026-07-10T20:23:00Z,OP-FORENSIC-106,Border_Control_Post_3,Plant Matter Extract,Ehrlich Reagent (p-DMAB/HCl),LOT-2026-EHRL-565,2363,29.5,PASS,0.736,95.06,1.95,2.63,94.12,2.4,2.68,93.42,1.49,4.25,92.76,0.67,4.54,3.252,0.0542,FieldSure-Narcotics-v2.1,0.918,NEG_NO_REACTION,VALIDATED_LAB_CONFIRMED,LAB-CONFIRM-81271,GC-MS (Gas Chromatography-Mass Spectrometry),Heroin Hydrochloride,76.08,Lactose / Starch,TRUE_POSITIVE,VALIDATION_SET
FS-2026-01273,2026-07-10T23:44:00Z,OP-FORENSIC-116,Metropolitan_Task_Force,Pressed Tablet (Crushed),Scott Reagent (Cobalt Thiocyanate Phase),LOT-2026-SCOT-688,564,16.5,PASS,1.129,94.55,1.21,5.24,94.16,0.98,3.78,92.94,0.94,5.27,91.6,0.9,5.4,2.971,0.0495,FieldSure-Narcotics-v2.1,0.988,NEG_NO_REACTION,VALIDATED_LAB_CONFIRMED,LAB-CONFIRM-81272,GC-MS (Gas Chromatography-Mass Spectrometry),Inert Cutting Agent (Lactose/Caffeine),0.0,N/A (Inert Sample),TRUE_NEGATIVE,VALIDATION_SET
FS-2026-01274,2026-07-11T06:06:00Z,OP-FORENSIC-120,Metropolitan_Task_Force,Off-White Powder,Marquis Reagent (Formaldehyde/Sulfuric Acid),LOT-2026-MARQ-891,7589,19.2,PASS,1.665,87.52,-0.18,4.78,87.08,-0.1,5.37,85.47,-0.34,5.37,85.3,-0.57,5.97,2.549,0.0425,FieldSure-Narcotics-v2.1,0.981,NEG_NO_REACTION,VALIDATED_LAB_CONFIRMED,LAB-CONFIRM-81273,GC-MS (Gas Chromatography-Mass Spectrometry),Delta-9-THC,32.64,Phenacetin (11.0%),TRUE_POSITIVE,VALIDATION_SET
FS-2026-01275,2026-07-11T11:36:00Z,OP-FORENSIC-102,Border_Control_Post_3,Off-White Powder,Duquenois-Levine Reagent (Vanillin/Acetaldehyde),LOT-2026-DUQN-815,564,14.4,PASS,1.111,94.8,-0.88,2.65,95.71,-1.7,3.8,94.05,-2.28,3.69,94.9,-2.03,5.11,2.717,0.0453,FieldSure-Narcotics-v2.1,0.892,NEG_NO_REACTION,VALIDATED_LAB_CONFIRMED,LAB-CONFIRM-81274,LC-MS/MS (Liquid Chromatography-Tandem Mass Spectrometry),Fentanyl HCl (Trace / Weak Response),12.84,Phenacetin (11.0%),TRUE_POSITIVE,VALIDATION_SET
FS-2026-01276,2026-07-11T12:00:00Z,OP-FORENSIC-122,District_Lab_North,Pressed Tablet (Crushed),Marquis Reagent (Formaldehyde/Sulfuric Acid),LOT-2026-MARQ-454,564,28.3,PASS,1.509,93.71,-1.48,2.11,91.99,-2.72,2.69,92.28,-0.75,4.38,91.41,-1.68,4.89,3.614,0.0602,FieldSure-Narcotics-v2.1,0.973,NEG_NO_REACTION,VALIDATED_LAB_CONFIRMED,LAB-CONFIRM-81275,LC-MS/MS (Liquid Chromatography-Tandem Mass Spectrometry),Cocaine Hydrochloride,87.42,Caffeine (14.5%),TRUE_POSITIVE,VALIDATION_SET
FS-2026-01277,2026-07-11T14:32:00Z,OP-FORENSIC-118,Metropolitan_Task_Force,Off-White Powder,Marquis Reagent (Formaldehyde/Sulfuric Acid),LOT-2026-MARQ-597,564,25.5,PASS,1.192,91.9,2.03,5.05,91.65,2.29,4.03,91.1,3.46,6.51,89.83,2.46,5.41,2.145,0.0357,FieldSure-Narcotics-v2.1,0.988,NEG_NO_REACTION,VALIDATED_LAB_CONFIRMED,LAB-CONFIRM-81276,GC-MS (Gas Chromatography-Mass Spectrometry),Cocaine Hydrochloride,77.31,Levamisole (8.2%),TRUE_POSITIVE,VALIDATION_SET
FS-2026-01278,2026-07-11T17:24:00Z,OP-FORENSIC-123,Customs_Evidence_Unit,Pressed Tablet (Crushed),Mandelin Reagent (Ammonium Vanadate/Sulfuric Acid),LOT-2026-MAND-305,2363,20.3,PASS,1.585,87.95,-0.2,4.45,86.46,-2.05,5.7,87.01,0.58,6.59,85.67,-0.62,6.89,3.366,0.0561,FieldSure-Narcotics-v2.1,0.993,NEG_NO_REACTION,VALIDATED_LAB_CONFIRMED,LAB-CONFIRM-81277,FTIR (Fourier Transform Infrared Spectroscopy),Delta-9-THC,45.64,Caffeine (14.5%),TRUE_POSITIVE,VALIDATION_SET
FS-2026-01279,2026-07-11T18:19:00Z,OP-FORENSIC-117,State_Forensic_Field_Team,Pressed Tablet (Crushed),Scott Reagent (Cobalt Thiocyanate Phase),LOT-2026-SCOT-506,2363,35.1,FAIL_GEOMETRY,10.293,93.74,-0.46,4.37,,,,,,,,,,,,FieldSure-Narcotics-v2.1,0.026,ABSTAIN_FAIL_GEOMETRY,UNVALIDATED_QC_ABSTAIN,LAB-CONFIRM-81278,GC-MS (Gas Chromatography-Mass Spectrometry),Methamphetamine HCl,71.82,Dimethylsulfone (18.4%),ABSTAINED_NO_PREDICTION,VALIDATION_SET
FS-2026-01280,2026-07-11T19:09:00Z,OP-FORENSIC-112,Border_Control_Post_3,Pressed Tablet (Crushed),Simon's Reagent (Sodium Nitroprusside/Acetaldehyde),LOT-2026-SIMN-460,7589,16.2,FAIL_BLUR,8.293,93.09,0.51,3.73,,,,,,,,,,,,FieldSure-Narcotics-v2.1,0.083,ABSTAIN_FAIL_BLUR,UNVALIDATED_QC_ABSTAIN,LAB-CONFIRM-81279,GC-MS (Gas Chromatography-Mass Spectrometry),"3,4-MDMA (Ecstasy)",64.14,None (High Purity Grade),ABSTAINED_NO_PREDICTION,VALIDATION_SET
FS-2026-01281,2026-07-11T19:46:00Z,OP-FORENSIC-103,Customs_Evidence_Unit,Liquid Solution (Diluted),Marquis Reagent (Formaldehyde/Sulfuric Acid),LOT-2026-MARQ-517,564,24.1,PASS,1.819,92.87,0.31,1.93,90.65,1.23,3.12,89.91,0.44,4.56,88.79,-0.08,4.98,5.109,0.0852,FieldSure-Narcotics-v2.1,0.938,NEG_NO_REACTION,VALIDATED_LAB_CONFIRMED,LAB-CONFIRM-81280,FTIR (Fourier Transform Infrared Spectroscopy),LSD (Lysergic Acid Diethylamide),50.44,Caffeine (14.5%),TRUE_POSITIVE,VALIDATION_SET
FS-2026-01282,2026-07-11T19:52:00Z,OP-FORENSIC-118,District_Lab_North,Off-White Powder,Simon's Reagent (Sodium Nitroprusside/Acetaldehyde),LOT-2026-SIMN-212,564,24.4,PASS,1.248,95.49,-0.8,1.39,95.52,-1.53,2.69,94.8,0.09,1.98,95.72,-0.27,2.71,1.441,0.024,FieldSure-Narcotics-v2.1,0.968,NEG_NO_REACTION,VALIDATED_LAB_CONFIRMED,LAB-CONFIRM-81281,GC-MS (Gas Chromatography-Mass Spectrometry),Inert Cutting Agent (Lactose/Caffeine),0.0,N/A (Inert Sample),TRUE_NEGATIVE,VALIDATION_SET
FS-2026-01283,2026-07-11T20:06:00Z,OP-FORENSIC-117,Metropolitan_Task_Force,Crystalline Powder,Duquenois-Levine Reagent (Vanillin/Acetaldehyde),LOT-2026-DUQN-624,2363,18.7,PASS,0.82,90.14,2.08,4.99,90.22,1.6,5.92,90.41,2.92,7.61,90.48,3.66,6.15,1.989,0.0332,FieldSure-Narcotics-v2.1,0.982,NEG_NO_REACTION,VALIDATED_LAB_CONFIRMED,LAB-CONFIRM-81282,GC-MS (Gas Chromatography-Mass Spectrometry),Fentanyl HCl (Trace / Weak Response),8.35,None (High Purity Grade),TRUE_POSITIVE,VALIDATION_SET
FS-2026-01284,2026-07-11T21:05:00Z,OP-FORENSIC-122,Metropolitan_Task_Force,Tar/Sticky Resin,Duquenois-Levine Reagent (Vanillin/Acetaldehyde),LOT-2026-DUQN-511,564,22.4,PASS,0.979,94.66,1.2,2.95,79.85,15.07,0.95,70.32,27.27,-0.95,63.21,34.32,-1.66,45.905,0.7651,FieldSure-Narcotics-v2.1,0.982,POS_CANNABINOID_THC,VALIDATED_LAB_CONFIRMED,LAB-CONFIRM-81283,LC-MS/MS (Liquid Chromatography-Tandem Mass Spectrometry),Delta-9-THC,35.51,Phenacetin (11.0%),TRUE_POSITIVE,VALIDATION_SET
FS-2026-01285,2026-07-11T22:59:00Z,OP-FORENSIC-101,Border_Control_Post_3,Pressed Tablet (Crushed),Mecke Reagent (Selenious Acid/Sulfuric Acid),LOT-2026-MECK-355,7589,16.5,PASS,1.442,87.52,1.27,5.99,85.8,1.28,6.29,86.19,1.92,7.62,86.15,0.73,8.04,2.524,0.0421,FieldSure-Narcotics-v2.1,0.934,NEG_NO_REACTION,VALIDATED_LAB_CONFIRMED,LAB-CONFIRM-81284,FTIR (Fourier Transform Infrared Spectroscopy),LSD (Lysergic Acid Diethylamide),35.49,Dimethylsulfone (18.4%),TRUE_POSITIVE,VALIDATION_SET
FS-2026-01286,2026-07-11T23:11:00Z,OP-FORENSIC-121,State_Forensic_Field_Team,Pressed Tablet (Crushed),Duquenois-Levine Reagent (Vanillin/Acetaldehyde),LOT-2026-DUQN-133,2363,23.4,PASS,0.465,86.29,1.89,3.89,85.85,3.04,6.16,86.04,0.87,6.26,84.99,0.22,6.25,3.17,0.0528,FieldSure-Narcotics-v2.1,0.92,NEG_NO_REACTION,VALIDATED_LAB_CONFIRMED,LAB-CONFIRM-81285,GC-MS (Gas Chromatography-Mass Spectrometry),Procaine / Benzocaine (Local Anesthetic),0.0,N/A (Inert Sample),TRUE_NEGATIVE,VALIDATION_SET
FS-2026-01287,2026-07-12T02:01:00Z,OP-FORENSIC-107,State_Forensic_Field_Team,Plant Matter Extract,Marquis Reagent (Formaldehyde/Sulfuric Acid),LOT-2026-MARQ-447,7589,26.4,PASS,1.44,91.75,1.24,2.47,90.95,1.26,3.43,89.92,2.2,0.65,89.16,1.24,1.35,2.822,0.047,FieldSure-Narcotics-v2.1,0.941,NEG_NO_REACTION,VALIDATED_LAB_CONFIRMED,LAB-CONFIRM-81286,GC-MS (Gas Chromatography-Mass Spectrometry),LSD (Lysergic Acid Diethylamide),48.99,Dimethylsulfone (18.4%),TRUE_POSITIVE,VALIDATION_SET
FS-2026-01288,2026-07-12T03:39:00Z,OP-FORENSIC-120,Customs_Evidence_Unit,Crystalline Powder,Duquenois-Levine Reagent (Vanillin/Acetaldehyde),LOT-2026-DUQN-202,2363,20.4,PASS,1.198,93.93,0.54,1.41,94.2,-0.64,3.32,94.26,-0.46,2.11,95.02,-0.38,2.66,1.897,0.0316,FieldSure-Narcotics-v2.1,0.971,NEG_NO_REACTION,VALIDATED_LAB_CONFIRMED,LAB-CONFIRM-81287,LC-MS/MS (Liquid Chromatography-Tandem Mass Spectrometry),Inert Cutting Agent (Lactose/Caffeine),0.0,N/A (Inert Sample),TRUE_NEGATIVE,VALIDATION_SET
FS-2026-01289,2026-07-12T05:30:00Z,OP-FORENSIC-105,State_Forensic_Field_Team,Off-White Powder,Duquenois-Levine Reagent (Vanillin/Acetaldehyde),LOT-2026-DUQN-118,2363,31.7,PASS,1.001,91.69,1.11,1.22,91.34,3.15,1.01,89.67,1.6,-0.42,89.45,2.24,0.36,2.652,0.0442,FieldSure-Narcotics-v2.1,0.994,NEG_NO_REACTION,VALIDATED_LAB_CONFIRMED,LAB-CONFIRM-81288,GC-MS (Gas Chromatography-Mass Spectrometry),LSD (Lysergic Acid Diethylamide),53.03,Caffeine (14.5%),TRUE_POSITIVE,VALIDATION_SET
FS-2026-01290,2026-07-12T05:39:00Z,OP-FORENSIC-108,Customs_Evidence_Unit,Pressed Tablet (Crushed),Simon's Reagent (Sodium Nitroprusside/Acetaldehyde),LOT-2026-SIMN-467,2363,26.2,PASS,1.605,90.25,0.96,4.56,89.18,2.43,5.1,91.56,0.94,4.03,90.23,1.57,4.77,0.645,0.0108,FieldSure-Narcotics-v2.1,0.994,NEG_NO_REACTION,VALIDATED_LAB_CONFIRMED,LAB-CONFIRM-81289,LC-MS/MS (Liquid Chromatography-Tandem Mass Spectrometry),LSD (Lysergic Acid Diethylamide),39.95,None (High Purity Grade),TRUE_POSITIVE,VALIDATION_SET
FS-2026-01291,2026-07-12T10:24:00Z,OP-FORENSIC-107,Border_Control_Post_3,Pressed Tablet (Crushed),Mecke Reagent (Selenious Acid/Sulfuric Acid),LOT-2026-MECK-980,7589,26.8,PASS,0.548,94.12,2.1,1.49,94.62,1.84,3.08,93.83,2.74,3.61,94.19,3.6,3.78,2.738,0.0456,FieldSure-Narcotics-v2.1,0.95,NEG_NO_REACTION,VALIDATED_LAB_CONFIRMED,LAB-CONFIRM-81290,GC-MS (Gas Chromatography-Mass Spectrometry),Procaine / Benzocaine (Local Anesthetic),0.0,N/A (Inert Sample),TRUE_NEGATIVE,VALIDATION_SET
FS-2026-01292,2026-07-12T11:32:00Z,OP-FORENSIC-118,District_Lab_North,Pressed Tablet (Crushed),Marquis Reagent (Formaldehyde/Sulfuric Acid),LOT-2026-MARQ-553,2363,23.5,PASS,1.258,93.11,-0.43,4.24,71.43,19.19,9.0,55.63,34.99,13.96,45.62,43.79,13.97,65.615,1.0936,FieldSure-Narcotics-v2.1,0.911,POS_METHAMPHETAMINE,VALIDATED_LAB_CONFIRMED,LAB-CONFIRM-81291,GC-MS (Gas Chromatography-Mass Spectrometry),Methamphetamine HCl,73.7,Lactose / Starch,TRUE_POSITIVE,VALIDATION_SET
FS-2026-01293,2026-07-12T15:40:00Z,OP-FORENSIC-117,Border_Control_Post_3,Pressed Tablet (Crushed),Scott Reagent (Cobalt Thiocyanate Phase),LOT-2026-SCOT-717,2363,17.1,PASS,0.675,93.14,-0.67,3.78,92.45,0.22,5.04,91.09,-0.23,5.63,90.94,-0.19,7.21,4.103,0.0684,FieldSure-Narcotics-v2.1,0.936,NEG_NO_REACTION,VALIDATED_LAB_CONFIRMED,LAB-CONFIRM-81292,GC-MS (Gas Chromatography-Mass Spectrometry),LSD (Lysergic Acid Diethylamide),22.4,Phenacetin (11.0%),TRUE_POSITIVE,VALIDATION_SET
FS-2026-01294,2026-07-12T18:40:00Z,OP-FORENSIC-105,Customs_Evidence_Unit,Crystalline Powder,Simon's Reagent (Sodium Nitroprusside/Acetaldehyde),LOT-2026-SIMN-142,7589,28.7,PASS,0.89,89.59,2.1,5.99,88.54,2.17,4.53,87.87,2.43,6.95,88.21,2.11,7.69,2.19,0.0365,FieldSure-Narcotics-v2.1,0.907,NEG_NO_REACTION,VALIDATED_LAB_CONFIRMED,LAB-CONFIRM-81293,GC-MS (Gas Chromatography-Mass Spectrometry),Methamphetamine HCl,68.44,Dimethylsulfone (18.4%),TRUE_POSITIVE,VALIDATION_SET
FS-2026-01295,2026-07-12T21:08:00Z,OP-FORENSIC-106,State_Forensic_Field_Team,Off-White Powder,Mandelin Reagent (Ammonium Vanadate/Sulfuric Acid),LOT-2026-MAND-350,564,22.3,PASS,1.735,92.28,1.08,4.42,91.77,0.8,5.32,90.77,0.85,3.65,89.57,0.45,4.52,2.784,0.0464,FieldSure-Narcotics-v2.1,0.912,NEG_NO_REACTION,VALIDATED_LAB_CONFIRMED,LAB-CONFIRM-81294,LC-MS/MS (Liquid Chromatography-Tandem Mass Spectrometry),"3,4-MDMA (Ecstasy)",76.06,None (High Purity Grade),TRUE_POSITIVE,VALIDATION_SET
FS-2026-01296,2026-07-12T23:42:00Z,OP-FORENSIC-109,State_Forensic_Field_Team,Crystalline Powder,Scott Reagent (Cobalt Thiocyanate Phase),LOT-2026-SCOT-488,564,20.6,PASS,0.917,88.93,0.43,3.96,88.58,0.64,5.75,86.28,1.49,5.95,86.19,1.42,6.6,3.932,0.0655,FieldSure-Narcotics-v2.1,0.918,NEG_NO_REACTION,VALIDATED_LAB_CONFIRMED,LAB-CONFIRM-81295,GC-MS (Gas Chromatography-Mass Spectrometry),"3,4-MDMA (Ecstasy)",50.35,Lactose / Starch,TRUE_POSITIVE,VALIDATION_SET
FS-2026-01297,2026-07-13T04:56:00Z,OP-FORENSIC-117,Customs_Evidence_Unit,Tar/Sticky Resin,Duquenois-Levine Reagent (Vanillin/Acetaldehyde),LOT-2026-DUQN-228,564,30.4,FAIL_GLARE,12.418,93.78,1.39,5.52,,,,,,,,,,,,FieldSure-Narcotics-v2.1,0.045,ABSTAIN_FAIL_GLARE,UNVALIDATED_QC_ABSTAIN,LAB-CONFIRM-81296,FTIR (Fourier Transform Infrared Spectroscopy),"3,4-MDMA (Ecstasy)",52.92,Dimethylsulfone (18.4%),ABSTAINED_NO_PREDICTION,VALIDATION_SET
FS-2026-01298,2026-07-13T10:19:00Z,OP-FORENSIC-111,State_Forensic_Field_Team,Plant Matter Extract,Scott Reagent (Cobalt Thiocyanate Phase),LOT-2026-SCOT-597,2363,20.2,PASS,1.633,92.14,0.3,5.26,88.74,0.36,5.44,90.32,1.67,4.92,89.6,2.36,5.4,3.273,0.0546,FieldSure-Narcotics-v2.1,0.912,NEG_NO_REACTION,VALIDATED_LAB_CONFIRMED,LAB-CONFIRM-81297,LC-MS/MS (Liquid Chromatography-Tandem Mass Spectrometry),Methamphetamine HCl,78.92,Dimethylsulfone (18.4%),TRUE_POSITIVE,VALIDATION_SET
FS-2026-01299,2026-07-13T10:32:00Z,OP-FORENSIC-115,Metropolitan_Task_Force,Tar/Sticky Resin,Mandelin Reagent (Ammonium Vanadate/Sulfuric Acid),LOT-2026-MAND-754,564,27.5,PASS,0.945,92.68,1.31,2.59,91.93,1.58,2.47,91.17,0.53,2.89,91.83,0.13,3.3,1.618,0.027,FieldSure-Narcotics-v2.1,0.926,NEG_NO_REACTION,VALIDATED_LAB_CONFIRMED,LAB-CONFIRM-81298,GC-MS (Gas Chromatography-Mass Spectrometry),Inert Cutting Agent (Lactose/Caffeine),0.0,N/A (Inert Sample),TRUE_NEGATIVE,VALIDATION_SET
FS-2026-01300,2026-07-13T11:12:00Z,OP-FORENSIC-123,Customs_Evidence_Unit,Pressed Tablet (Crushed),Duquenois-Levine Reagent (Vanillin/Acetaldehyde),LOT-2026-DUQN-792,2363,21.7,PASS,0.894,93.83,0.04,2.44,78.1,0.65,19.65,66.44,1.75,33.61,59.5,0.57,41.6,52.08,0.868,FieldSure-Narcotics-v2.1,0.953,POS_CANNABINOID_THC,VALIDATED_LAB_CONFIRMED,LAB-CONFIRM-81299,GC-MS (Gas Chromatography-Mass Spectrometry),Delta-9-THC,43.7,Levamisole (8.2%),TRUE_POSITIVE,VALIDATION_SET
FS-2026-01301,2026-07-13T12:52:00Z,OP-FORENSIC-114,Customs_Evidence_Unit,Crystalline Powder,Simon's Reagent (Sodium Nitroprusside/Acetaldehyde),LOT-2026-SIMN-750,7589,19.4,PASS,1.824,90.85,2.07,2.22,89.71,1.85,2.29,87.11,1.95,1.5,87.1,1.54,1.52,3.851,0.0642,FieldSure-Narcotics-v2.1,0.919,NEG_NO_REACTION,VALIDATED_LAB_CONFIRMED,LAB-CONFIRM-81300,GC-MS (Gas Chromatography-Mass Spectrometry),Delta-9-THC,74.9,Phenacetin (11.0%),TRUE_POSITIVE,VALIDATION_SET
FS-2026-01302,2026-07-13T14:54:00Z,OP-FORENSIC-115,Border_Control_Post_3,Plant Matter Extract,Duquenois-Levine Reagent (Vanillin/Acetaldehyde),LOT-2026-DUQN-422,564,28.4,PASS,1.599,88.11,0.94,1.37,87.2,0.24,-0.76,87.43,1.0,0.37,87.29,-1.11,1.51,2.212,0.0369,FieldSure-Narcotics-v2.1,0.967,NEG_NO_REACTION,VALIDATED_LAB_CONFIRMED,LAB-CONFIRM-81301,GC-MS (Gas Chromatography-Mass Spectrometry),Fentanyl HCl (Trace / Weak Response),13.35,Caffeine (14.5%),TRUE_POSITIVE,VALIDATION_SET
FS-2026-01303,2026-07-13T23:46:00Z,OP-FORENSIC-120,Metropolitan_Task_Force,Crystalline Powder,Simon's Reagent (Sodium Nitroprusside/Acetaldehyde),LOT-2026-SIMN-287,2363,24.9,PASS,1.399,86.03,2.05,4.16,83.33,1.86,5.8,82.69,1.88,6.06,82.2,2.58,6.21,4.376,0.0729,FieldSure-Narcotics-v2.1,0.957,NEG_NO_REACTION,VALIDATED_LAB_CONFIRMED,LAB-CONFIRM-81302,GC-MS (Gas Chromatography-Mass Spectrometry),Delta-9-THC,73.77,None (High Purity Grade),TRUE_POSITIVE,VALIDATION_SET
FS-2026-01304,2026-07-14T03:13:00Z,OP-FORENSIC-123,District_Lab_North,Pressed Tablet (Crushed),Simon's Reagent (Sodium Nitroprusside/Acetaldehyde),LOT-2026-SIMN-219,2363,22.0,PASS,1.395,93.85,2.02,2.69,93.97,3.63,2.15,93.42,1.57,1.4,92.82,3.15,2.5,1.541,0.0257,FieldSure-Narcotics-v2.1,0.953,NEG_NO_REACTION,VALIDATED_LAB_CONFIRMED,LAB-CONFIRM-81303,FTIR (Fourier Transform Infrared Spectroscopy),Procaine / Benzocaine (Local Anesthetic),0.0,N/A (Inert Sample),TRUE_NEGATIVE,VALIDATION_SET
FS-2026-01305,2026-07-14T04:07:00Z,OP-FORENSIC-105,District_Lab_North,Off-White Powder,Mecke Reagent (Selenious Acid/Sulfuric Acid),LOT-2026-MECK-803,2363,28.6,PASS,1.392,90.77,2.07,3.86,88.89,3.13,4.31,88.1,0.78,4.63,87.03,1.22,4.44,3.879,0.0646,FieldSure-Narcotics-v2.1,0.959,NEG_NO_REACTION,VALIDATED_LAB_CONFIRMED,LAB-CONFIRM-81304,GC-MS (Gas Chromatography-Mass Spectrometry),LSD (Lysergic Acid Diethylamide),54.75,Phenacetin (11.0%),TRUE_POSITIVE,VALIDATION_SET
FS-2026-01306,2026-07-14T04:24:00Z,OP-FORENSIC-103,District_Lab_North,Off-White Powder,Duquenois-Levine Reagent (Vanillin/Acetaldehyde),LOT-2026-DUQN-522,2363,18.0,PASS,1.709,95.28,1.75,1.83,94.73,2.33,3.58,94.22,2.57,3.53,94.02,3.15,4.7,3.433,0.0572,FieldSure-Narcotics-v2.1,0.9,NEG_NO_REACTION,VALIDATED_LAB_CONFIRMED,LAB-CONFIRM-81305,LC-MS/MS (Liquid Chromatography-Tandem Mass Spectrometry),Methamphetamine HCl,74.8,Levamisole (8.2%),TRUE_POSITIVE,VALIDATION_SET
FS-2026-01307,2026-07-14T05:40:00Z,OP-FORENSIC-124,Customs_Evidence_Unit,Off-White Powder,Marquis Reagent (Formaldehyde/Sulfuric Acid),LOT-2026-MARQ-465,564,26.2,PASS,1.841,93.84,0.43,1.89,79.76,12.61,-6.19,69.22,19.83,-11.55,63.34,25.89,-14.72,43.062,0.7177,FieldSure-Narcotics-v2.1,0.947,POS_MDMA,VALIDATED_LAB_CONFIRMED,LAB-CONFIRM-81306,GC-MS (Gas Chromatography-Mass Spectrometry),"3,4-MDMA (Ecstasy)",59.06,Phenacetin (11.0%),TRUE_POSITIVE,VALIDATION_SET
FS-2026-01308,2026-07-14T10:13:00Z,OP-FORENSIC-112,District_Lab_North,Crystalline Powder,Simon's Reagent (Sodium Nitroprusside/Acetaldehyde),LOT-2026-SIMN-295,564,27.2,PASS,0.746,86.81,2.07,5.47,85.86,2.96,4.91,84.37,3.75,7.19,83.17,3.11,5.65,3.79,0.0632,FieldSure-Narcotics-v2.1,0.94,NEG_NO_REACTION,VALIDATED_LAB_CONFIRMED,LAB-CONFIRM-81307,FTIR (Fourier Transform Infrared Spectroscopy),Fentanyl HCl (Trace / Weak Response),17.4,None (High Purity Grade),TRUE_POSITIVE,VALIDATION_SET
FS-2026-01309,2026-07-14T10:43:00Z,OP-FORENSIC-119,Customs_Evidence_Unit,Crystalline Powder,Simon's Reagent (Sodium Nitroprusside/Acetaldehyde),LOT-2026-SIMN-503,564,27.2,PASS,0.858,88.08,1.25,3.55,86.95,2.04,4.42,86.53,2.09,3.97,86.73,2.87,4.29,2.235,0.0372,FieldSure-Narcotics-v2.1,0.931,NEG_NO_REACTION,VALIDATED_LAB_CONFIRMED,LAB-CONFIRM-81308,GC-MS (Gas Chromatography-Mass Spectrometry),Delta-9-THC,64.46,Lactose / Starch,TRUE_POSITIVE,VALIDATION_SET
FS-2026-01310,2026-07-14T11:16:00Z,OP-FORENSIC-100,State_Forensic_Field_Team,Crystalline Powder,Marquis Reagent (Formaldehyde/Sulfuric Acid),LOT-2026-MARQ-518,564,19.3,FAIL_BLUR,10.049,92.82,0.67,5.87,,,,,,,,,,,,FieldSure-Narcotics-v2.1,0.096,ABSTAIN_FAIL_BLUR,UNVALIDATED_QC_ABSTAIN,LAB-CONFIRM-81309,LC-MS/MS (Liquid Chromatography-Tandem Mass Spectrometry),Fentanyl HCl (Trace / Weak Response),10.78,None (High Purity Grade),ABSTAINED_NO_PREDICTION,VALIDATION_SET
FS-2026-01311,2026-07-14T12:13:00Z,OP-FORENSIC-118,State_Forensic_Field_Team,Tar/Sticky Resin,Marquis Reagent (Formaldehyde/Sulfuric Acid),LOT-2026-MARQ-196,564,26.0,PASS,0.9,91.28,-0.05,1.28,66.96,7.56,9.26,50.19,11.12,14.35,39.93,15.35,17.63,56.047,0.9341,FieldSure-Narcotics-v2.1,0.961,POS_MDMA,VALIDATED_LAB_CONFIRMED,LAB-CONFIRM-81310,GC-MS (Gas Chromatography-Mass Spectrometry),"3,4-MDMA (Ecstasy)",83.38,Phenacetin (11.0%),TRUE_POSITIVE,VALIDATION_SET
FS-2026-01312,2026-07-14T18:41:00Z,OP-FORENSIC-111,State_Forensic_Field_Team,Crystalline Powder,Scott Reagent (Cobalt Thiocyanate Phase),LOT-2026-SCOT-836,2363,24.2,PASS,0.843,93.17,0.62,5.86,91.44,1.07,4.7,90.56,1.49,5.39,89.4,-0.14,4.7,4.017,0.067,FieldSure-Narcotics-v2.1,0.91,NEG_NO_REACTION,VALIDATED_LAB_CONFIRMED,LAB-CONFIRM-81311,GC-MS (Gas Chromatography-Mass Spectrometry),Delta-9-THC,55.65,Lactose / Starch,TRUE_POSITIVE,VALIDATION_SET
FS-2026-01313,2026-07-14T20:22:00Z,OP-FORENSIC-114,Customs_Evidence_Unit,Pressed Tablet (Crushed),Mandelin Reagent (Ammonium Vanadate/Sulfuric Acid),LOT-2026-MAND-263,2363,23.9,PASS,1.119,92.79,-1.2,3.95,90.51,-2.13,3.75,90.79,-0.35,4.83,91.0,-1.71,4.07,1.865,0.0311,FieldSure-Narcotics-v2.1,0.97,NEG_NO_REACTION,VALIDATED_LAB_CONFIRMED,LAB-CONFIRM-81312,GC-MS (Gas Chromatography-Mass Spectrometry),Methamphetamine HCl,86.78,None (High Purity Grade),TRUE_POSITIVE,VALIDATION_SET
FS-2026-01314,2026-07-14T23:41:00Z,OP-FORENSIC-105,District_Lab_North,Crystalline Powder,Duquenois-Levine Reagent (Vanillin/Acetaldehyde),LOT-2026-DUQN-175,2363,25.0,PASS,1.712,95.18,1.81,5.05,95.08,2.23,4.79,94.1,1.4,5.26,95.24,2.13,4.51,0.631,0.0105,FieldSure-Narcotics-v2.1,0.902,NEG_NO_REACTION,VALIDATED_LAB_CONFIRMED,LAB-CONFIRM-81313,FTIR (Fourier Transform Infrared Spectroscopy),Fentanyl HCl (Trace / Weak Response),3.87,Levamisole (8.2%),TRUE_POSITIVE,VALIDATION_SET
FS-2026-01315,2026-07-15T00:16:00Z,OP-FORENSIC-104,State_Forensic_Field_Team,Pressed Tablet (Crushed),Scott Reagent (Cobalt Thiocyanate Phase),LOT-2026-SCOT-671,564,27.9,PASS,1.008,93.19,-0.35,5.13,93.46,0.31,8.41,92.87,-0.9,7.69,92.35,-1.49,6.79,2.182,0.0364,FieldSure-Narcotics-v2.1,0.969,NEG_NO_REACTION,VALIDATED_LAB_CONFIRMED,LAB-CONFIRM-81314,GC-MS (Gas Chromatography-Mass Spectrometry),Heroin Hydrochloride,41.33,None (High Purity Grade),TRUE_POSITIVE,VALIDATION_SET
FS-2026-01316,2026-07-15T03:19:00Z,OP-FORENSIC-124,Border_Control_Post_3,Off-White Powder,Ehrlich Reagent (p-DMAB/HCl),LOT-2026-EHRL-225,2363,17.4,PASS,1.827,90.16,2.14,1.95,87.49,2.18,3.57,89.22,2.84,3.5,88.37,2.92,3.53,2.512,0.0419,FieldSure-Narcotics-v2.1,0.977,NEG_NO_REACTION,VALIDATED_LAB_CONFIRMED,LAB-CONFIRM-81315,GC-MS (Gas Chromatography-Mass Spectrometry),Delta-9-THC,35.4,None (High Purity Grade),TRUE_POSITIVE,VALIDATION_SET
FS-2026-01317,2026-07-15T07:18:00Z,OP-FORENSIC-103,Metropolitan_Task_Force,Off-White Powder,Duquenois-Levine Reagent (Vanillin/Acetaldehyde),LOT-2026-DUQN-248,7589,28.0,PASS,0.743,92.94,0.64,4.23,91.57,-0.51,4.47,89.31,0.17,3.03,88.81,2.22,3.92,4.433,0.0739,FieldSure-Narcotics-v2.1,0.972,NEG_NO_REACTION,VALIDATED_LAB_CONFIRMED,LAB-CONFIRM-81316,FTIR (Fourier Transform Infrared Spectroscopy),LSD (Lysergic Acid Diethylamide),54.5,Dimethylsulfone (18.4%),TRUE_POSITIVE,VALIDATION_SET
FS-2026-01318,2026-07-15T09:05:00Z,OP-FORENSIC-108,Customs_Evidence_Unit,Liquid Solution (Diluted),Ehrlich Reagent (p-DMAB/HCl),LOT-2026-EHRL-794,2363,30.2,PASS,0.966,87.92,0.88,3.62,88.02,0.54,4.84,86.81,-0.09,5.15,87.01,-1.08,4.96,2.543,0.0424,FieldSure-Narcotics-v2.1,0.911,NEG_NO_REACTION,VALIDATED_LAB_CONFIRMED,LAB-CONFIRM-81317,GC-MS (Gas Chromatography-Mass Spectrometry),Fentanyl HCl (Trace / Weak Response),15.29,Dimethylsulfone (18.4%),TRUE_POSITIVE,VALIDATION_SET
FS-2026-01319,2026-07-15T11:08:00Z,OP-FORENSIC-103,District_Lab_North,Crystalline Powder,Mecke Reagent (Selenious Acid/Sulfuric Acid),LOT-2026-MECK-698,7589,22.9,PASS,0.567,90.69,1.34,1.94,90.64,0.67,2.42,90.23,2.72,2.92,90.97,1.41,3.88,1.961,0.0327,FieldSure-Narcotics-v2.1,0.928,NEG_NO_REACTION,VALIDATED_LAB_CONFIRMED,LAB-CONFIRM-81318,FTIR (Fourier Transform Infrared Spectroscopy),Inert Cutting Agent (Lactose/Caffeine),0.0,N/A (Inert Sample),TRUE_NEGATIVE,VALIDATION_SET
FS-2026-01320,2026-07-15T15:11:00Z,OP-FORENSIC-108,Border_Control_Post_3,Crystalline Powder,Mandelin Reagent (Ammonium Vanadate/Sulfuric Acid),LOT-2026-MAND-422,2363,14.5,PASS,0.436,87.06,0.4,2.03,86.86,1.47,3.63,87.11,-0.81,2.78,86.58,0.81,4.13,2.193,0.0366,FieldSure-Narcotics-v2.1,0.927,NEG_NO_REACTION,VALIDATED_LAB_CONFIRMED,LAB-CONFIRM-81319,GC-MS (Gas Chromatography-Mass Spectrometry),"3,4-MDMA (Ecstasy)",66.56,Levamisole (8.2%),TRUE_POSITIVE,VALIDATION_SET
FS-2026-01321,2026-07-15T15:44:00Z,OP-FORENSIC-116,District_Lab_North,Pressed Tablet (Crushed),Ehrlich Reagent (p-DMAB/HCl),LOT-2026-EHRL-293,2363,25.5,PASS,1.334,90.25,1.87,4.56,88.64,2.07,6.68,87.66,1.48,6.14,87.52,0.99,6.6,3.52,0.0587,FieldSure-Narcotics-v2.1,0.981,NEG_NO_REACTION,VALIDATED_LAB_CONFIRMED,LAB-CONFIRM-81320,LC-MS/MS (Liquid Chromatography-Tandem Mass Spectrometry),Cocaine Hydrochloride,81.71,Dimethylsulfone (18.4%),TRUE_POSITIVE,VALIDATION_SET
FS-2026-01322,2026-07-15T17:42:00Z,OP-FORENSIC-117,State_Forensic_Field_Team,Plant Matter Extract,Scott Reagent (Cobalt Thiocyanate Phase),LOT-2026-SCOT-597,2363,21.9,PASS,0.567,92.54,-0.63,5.3,92.34,-0.08,5.52,91.86,-1.18,5.47,92.09,-1.43,5.83,1.06,0.0177,FieldSure-Narcotics-v2.1,0.956,NEG_NO_REACTION,VALIDATED_LAB_CONFIRMED,LAB-CONFIRM-81321,FTIR (Fourier Transform Infrared Spectroscopy),Fentanyl HCl (Trace / Weak Response),10.04,Lactose / Starch,TRUE_POSITIVE,VALIDATION_SET
FS-2026-01323,2026-07-15T21:41:00Z,OP-FORENSIC-104,State_Forensic_Field_Team,Crystalline Powder,Mecke Reagent (Selenious Acid/Sulfuric Acid),LOT-2026-MECK-243,2363,18.7,PASS,1.648,95.52,0.04,4.26,94.26,-0.96,3.75,93.07,1.52,4.6,94.0,0.75,3.11,2.034,0.0339,FieldSure-Narcotics-v2.1,0.97,NEG_NO_REACTION,VALIDATED_LAB_CONFIRMED,LAB-CONFIRM-81322,FTIR (Fourier Transform Infrared Spectroscopy),Fentanyl HCl (Trace / Weak Response),14.44,Dimethylsulfone (18.4%),TRUE_POSITIVE,VALIDATION_SET
FS-2026-01324,2026-07-15T22:14:00Z,OP-FORENSIC-106,Customs_Evidence_Unit,Tar/Sticky Resin,Simon's Reagent (Sodium Nitroprusside/Acetaldehyde),LOT-2026-SIMN-334,564,28.0,PASS,0.637,89.0,1.02,3.37,86.9,1.03,3.18,86.68,1.56,3.03,85.81,1.49,2.74,3.285,0.0548,FieldSure-Narcotics-v2.1,0.901,NEG_NO_REACTION,VALIDATED_LAB_CONFIRMED,LAB-CONFIRM-81323,LC-MS/MS (Liquid Chromatography-Tandem Mass Spectrometry),Cocaine Hydrochloride,94.55,None (High Purity Grade),TRUE_POSITIVE,VALIDATION_SET
FS-2026-01325,2026-07-16T00:30:00Z,OP-FORENSIC-118,Metropolitan_Task_Force,Pressed Tablet (Crushed),Duquenois-Levine Reagent (Vanillin/Acetaldehyde),LOT-2026-DUQN-485,564,30.3,FAIL_BLUR,6.348,86.65,-0.67,2.88,,,,,,,,,,,,FieldSure-Narcotics-v2.1,0.247,ABSTAIN_FAIL_BLUR,UNVALIDATED_QC_ABSTAIN,LAB-CONFIRM-81324,GC-MS (Gas Chromatography-Mass Spectrometry),Procaine / Benzocaine (Local Anesthetic),0.0,N/A (Inert Sample),ABSTAINED_NO_PREDICTION,VALIDATION_SET
FS-2026-01326,2026-07-16T02:35:00Z,OP-FORENSIC-124,State_Forensic_Field_Team,Off-White Powder,Duquenois-Levine Reagent (Vanillin/Acetaldehyde),LOT-2026-DUQN-307,7589,27.3,PASS,1.393,93.82,0.1,5.04,92.05,-2.12,5.99,91.54,0.55,4.59,91.57,-0.95,4.91,2.486,0.0414,FieldSure-Narcotics-v2.1,0.909,NEG_NO_REACTION,VALIDATED_LAB_CONFIRMED,LAB-CONFIRM-81325,GC-MS (Gas Chromatography-Mass Spectrometry),Heroin Hydrochloride,82.21,Lactose / Starch,TRUE_POSITIVE,VALIDATION_SET
FS-2026-01327,2026-07-16T04:05:00Z,OP-FORENSIC-106,Customs_Evidence_Unit,Tar/Sticky Resin,Duquenois-Levine Reagent (Vanillin/Acetaldehyde),LOT-2026-DUQN-595,564,20.2,PASS,0.674,91.58,0.9,1.71,90.36,1.17,2.96,88.85,1.47,2.59,87.78,0.66,5.19,5.158,0.086,FieldSure-Narcotics-v2.1,0.925,NEG_NO_REACTION,VALIDATED_LAB_CONFIRMED,LAB-CONFIRM-81326,GC-MS (Gas Chromatography-Mass Spectrometry),Inert Cutting Agent (Lactose/Caffeine),0.0,N/A (Inert Sample),TRUE_NEGATIVE,VALIDATION_SET
FS-2026-01328,2026-07-16T08:52:00Z,OP-FORENSIC-124,District_Lab_North,Crystalline Powder,Simon's Reagent (Sodium Nitroprusside/Acetaldehyde),LOT-2026-SIMN-834,2363,29.0,PASS,0.706,91.06,2.48,1.23,89.99,2.52,-1.5,91.06,1.81,1.08,90.18,2.25,2.14,1.287,0.0214,FieldSure-Narcotics-v2.1,0.938,NEG_NO_REACTION,VALIDATED_LAB_CONFIRMED,LAB-CONFIRM-81327,GC-MS (Gas Chromatography-Mass Spectrometry),Cocaine Hydrochloride,94.95,Dimethylsulfone (18.4%),TRUE_POSITIVE,VALIDATION_SET
FS-2026-01329,2026-07-16T09:53:00Z,OP-FORENSIC-101,Metropolitan_Task_Force,Pressed Tablet (Crushed),Simon's Reagent (Sodium Nitroprusside/Acetaldehyde),LOT-2026-SIMN-685,564,18.1,PASS,1.374,89.31,1.81,5.2,88.93,1.12,6.01,87.46,2.87,6.55,86.68,1.62,6.46,2.922,0.0487,FieldSure-Narcotics-v2.1,0.977,NEG_NO_REACTION,VALIDATED_LAB_CONFIRMED,LAB-CONFIRM-81328,LC-MS/MS (Liquid Chromatography-Tandem Mass Spectrometry),LSD (Lysergic Acid Diethylamide),16.27,Dimethylsulfone (18.4%),TRUE_POSITIVE,VALIDATION_SET
FS-2026-01330,2026-07-16T09:54:00Z,OP-FORENSIC-101,District_Lab_North,Pressed Tablet (Crushed),Mandelin Reagent (Ammonium Vanadate/Sulfuric Acid),LOT-2026-MAND-707,564,30.0,FAIL_GEOMETRY,11.887,91.02,-0.68,1.84,,,,,,,,,,,,FieldSure-Narcotics-v2.1,0.045,ABSTAIN_FAIL_GEOMETRY,UNVALIDATED_QC_ABSTAIN,LAB-CONFIRM-81329,LC-MS/MS (Liquid Chromatography-Tandem Mass Spectrometry),Heroin Hydrochloride,55.94,Dimethylsulfone (18.4%),ABSTAINED_NO_PREDICTION,VALIDATION_SET
FS-2026-01331,2026-07-16T09:56:00Z,OP-FORENSIC-121,Metropolitan_Task_Force,Crystalline Powder,Scott Reagent (Cobalt Thiocyanate Phase),LOT-2026-SCOT-176,2363,28.1,PASS,0.612,87.68,-0.17,5.54,87.81,0.7,7.72,85.75,0.23,8.47,85.94,0.3,8.68,3.621,0.0604,FieldSure-Narcotics-v2.1,0.971,NEG_NO_REACTION,VALIDATED_LAB_CONFIRMED,LAB-CONFIRM-81330,GC-MS (Gas Chromatography-Mass Spectrometry),LSD (Lysergic Acid Diethylamide),30.95,Lactose / Starch,TRUE_POSITIVE,VALIDATION_SET
FS-2026-01332,2026-07-16T14:34:00Z,OP-FORENSIC-108,District_Lab_North,Crystalline Powder,Ehrlich Reagent (p-DMAB/HCl),LOT-2026-EHRL-472,2363,27.4,PASS,1.597,94.87,-0.56,2.89,92.69,-0.28,2.94,92.26,-0.93,3.86,92.95,-1.27,4.27,2.469,0.0412,FieldSure-Narcotics-v2.1,0.967,NEG_NO_REACTION,VALIDATED_LAB_CONFIRMED,LAB-CONFIRM-81331,GC-MS (Gas Chromatography-Mass Spectrometry),Methamphetamine HCl,89.63,Phenacetin (11.0%),TRUE_POSITIVE,VALIDATION_SET
FS-2026-01333,2026-07-17T02:25:00Z,OP-FORENSIC-118,District_Lab_North,Crystalline Powder,Ehrlich Reagent (p-DMAB/HCl),LOT-2026-EHRL-596,564,21.1,PASS,0.942,90.23,1.78,1.21,89.11,1.4,-0.41,89.28,3.29,1.62,88.69,2.7,1.55,1.826,0.0304,FieldSure-Narcotics-v2.1,0.906,NEG_NO_REACTION,VALIDATED_LAB_CONFIRMED,LAB-CONFIRM-81332,FTIR (Fourier Transform Infrared Spectroscopy),"3,4-MDMA (Ecstasy)",57.98,Levamisole (8.2%),TRUE_POSITIVE,VALIDATION_SET
FS-2026-01334,2026-07-17T03:40:00Z,OP-FORENSIC-101,State_Forensic_Field_Team,Crystalline Powder,Duquenois-Levine Reagent (Vanillin/Acetaldehyde),LOT-2026-DUQN-548,564,22.4,FAIL_EXPOSURE,6.073,87.84,1.59,5.63,,,,,,,,,,,,FieldSure-Narcotics-v2.1,0.058,ABSTAIN_FAIL_EXPOSURE,UNVALIDATED_QC_ABSTAIN,LAB-CONFIRM-81333,LC-MS/MS (Liquid Chromatography-Tandem Mass Spectrometry),"3,4-MDMA (Ecstasy)",74.95,Lactose / Starch,ABSTAINED_NO_PREDICTION,VALIDATION_SET
FS-2026-01335,2026-07-17T05:52:00Z,OP-FORENSIC-116,Metropolitan_Task_Force,Pressed Tablet (Crushed),Mandelin Reagent (Ammonium Vanadate/Sulfuric Acid),LOT-2026-MAND-247,564,22.7,PASS,1.356,91.61,-0.13,2.03,92.68,-1.92,4.11,91.52,-0.03,2.53,91.46,-0.48,2.9,0.95,0.0158,FieldSure-Narcotics-v2.1,0.986,NEG_NO_REACTION,VALIDATED_LAB_CONFIRMED,LAB-CONFIRM-81334,FTIR (Fourier Transform Infrared Spectroscopy),Delta-9-THC,32.97,Dimethylsulfone (18.4%),TRUE_POSITIVE,VALIDATION_SET
FS-2026-01336,2026-07-17T10:21:00Z,OP-FORENSIC-104,Metropolitan_Task_Force,Plant Matter Extract,Ehrlich Reagent (p-DMAB/HCl),LOT-2026-EHRL-998,564,16.0,PASS,1.65,93.24,1.82,1.97,92.07,0.04,2.59,91.26,0.41,3.34,91.58,0.77,4.06,2.868,0.0478,FieldSure-Narcotics-v2.1,0.916,NEG_NO_REACTION,VALIDATED_LAB_CONFIRMED,LAB-CONFIRM-81335,LC-MS/MS (Liquid Chromatography-Tandem Mass Spectrometry),Procaine / Benzocaine (Local Anesthetic),0.0,N/A (Inert Sample),TRUE_NEGATIVE,VALIDATION_SET
FS-2026-01337,2026-07-17T10:45:00Z,OP-FORENSIC-122,Metropolitan_Task_Force,Pressed Tablet (Crushed),Scott Reagent (Cobalt Thiocyanate Phase),LOT-2026-SCOT-161,564,27.0,PASS,1.621,93.01,1.56,2.25,92.43,0.65,3.19,91.08,0.42,4.09,90.12,-0.09,5.46,4.624,0.0771,FieldSure-Narcotics-v2.1,0.937,NEG_NO_REACTION,VALIDATED_LAB_CONFIRMED,LAB-CONFIRM-81336,GC-MS (Gas Chromatography-Mass Spectrometry),Heroin Hydrochloride,50.05,None (High Purity Grade),TRUE_POSITIVE,VALIDATION_SET
FS-2026-01338,2026-07-17T11:13:00Z,OP-FORENSIC-101,Customs_Evidence_Unit,Pressed Tablet (Crushed),Scott Reagent (Cobalt Thiocyanate Phase),LOT-2026-SCOT-673,564,24.7,PASS,0.926,92.11,1.95,4.42,91.19,1.02,5.38,91.22,1.99,5.51,90.01,0.31,5.27,2.797,0.0466,FieldSure-Narcotics-v2.1,0.97,NEG_NO_REACTION,VALIDATED_LAB_CONFIRMED,LAB-CONFIRM-81337,GC-MS (Gas Chromatography-Mass Spectrometry),Methamphetamine HCl,87.75,Lactose / Starch,TRUE_POSITIVE,VALIDATION_SET
FS-2026-01339,2026-07-17T14:45:00Z,OP-FORENSIC-121,District_Lab_North,Pressed Tablet (Crushed),Mandelin Reagent (Ammonium Vanadate/Sulfuric Acid),LOT-2026-MAND-851,2363,24.7,PASS,1.606,88.07,0.38,3.28,87.19,-0.54,3.28,87.85,0.64,3.35,88.03,0.45,2.8,0.487,0.0081,FieldSure-Narcotics-v2.1,0.961,NEG_NO_REACTION,VALIDATED_LAB_CONFIRMED,LAB-CONFIRM-81338,GC-MS (Gas Chromatography-Mass Spectrometry),Procaine / Benzocaine (Local Anesthetic),0.0,N/A (Inert Sample),TRUE_NEGATIVE,VALIDATION_SET
FS-2026-01340,2026-07-17T16:03:00Z,OP-FORENSIC-100,Border_Control_Post_3,Pressed Tablet (Crushed),Mecke Reagent (Selenious Acid/Sulfuric Acid),LOT-2026-MECK-456,564,21.0,PASS,0.973,92.89,0.66,2.38,92.33,0.58,3.41,92.73,0.04,4.13,92.38,-0.02,4.99,2.745,0.0458,FieldSure-Narcotics-v2.1,0.943,NEG_NO_REACTION,VALIDATED_LAB_CONFIRMED,LAB-CONFIRM-81339,FTIR (Fourier Transform Infrared Spectroscopy),Delta-9-THC,58.67,Levamisole (8.2%),TRUE_POSITIVE,VALIDATION_SET
FS-2026-01341,2026-07-17T16:24:00Z,OP-FORENSIC-103,Border_Control_Post_3,Liquid Solution (Diluted),Mecke Reagent (Selenious Acid/Sulfuric Acid),LOT-2026-MECK-486,2363,23.1,PASS,1.066,89.43,2.08,3.9,89.42,2.02,4.25,90.2,2.56,5.3,89.47,2.41,6.34,2.463,0.0411,FieldSure-Narcotics-v2.1,0.981,NEG_NO_REACTION,VALIDATED_LAB_CONFIRMED,LAB-CONFIRM-81340,GC-MS (Gas Chromatography-Mass Spectrometry),Cocaine Hydrochloride,78.54,Levamisole (8.2%),TRUE_POSITIVE,VALIDATION_SET
FS-2026-01342,2026-07-17T17:31:00Z,OP-FORENSIC-123,Border_Control_Post_3,Crystalline Powder,Mandelin Reagent (Ammonium Vanadate/Sulfuric Acid),LOT-2026-MAND-799,2363,27.8,PASS,0.702,86.57,1.05,5.78,85.42,1.47,5.92,86.26,0.88,5.13,85.38,0.05,4.64,1.928,0.0321,FieldSure-Narcotics-v2.1,0.893,NEG_NO_REACTION,VALIDATED_LAB_CONFIRMED,LAB-CONFIRM-81341,LC-MS/MS (Liquid Chromatography-Tandem Mass Spectrometry),Procaine / Benzocaine (Local Anesthetic),0.0,N/A (Inert Sample),TRUE_NEGATIVE,VALIDATION_SET
FS-2026-01343,2026-07-17T17:48:00Z,OP-FORENSIC-101,Metropolitan_Task_Force,Tar/Sticky Resin,Ehrlich Reagent (p-DMAB/HCl),LOT-2026-EHRL-619,564,20.8,FAIL_GEOMETRY,5.663,86.71,-1.21,5.5,,,,,,,,,,,,FieldSure-Narcotics-v2.1,0.215,ABSTAIN_FAIL_GEOMETRY,UNVALIDATED_QC_ABSTAIN,LAB-CONFIRM-81342,GC-MS (Gas Chromatography-Mass Spectrometry),Delta-9-THC,35.03,Dimethylsulfone (18.4%),ABSTAINED_NO_PREDICTION,VALIDATION_SET
FS-2026-01344,2026-07-17T20:10:00Z,OP-FORENSIC-110,District_Lab_North,Crystalline Powder,Mandelin Reagent (Ammonium Vanadate/Sulfuric Acid),LOT-2026-MAND-986,564,25.3,PASS,1.215,88.05,-1.24,4.14,87.58,-0.09,5.61,87.3,-0.15,6.0,86.17,-0.12,6.39,3.139,0.0523,FieldSure-Narcotics-v2.1,0.984,NEG_NO_REACTION,VALIDATED_LAB_CONFIRMED,LAB-CONFIRM-81343,LC-MS/MS (Liquid Chromatography-Tandem Mass Spectrometry),Inert Cutting Agent (Lactose/Caffeine),0.0,N/A (Inert Sample),TRUE_NEGATIVE,VALIDATION_SET
FS-2026-01345,2026-07-17T21:49:00Z,OP-FORENSIC-106,State_Forensic_Field_Team,Pressed Tablet (Crushed),Scott Reagent (Cobalt Thiocyanate Phase),LOT-2026-SCOT-482,564,31.3,PASS,1.465,95.82,2.24,3.96,83.21,16.08,2.07,75.82,24.88,-0.91,69.15,31.99,-2.11,40.413,0.6736,FieldSure-Narcotics-v2.1,0.947,FALSE_POS_LOCAL_ANESTHETIC,VALIDATED_LAB_CONFIRMED,LAB-CONFIRM-81344,GC-MS (Gas Chromatography-Mass Spectrometry),Procaine / Benzocaine (Local Anesthetic),0.0,N/A (Inert Sample),TRUE_POSITIVE,VALIDATION_SET
FS-2026-01346,2026-07-18T00:48:00Z,OP-FORENSIC-112,Border_Control_Post_3,Plant Matter Extract,Duquenois-Levine Reagent (Vanillin/Acetaldehyde),LOT-2026-DUQN-295,2363,18.9,PASS,1.758,90.41,-0.72,4.04,89.49,-1.05,5.83,87.55,-1.48,6.53,88.22,-1.16,6.42,3.264,0.0544,FieldSure-Narcotics-v2.1,0.97,NEG_NO_REACTION,VALIDATED_LAB_CONFIRMED,LAB-CONFIRM-81345,LC-MS/MS (Liquid Chromatography-Tandem Mass Spectrometry),Fentanyl HCl (Trace / Weak Response),15.03,Dimethylsulfone (18.4%),TRUE_POSITIVE,VALIDATION_SET
FS-2026-01347,2026-07-18T01:23:00Z,OP-FORENSIC-111,District_Lab_North,Crystalline Powder,Scott Reagent (Cobalt Thiocyanate Phase),LOT-2026-SCOT-931,564,24.3,PASS,1.041,90.72,2.05,4.22,78.37,12.82,4.07,69.65,22.52,4.33,64.16,27.12,3.66,36.527,0.6088,FieldSure-Narcotics-v2.1,0.967,POS_COCAINE,VALIDATED_LAB_CONFIRMED,LAB-CONFIRM-81346,GC-MS (Gas Chromatography-Mass Spectrometry),Cocaine Hydrochloride,81.02,Dimethylsulfone (18.4%),TRUE_POSITIVE,VALIDATION_SET
FS-2026-01348,2026-07-18T05:35:00Z,OP-FORENSIC-103,Customs_Evidence_Unit,Off-White Powder,Ehrlich Reagent (p-DMAB/HCl),LOT-2026-EHRL-289,2363,24.4,FAIL_GEOMETRY,10.553,87.04,-0.01,3.84,,,,,,,,,,,,FieldSure-Narcotics-v2.1,0.192,ABSTAIN_FAIL_GEOMETRY,UNVALIDATED_QC_ABSTAIN,LAB-CONFIRM-81347,GC-MS (Gas Chromatography-Mass Spectrometry),Cocaine Hydrochloride,81.06,Caffeine (14.5%),ABSTAINED_NO_PREDICTION,VALIDATION_SET
FS-2026-01349,2026-07-18T05:43:00Z,OP-FORENSIC-111,Customs_Evidence_Unit,Off-White Powder,Duquenois-Levine Reagent (Vanillin/Acetaldehyde),LOT-2026-DUQN-533,564,30.4,PASS,0.928,92.65,-1.01,4.5,94.19,-1.58,4.64,92.93,-0.46,4.09,92.78,-2.15,4.17,1.194,0.0199,FieldSure-Narcotics-v2.1,0.947,NEG_NO_REACTION,VALIDATED_LAB_CONFIRMED,LAB-CONFIRM-81348,LC-MS/MS (Liquid Chromatography-Tandem Mass Spectrometry),Heroin Hydrochloride,40.75,Levamisole (8.2%),TRUE_POSITIVE,VALIDATION_SET
FS-2026-01350,2026-07-18T10:53:00Z,OP-FORENSIC-105,District_Lab_North,Crystalline Powder,Simon's Reagent (Sodium Nitroprusside/Acetaldehyde),LOT-2026-SIMN-411,7589,28.7,PASS,1.198,92.07,2.01,5.99,90.83,0.26,7.9,92.26,1.24,7.1,91.34,1.44,9.01,3.159,0.0526,FieldSure-Narcotics-v2.1,0.969,NEG_NO_REACTION,VALIDATED_LAB_CONFIRMED,LAB-CONFIRM-81349,LC-MS/MS (Liquid Chromatography-Tandem Mass Spectrometry),Cocaine Hydrochloride,76.0,Caffeine (14.5%),TRUE_POSITIVE,VALIDATION_SET
FS-2026-01351,2026-07-18T12:48:00Z,OP-FORENSIC-123,Customs_Evidence_Unit,Pressed Tablet (Crushed),Mandelin Reagent (Ammonium Vanadate/Sulfuric Acid),LOT-2026-MAND-859,564,30.3,PASS,1.391,91.26,1.52,2.23,90.51,2.0,2.45,88.34,2.09,3.77,87.66,2.05,4.06,4.073,0.0679,FieldSure-Narcotics-v2.1,0.926,NEG_NO_REACTION,VALIDATED_LAB_CONFIRMED,LAB-CONFIRM-81350,LC-MS/MS (Liquid Chromatography-Tandem Mass Spectrometry),Heroin Hydrochloride,49.27,None (High Purity Grade),TRUE_POSITIVE,VALIDATION_SET
FS-2026-01352,2026-07-18T14:10:00Z,OP-FORENSIC-124,Metropolitan_Task_Force,Off-White Powder,Mandelin Reagent (Ammonium Vanadate/Sulfuric Acid),LOT-2026-MAND-906,7589,29.2,PASS,1.498,89.6,1.17,4.03,88.46,1.72,4.94,87.11,0.87,7.04,86.61,0.9,7.61,4.672,0.0779,FieldSure-Narcotics-v2.1,0.93,NEG_NO_REACTION,VALIDATED_LAB_CONFIRMED,LAB-CONFIRM-81351,FTIR (Fourier Transform Infrared Spectroscopy),Fentanyl HCl (Trace / Weak Response),2.62,Dimethylsulfone (18.4%),TRUE_POSITIVE,VALIDATION_SET
FS-2026-01353,2026-07-19T00:39:00Z,OP-FORENSIC-120,Border_Control_Post_3,Off-White Powder,Ehrlich Reagent (p-DMAB/HCl),LOT-2026-EHRL-498,2363,25.2,PASS,1.087,88.68,0.74,5.79,89.23,0.83,5.77,87.71,1.11,5.18,88.12,-0.25,6.7,1.457,0.0243,FieldSure-Narcotics-v2.1,0.993,NEG_NO_REACTION,VALIDATED_LAB_CONFIRMED,LAB-CONFIRM-81352,FTIR (Fourier Transform Infrared Spectroscopy),Heroin Hydrochloride,48.13,None (High Purity Grade),TRUE_POSITIVE,VALIDATION_SET
FS-2026-01354,2026-07-19T01:12:00Z,OP-FORENSIC-110,State_Forensic_Field_Team,Off-White Powder,Mandelin Reagent (Ammonium Vanadate/Sulfuric Acid),LOT-2026-MAND-432,564,22.4,PASS,0.55,92.84,1.55,5.0,91.63,2.95,5.07,92.12,2.19,5.16,92.39,1.51,5.44,0.631,0.0105,FieldSure-Narcotics-v2.1,0.911,NEG_NO_REACTION,VALIDATED_LAB_CONFIRMED,LAB-CONFIRM-81353,GC-MS (Gas Chromatography-Mass Spectrometry),"3,4-MDMA (Ecstasy)",65.58,None (High Purity Grade),TRUE_POSITIVE,VALIDATION_SET
FS-2026-01355,2026-07-19T10:53:00Z,OP-FORENSIC-102,State_Forensic_Field_Team,Pressed Tablet (Crushed),Simon's Reagent (Sodium Nitroprusside/Acetaldehyde),LOT-2026-SIMN-803,7589,16.7,PASS,0.775,91.76,-1.44,5.92,93.1,-1.47,5.63,91.75,0.93,6.88,92.12,-0.5,7.55,1.916,0.0319,FieldSure-Narcotics-v2.1,0.934,NEG_NO_REACTION,VALIDATED_LAB_CONFIRMED,LAB-CONFIRM-81354,GC-MS (Gas Chromatography-Mass Spectrometry),Cocaine Hydrochloride,73.45,Levamisole (8.2%),TRUE_POSITIVE,VALIDATION_SET
FS-2026-01356,2026-07-19T10:57:00Z,OP-FORENSIC-118,Border_Control_Post_3,Pressed Tablet (Crushed),Duquenois-Levine Reagent (Vanillin/Acetaldehyde),LOT-2026-DUQN-135,564,23.0,PASS,1.795,93.55,-0.89,3.69,91.58,-0.78,3.84,91.09,-0.51,4.47,90.31,-0.41,4.07,3.297,0.055,FieldSure-Narcotics-v2.1,0.907,NEG_NO_REACTION,VALIDATED_LAB_CONFIRMED,LAB-CONFIRM-81355,GC-MS (Gas Chromatography-Mass Spectrometry),LSD (Lysergic Acid Diethylamide),35.93,Phenacetin (11.0%),TRUE_POSITIVE,VALIDATION_SET
FS-2026-01357,2026-07-19T18:53:00Z,OP-FORENSIC-121,District_Lab_North,Off-White Powder,Mecke Reagent (Selenious Acid/Sulfuric Acid),LOT-2026-MECK-927,2363,25.9,PASS,0.885,87.58,2.02,3.37,86.32,2.34,3.29,85.54,4.14,6.28,85.25,3.33,5.42,3.369,0.0562,FieldSure-Narcotics-v2.1,0.992,NEG_NO_REACTION,VALIDATED_LAB_CONFIRMED,LAB-CONFIRM-81356,LC-MS/MS (Liquid Chromatography-Tandem Mass Spectrometry),"3,4-MDMA (Ecstasy)",50.39,Lactose / Starch,TRUE_POSITIVE,VALIDATION_SET
FS-2026-01358,2026-07-19T19:21:00Z,OP-FORENSIC-108,Border_Control_Post_3,Crystalline Powder,Marquis Reagent (Formaldehyde/Sulfuric Acid),LOT-2026-MARQ-623,2363,20.9,PASS,1.563,91.29,-1.29,3.62,67.93,4.37,16.0,49.17,8.03,25.33,40.24,11.3,31.03,59.295,0.9882,FieldSure-Narcotics-v2.1,0.893,POS_MDMA,VALIDATED_LAB_CONFIRMED,LAB-CONFIRM-81357,GC-MS (Gas Chromatography-Mass Spectrometry),"3,4-MDMA (Ecstasy)",54.17,None (High Purity Grade),TRUE_POSITIVE,VALIDATION_SET
FS-2026-01359,2026-07-19T21:17:00Z,OP-FORENSIC-115,Customs_Evidence_Unit,Crystalline Powder,Mecke Reagent (Selenious Acid/Sulfuric Acid),LOT-2026-MECK-559,2363,31.2,PASS,1.368,91.16,-0.92,2.23,91.92,-2.33,1.57,88.3,-0.78,1.83,87.95,-1.69,2.28,3.301,0.055,FieldSure-Narcotics-v2.1,0.995,NEG_NO_REACTION,VALIDATED_LAB_CONFIRMED,LAB-CONFIRM-81358,FTIR (Fourier Transform Infrared Spectroscopy),Delta-9-THC,44.96,Levamisole (8.2%),TRUE_POSITIVE,VALIDATION_SET
FS-2026-01360,2026-07-19T21:22:00Z,OP-FORENSIC-104,State_Forensic_Field_Team,Crystalline Powder,Simon's Reagent (Sodium Nitroprusside/Acetaldehyde),LOT-2026-SIMN-817,2363,16.3,PASS,0.731,91.37,2.47,3.94,91.2,3.4,5.61,90.43,3.95,5.79,91.08,4.13,5.82,2.525,0.0421,FieldSure-Narcotics-v2.1,0.895,NEG_NO_REACTION,VALIDATED_LAB_CONFIRMED,LAB-CONFIRM-81359,LC-MS/MS (Liquid Chromatography-Tandem Mass Spectrometry),Fentanyl HCl (Trace / Weak Response),5.63,Lactose / Starch,TRUE_POSITIVE,VALIDATION_SET
FS-2026-01361,2026-07-19T23:12:00Z,OP-FORENSIC-122,Customs_Evidence_Unit,Crystalline Powder,Simon's Reagent (Sodium Nitroprusside/Acetaldehyde),LOT-2026-SIMN-143,7589,31.3,PASS,0.361,92.64,-0.5,5.88,90.62,-1.02,4.91,90.87,-0.51,5.77,89.19,-0.17,6.07,3.471,0.0578,FieldSure-Narcotics-v2.1,0.958,NEG_NO_REACTION,VALIDATED_LAB_CONFIRMED,LAB-CONFIRM-81360,GC-MS (Gas Chromatography-Mass Spectrometry),Delta-9-THC,68.42,None (High Purity Grade),TRUE_POSITIVE,VALIDATION_SET
FS-2026-01362,2026-07-20T00:36:00Z,OP-FORENSIC-102,State_Forensic_Field_Team,Pressed Tablet (Crushed),Scott Reagent (Cobalt Thiocyanate Phase),LOT-2026-SCOT-937,564,20.3,PASS,1.027,88.36,1.32,3.82,86.78,-0.5,5.51,86.67,-0.13,3.12,86.66,0.45,5.19,2.35,0.0392,FieldSure-Narcotics-v2.1,0.953,NEG_NO_REACTION,VALIDATED_LAB_CONFIRMED,LAB-CONFIRM-81361,LC-MS/MS (Liquid Chromatography-Tandem Mass Spectrometry),Inert Cutting Agent (Lactose/Caffeine),0.0,N/A (Inert Sample),TRUE_NEGATIVE,VALIDATION_SET
FS-2026-01363,2026-07-20T01:11:00Z,OP-FORENSIC-121,Metropolitan_Task_Force,Crystalline Powder,Mandelin Reagent (Ammonium Vanadate/Sulfuric Acid),LOT-2026-MAND-669,7589,26.1,PASS,1.672,94.88,1.14,1.36,92.41,1.8,0.78,91.67,0.47,1.66,91.26,-0.58,1.2,4.011,0.0669,FieldSure-Narcotics-v2.1,0.914,NEG_NO_REACTION,VALIDATED_LAB_CONFIRMED,LAB-CONFIRM-81362,GC-MS (Gas Chromatography-Mass Spectrometry),LSD (Lysergic Acid Diethylamide),49.36,Dimethylsulfone (18.4%),TRUE_POSITIVE,VALIDATION_SET
FS-2026-01364,2026-07-20T01:43:00Z,OP-FORENSIC-108,Customs_Evidence_Unit,Tar/Sticky Resin,Marquis Reagent (Formaldehyde/Sulfuric Acid),LOT-2026-MARQ-866,7589,34.1,FAIL_EXPOSURE,11.06,93.39,-1.0,5.38,,,,,,,,,,,,FieldSure-Narcotics-v2.1,0.268,ABSTAIN_FAIL_EXPOSURE,UNVALIDATED_QC_ABSTAIN,LAB-CONFIRM-81363,GC-MS (Gas Chromatography-Mass Spectrometry),Delta-9-THC,64.92,Levamisole (8.2%),ABSTAINED_NO_PREDICTION,VALIDATION_SET
FS-2026-01365,2026-07-20T04:15:00Z,OP-FORENSIC-115,Metropolitan_Task_Force,Liquid Solution (Diluted),Simon's Reagent (Sodium Nitroprusside/Acetaldehyde),LOT-2026-SIMN-883,7589,25.6,PASS,1.621,93.79,2.38,4.17,92.92,2.41,4.0,93.39,3.68,3.68,92.02,3.74,3.93,2.245,0.0374,FieldSure-Narcotics-v2.1,0.916,NEG_NO_REACTION,VALIDATED_LAB_CONFIRMED,LAB-CONFIRM-81364,GC-MS (Gas Chromatography-Mass Spectrometry),Cocaine Hydrochloride,93.9,Dimethylsulfone (18.4%),TRUE_POSITIVE,VALIDATION_SET
FS-2026-01366,2026-07-20T04:21:00Z,OP-FORENSIC-124,Metropolitan_Task_Force,Off-White Powder,Mecke Reagent (Selenious Acid/Sulfuric Acid),LOT-2026-MECK-629,2363,20.5,PASS,1.335,87.35,-0.05,1.72,87.37,-0.89,2.15,87.47,0.37,1.26,87.97,0.21,1.38,0.753,0.0126,FieldSure-Narcotics-v2.1,0.921,NEG_NO_REACTION,VALIDATED_LAB_CONFIRMED,LAB-CONFIRM-81365,GC-MS (Gas Chromatography-Mass Spectrometry),Procaine / Benzocaine (Local Anesthetic),0.0,N/A (Inert Sample),TRUE_NEGATIVE,VALIDATION_SET
FS-2026-01367,2026-07-20T08:33:00Z,OP-FORENSIC-118,District_Lab_North,Crystalline Powder,Duquenois-Levine Reagent (Vanillin/Acetaldehyde),LOT-2026-DUQN-955,564,22.1,PASS,1.083,86.16,-0.11,3.35,85.44,0.05,2.62,84.95,-2.51,3.0,83.99,-2.27,2.01,3.342,0.0557,FieldSure-Narcotics-v2.1,0.892,NEG_NO_REACTION,VALIDATED_LAB_CONFIRMED,LAB-CONFIRM-81366,GC-MS (Gas Chromatography-Mass Spectrometry),Cocaine Hydrochloride,83.69,Phenacetin (11.0%),TRUE_POSITIVE,VALIDATION_SET
FS-2026-01368,2026-07-20T14:31:00Z,OP-FORENSIC-101,State_Forensic_Field_Team,Liquid Solution (Diluted),Simon's Reagent (Sodium Nitroprusside/Acetaldehyde),LOT-2026-SIMN-317,564,23.7,PASS,0.964,95.17,0.58,2.22,94.39,1.13,2.37,92.08,1.79,3.25,90.97,1.46,3.69,4.536,0.0756,FieldSure-Narcotics-v2.1,0.905,NEG_NO_REACTION,VALIDATED_LAB_CONFIRMED,LAB-CONFIRM-81367,GC-MS (Gas Chromatography-Mass Spectrometry),Methamphetamine HCl,66.6,Phenacetin (11.0%),TRUE_POSITIVE,VALIDATION_SET
FS-2026-01369,2026-07-20T15:04:00Z,OP-FORENSIC-102,Customs_Evidence_Unit,Crystalline Powder,Mandelin Reagent (Ammonium Vanadate/Sulfuric Acid),LOT-2026-MAND-685,564,22.6,FAIL_GLARE,5.774,91.72,0.18,2.61,,,,,,,,,,,,FieldSure-Narcotics-v2.1,0.23,ABSTAIN_FAIL_GLARE,UNVALIDATED_QC_ABSTAIN,LAB-CONFIRM-81368,LC-MS/MS (Liquid Chromatography-Tandem Mass Spectrometry),Cocaine Hydrochloride,94.84,Levamisole (8.2%),ABSTAINED_NO_PREDICTION,VALIDATION_SET
FS-2026-01370,2026-07-20T16:07:00Z,OP-FORENSIC-100,District_Lab_North,Pressed Tablet (Crushed),Ehrlich Reagent (p-DMAB/HCl),LOT-2026-EHRL-940,564,19.9,FAIL_BLUR,8.6,94.58,0.81,4.94,,,,,,,,,,,,FieldSure-Narcotics-v2.1,0.23,ABSTAIN_FAIL_BLUR,UNVALIDATED_QC_ABSTAIN,LAB-CONFIRM-81369,GC-MS (Gas Chromatography-Mass Spectrometry),Cocaine Hydrochloride,91.19,Levamisole (8.2%),ABSTAINED_NO_PREDICTION,VALIDATION_SET
FS-2026-01371,2026-07-20T16:30:00Z,OP-FORENSIC-102,Border_Control_Post_3,Liquid Solution (Diluted),Scott Reagent (Cobalt Thiocyanate Phase),LOT-2026-SCOT-771,7589,28.8,PASS,1.766,89.04,-1.15,4.83,71.2,4.94,-4.23,57.67,7.23,-10.12,50.46,9.43,-12.79,43.713,0.7286,FieldSure-Narcotics-v2.1,0.958,FALSE_POS_LOCAL_ANESTHETIC,VALIDATED_LAB_CONFIRMED,LAB-CONFIRM-81370,LC-MS/MS (Liquid Chromatography-Tandem Mass Spectrometry),Procaine / Benzocaine (Local Anesthetic),0.0,N/A (Inert Sample),TRUE_POSITIVE,VALIDATION_SET
FS-2026-01372,2026-07-20T18:45:00Z,OP-FORENSIC-102,Border_Control_Post_3,Pressed Tablet (Crushed),Scott Reagent (Cobalt Thiocyanate Phase),LOT-2026-SCOT-772,564,22.8,PASS,0.825,88.72,0.59,3.68,70.08,-5.92,10.54,56.23,-12.75,17.32,46.28,-14.36,21.31,48.327,0.8054,FieldSure-Narcotics-v2.1,0.909,FALSE_POS_LOCAL_ANESTHETIC,VALIDATED_LAB_CONFIRMED,LAB-CONFIRM-81371,GC-MS (Gas Chromatography-Mass Spectrometry),Procaine / Benzocaine (Local Anesthetic),0.0,N/A (Inert Sample),TRUE_POSITIVE,VALIDATION_SET
FS-2026-01373,2026-07-20T20:46:00Z,OP-FORENSIC-119,Metropolitan_Task_Force,Crystalline Powder,Marquis Reagent (Formaldehyde/Sulfuric Acid),LOT-2026-MARQ-553,564,20.2,PASS,1.828,93.7,2.4,2.88,93.85,2.93,3.15,93.0,3.37,2.81,92.96,4.2,4.36,2.445,0.0407,FieldSure-Narcotics-v2.1,0.986,NEG_NO_REACTION,VALIDATED_LAB_CONFIRMED,LAB-CONFIRM-81372,GC-MS (Gas Chromatography-Mass Spectrometry),Procaine / Benzocaine (Local Anesthetic),0.0,N/A (Inert Sample),TRUE_NEGATIVE,VALIDATION_SET
FS-2026-01374,2026-07-20T21:23:00Z,OP-FORENSIC-110,Customs_Evidence_Unit,Crystalline Powder,Ehrlich Reagent (p-DMAB/HCl),LOT-2026-EHRL-752,2363,17.7,PASS,1.281,92.37,0.19,4.9,92.1,-2.06,5.87,91.64,-1.04,6.49,91.46,-0.27,7.5,2.793,0.0466,FieldSure-Narcotics-v2.1,0.98,NEG_NO_REACTION,VALIDATED_LAB_CONFIRMED,LAB-CONFIRM-81373,LC-MS/MS (Liquid Chromatography-Tandem Mass Spectrometry),Heroin Hydrochloride,75.75,Caffeine (14.5%),TRUE_POSITIVE,VALIDATION_SET
FS-2026-01375,2026-07-21T00:54:00Z,OP-FORENSIC-112,Border_Control_Post_3,Off-White Powder,Ehrlich Reagent (p-DMAB/HCl),LOT-2026-EHRL-247,2363,19.6,PASS,0.57,92.93,-0.06,4.83,92.81,-0.64,5.2,93.0,-0.07,4.19,93.81,-0.88,4.87,1.203,0.0201,FieldSure-Narcotics-v2.1,0.968,NEG_NO_REACTION,VALIDATED_LAB_CONFIRMED,LAB-CONFIRM-81374,GC-MS (Gas Chromatography-Mass Spectrometry),Fentanyl HCl (Trace / Weak Response),12.54,Caffeine (14.5%),TRUE_POSITIVE,VALIDATION_SET
FS-2026-01376,2026-07-21T02:09:00Z,OP-FORENSIC-111,District_Lab_North,Paper Blotter Segment,Mecke Reagent (Selenious Acid/Sulfuric Acid),LOT-2026-MECK-504,2363,29.1,PASS,0.686,94.0,1.55,3.88,93.91,1.76,3.58,93.29,1.02,3.49,93.58,1.52,4.33,0.616,0.0103,FieldSure-Narcotics-v2.1,0.929,NEG_NO_REACTION,VALIDATED_LAB_CONFIRMED,LAB-CONFIRM-81375,GC-MS (Gas Chromatography-Mass Spectrometry),Cocaine Hydrochloride,89.37,Phenacetin (11.0%),TRUE_POSITIVE,VALIDATION_SET
FS-2026-01377,2026-07-21T06:30:00Z,OP-FORENSIC-106,State_Forensic_Field_Team,Crystalline Powder,Ehrlich Reagent (p-DMAB/HCl),LOT-2026-EHRL-469,564,24.7,PASS,0.849,89.78,1.36,1.06,88.12,1.94,3.21,88.22,0.38,2.12,87.29,0.65,2.54,2.982,0.0497,FieldSure-Narcotics-v2.1,0.976,NEG_NO_REACTION,VALIDATED_LAB_CONFIRMED,LAB-CONFIRM-81376,GC-MS (Gas Chromatography-Mass Spectrometry),Inert Cutting Agent (Lactose/Caffeine),0.0,N/A (Inert Sample),TRUE_NEGATIVE,VALIDATION_SET
FS-2026-01378,2026-07-21T08:24:00Z,OP-FORENSIC-113,State_Forensic_Field_Team,Crystalline Powder,Mecke Reagent (Selenious Acid/Sulfuric Acid),LOT-2026-MECK-629,564,32.6,PASS,1.667,94.77,-0.66,2.1,94.15,-0.57,2.18,91.81,-1.03,2.89,92.05,-1.12,2.85,2.859,0.0476,FieldSure-Narcotics-v2.1,0.902,NEG_NO_REACTION,VALIDATED_LAB_CONFIRMED,LAB-CONFIRM-81377,LC-MS/MS (Liquid Chromatography-Tandem Mass Spectrometry),"3,4-MDMA (Ecstasy)",61.76,Lactose / Starch,TRUE_POSITIVE,VALIDATION_SET
FS-2026-01379,2026-07-21T16:42:00Z,OP-FORENSIC-114,Customs_Evidence_Unit,Liquid Solution (Diluted),Simon's Reagent (Sodium Nitroprusside/Acetaldehyde),LOT-2026-SIMN-160,564,21.1,PASS,1.199,88.69,-0.91,5.33,86.92,-0.8,5.51,86.99,-1.38,6.48,86.72,-1.53,6.34,2.299,0.0383,FieldSure-Narcotics-v2.1,0.922,NEG_NO_REACTION,VALIDATED_LAB_CONFIRMED,LAB-CONFIRM-81378,GC-MS (Gas Chromatography-Mass Spectrometry),Cocaine Hydrochloride,81.53,Phenacetin (11.0%),TRUE_POSITIVE,VALIDATION_SET
FS-2026-01380,2026-07-21T19:24:00Z,OP-FORENSIC-114,District_Lab_North,Pressed Tablet (Crushed),Mecke Reagent (Selenious Acid/Sulfuric Acid),LOT-2026-MECK-741,564,20.2,PASS,1.518,93.46,-1.24,2.76,93.33,-0.12,3.47,93.18,-1.86,4.06,93.95,-0.63,5.74,3.081,0.0514,FieldSure-Narcotics-v2.1,0.925,NEG_NO_REACTION,VALIDATED_LAB_CONFIRMED,LAB-CONFIRM-81379,GC-MS (Gas Chromatography-Mass Spectrometry),"3,4-MDMA (Ecstasy)",53.58,None (High Purity Grade),TRUE_POSITIVE,VALIDATION_SET
FS-2026-01381,2026-07-22T01:43:00Z,OP-FORENSIC-114,Border_Control_Post_3,Crystalline Powder,Duquenois-Levine Reagent (Vanillin/Acetaldehyde),LOT-2026-DUQN-363,564,22.9,PASS,1.277,95.46,-0.16,5.53,95.51,-0.0,6.26,93.99,0.71,5.43,93.13,0.49,5.91,2.449,0.0408,FieldSure-Narcotics-v2.1,0.923,NEG_NO_REACTION,VALIDATED_LAB_CONFIRMED,LAB-CONFIRM-81380,GC-MS (Gas Chromatography-Mass Spectrometry),LSD (Lysergic Acid Diethylamide),41.06,Levamisole (8.2%),TRUE_POSITIVE,VALIDATION_SET
FS-2026-01382,2026-07-22T02:34:00Z,OP-FORENSIC-118,Metropolitan_Task_Force,Tar/Sticky Resin,Mandelin Reagent (Ammonium Vanadate/Sulfuric Acid),LOT-2026-MAND-105,564,19.0,PASS,0.508,89.94,0.22,2.38,87.58,0.87,4.8,86.41,0.08,4.96,86.24,0.68,5.35,4.767,0.0795,FieldSure-Narcotics-v2.1,0.969,NEG_NO_REACTION,VALIDATED_LAB_CONFIRMED,LAB-CONFIRM-81381,GC-MS (Gas Chromatography-Mass Spectrometry),"3,4-MDMA (Ecstasy)",58.49,Levamisole (8.2%),TRUE_POSITIVE,VALIDATION_SET
FS-2026-01383,2026-07-22T03:47:00Z,OP-FORENSIC-105,Border_Control_Post_3,Pressed Tablet (Crushed),Duquenois-Levine Reagent (Vanillin/Acetaldehyde),LOT-2026-DUQN-771,7589,20.5,PASS,1.267,93.36,-0.23,2.67,91.9,-0.91,4.47,92.24,-1.52,3.75,92.14,-1.9,4.35,2.665,0.0444,FieldSure-Narcotics-v2.1,0.979,NEG_NO_REACTION,VALIDATED_LAB_CONFIRMED,LAB-CONFIRM-81382,LC-MS/MS (Liquid Chromatography-Tandem Mass Spectrometry),Inert Cutting Agent (Lactose/Caffeine),0.0,N/A (Inert Sample),TRUE_NEGATIVE,VALIDATION_SET
FS-2026-01384,2026-07-22T04:57:00Z,OP-FORENSIC-118,District_Lab_North,Liquid Solution (Diluted),Duquenois-Levine Reagent (Vanillin/Acetaldehyde),LOT-2026-DUQN-960,564,24.1,FAIL_GLARE,12.107,90.72,1.5,2.62,,,,,,,,,,,,FieldSure-Narcotics-v2.1,0.21,ABSTAIN_FAIL_GLARE,UNVALIDATED_QC_ABSTAIN,LAB-CONFIRM-81383,FTIR (Fourier Transform Infrared Spectroscopy),Inert Cutting Agent (Lactose/Caffeine),0.0,N/A (Inert Sample),ABSTAINED_NO_PREDICTION,VALIDATION_SET
FS-2026-01385,2026-07-22T05:16:00Z,OP-FORENSIC-118,Border_Control_Post_3,Tar/Sticky Resin,Mecke Reagent (Selenious Acid/Sulfuric Acid),LOT-2026-MECK-788,7589,26.8,PASS,0.799,88.12,-0.37,2.25,86.97,-0.39,1.67,85.23,0.31,4.76,84.29,0.74,5.25,4.99,0.0832,FieldSure-Narcotics-v2.1,0.96,NEG_NO_REACTION,VALIDATED_LAB_CONFIRMED,LAB-CONFIRM-81384,GC-MS (Gas Chromatography-Mass Spectrometry),Cocaine Hydrochloride,73.0,Caffeine (14.5%),TRUE_POSITIVE,VALIDATION_SET
FS-2026-01386,2026-07-22T05:47:00Z,OP-FORENSIC-108,District_Lab_North,Tar/Sticky Resin,Scott Reagent (Cobalt Thiocyanate Phase),LOT-2026-SCOT-962,7589,23.9,FAIL_EXPOSURE,6.729,92.1,2.11,1.84,,,,,,,,,,,,FieldSure-Narcotics-v2.1,0.06,ABSTAIN_FAIL_EXPOSURE,UNVALIDATED_QC_ABSTAIN,LAB-CONFIRM-81385,GC-MS (Gas Chromatography-Mass Spectrometry),"3,4-MDMA (Ecstasy)",71.19,None (High Purity Grade),ABSTAINED_NO_PREDICTION,VALIDATION_SET
FS-2026-01387,2026-07-22T11:38:00Z,OP-FORENSIC-101,Customs_Evidence_Unit,Crystalline Powder,Mandelin Reagent (Ammonium Vanadate/Sulfuric Acid),LOT-2026-MAND-370,564,17.2,PASS,0.634,91.67,-0.06,4.16,92.5,0.47,6.62,91.73,-0.05,6.9,91.7,-0.53,6.62,2.505,0.0417,FieldSure-Narcotics-v2.1,0.927,NEG_NO_REACTION,VALIDATED_LAB_CONFIRMED,LAB-CONFIRM-81386,LC-MS/MS (Liquid Chromatography-Tandem Mass Spectrometry),"3,4-MDMA (Ecstasy)",71.05,Levamisole (8.2%),TRUE_POSITIVE,VALIDATION_SET
FS-2026-01388,2026-07-22T14:01:00Z,OP-FORENSIC-108,District_Lab_North,Crystalline Powder,Mecke Reagent (Selenious Acid/Sulfuric Acid),LOT-2026-MECK-487,564,23.4,FAIL_BLUR,9.583,89.68,1.9,3.91,,,,,,,,,,,,FieldSure-Narcotics-v2.1,0.255,ABSTAIN_FAIL_BLUR,UNVALIDATED_QC_ABSTAIN,LAB-CONFIRM-81387,LC-MS/MS (Liquid Chromatography-Tandem Mass Spectrometry),Cocaine Hydrochloride,86.11,Lactose / Starch,ABSTAINED_NO_PREDICTION,VALIDATION_SET
FS-2026-01389,2026-07-22T15:41:00Z,OP-FORENSIC-113,Border_Control_Post_3,Pressed Tablet (Crushed),Scott Reagent (Cobalt Thiocyanate Phase),LOT-2026-SCOT-288,564,22.7,FAIL_GEOMETRY,7.104,94.29,-0.98,5.91,,,,,,,,,,,,FieldSure-Narcotics-v2.1,0.187,ABSTAIN_FAIL_GEOMETRY,UNVALIDATED_QC_ABSTAIN,LAB-CONFIRM-81388,GC-MS (Gas Chromatography-Mass Spectrometry),Methamphetamine HCl,71.87,Caffeine (14.5%),ABSTAINED_NO_PREDICTION,VALIDATION_SET
FS-2026-01390,2026-07-22T19:32:00Z,OP-FORENSIC-110,Customs_Evidence_Unit,Crystalline Powder,Duquenois-Levine Reagent (Vanillin/Acetaldehyde),LOT-2026-DUQN-212,7589,21.5,FAIL_EXPOSURE,7.173,90.5,-0.94,5.6,,,,,,,,,,,,FieldSure-Narcotics-v2.1,0.153,ABSTAIN_FAIL_EXPOSURE,UNVALIDATED_QC_ABSTAIN,LAB-CONFIRM-81389,GC-MS (Gas Chromatography-Mass Spectrometry),"3,4-MDMA (Ecstasy)",60.66,Caffeine (14.5%),ABSTAINED_NO_PREDICTION,VALIDATION_SET
FS-2026-01391,2026-07-22T19:43:00Z,OP-FORENSIC-115,Metropolitan_Task_Force,Tar/Sticky Resin,Simon's Reagent (Sodium Nitroprusside/Acetaldehyde),LOT-2026-SIMN-647,7589,26.7,PASS,1.843,93.92,1.77,1.4,93.25,1.59,2.69,92.76,0.96,3.48,92.31,1.0,4.07,3.212,0.0535,FieldSure-Narcotics-v2.1,0.951,NEG_NO_REACTION,VALIDATED_LAB_CONFIRMED,LAB-CONFIRM-81390,GC-MS (Gas Chromatography-Mass Spectrometry),Inert Cutting Agent (Lactose/Caffeine),0.0,N/A (Inert Sample),TRUE_NEGATIVE,VALIDATION_SET
FS-2026-01392,2026-07-22T21:23:00Z,OP-FORENSIC-104,State_Forensic_Field_Team,Liquid Solution (Diluted),Mecke Reagent (Selenious Acid/Sulfuric Acid),LOT-2026-MECK-295,7589,25.4,PASS,1.819,94.34,1.17,1.64,94.28,1.09,2.67,92.35,2.13,3.19,91.95,2.71,3.57,3.436,0.0573,FieldSure-Narcotics-v2.1,0.956,NEG_NO_REACTION,VALIDATED_LAB_CONFIRMED,LAB-CONFIRM-81391,FTIR (Fourier Transform Infrared Spectroscopy),Cocaine Hydrochloride,84.25,Phenacetin (11.0%),TRUE_POSITIVE,VALIDATION_SET
FS-2026-01393,2026-07-22T21:40:00Z,OP-FORENSIC-121,Metropolitan_Task_Force,Crystalline Powder,Mecke Reagent (Selenious Acid/Sulfuric Acid),LOT-2026-MECK-868,2363,20.6,PASS,1.479,93.56,0.97,2.37,93.4,0.34,3.23,92.52,0.5,2.27,91.43,0.56,2.74,2.2,0.0367,FieldSure-Narcotics-v2.1,0.949,NEG_NO_REACTION,VALIDATED_LAB_CONFIRMED,LAB-CONFIRM-81392,GC-MS (Gas Chromatography-Mass Spectrometry),Fentanyl HCl (Trace / Weak Response),14.29,None (High Purity Grade),TRUE_POSITIVE,VALIDATION_SET
FS-2026-01394,2026-07-22T23:30:00Z,OP-FORENSIC-105,District_Lab_North,Crystalline Powder,Simon's Reagent (Sodium Nitroprusside/Acetaldehyde),LOT-2026-SIMN-739,7589,26.2,PASS,0.351,88.26,1.87,2.46,88.68,1.53,4.43,88.05,2.9,4.3,87.9,2.81,4.76,2.511,0.0419,FieldSure-Narcotics-v2.1,0.924,NEG_NO_REACTION,VALIDATED_LAB_CONFIRMED,LAB-CONFIRM-81393,LC-MS/MS (Liquid Chromatography-Tandem Mass Spectrometry),Delta-9-THC,67.03,Levamisole (8.2%),TRUE_POSITIVE,VALIDATION_SET
FS-2026-01395,2026-07-23T00:03:00Z,OP-FORENSIC-110,Customs_Evidence_Unit,Crystalline Powder,Marquis Reagent (Formaldehyde/Sulfuric Acid),LOT-2026-MARQ-205,7589,22.0,PASS,1.81,86.26,1.91,5.95,84.1,2.08,8.5,84.76,3.31,7.35,84.53,2.97,8.91,3.589,0.0598,FieldSure-Narcotics-v2.1,0.954,NEG_NO_REACTION,VALIDATED_LAB_CONFIRMED,LAB-CONFIRM-81394,LC-MS/MS (Liquid Chromatography-Tandem Mass Spectrometry),Procaine / Benzocaine (Local Anesthetic),0.0,N/A (Inert Sample),TRUE_NEGATIVE,VALIDATION_SET
FS-2026-01396,2026-07-23T01:37:00Z,OP-FORENSIC-123,State_Forensic_Field_Team,Off-White Powder,Scott Reagent (Cobalt Thiocyanate Phase),LOT-2026-SCOT-379,2363,20.0,PASS,0.455,95.1,1.73,2.61,94.33,0.41,4.03,95.66,2.19,5.84,94.52,1.57,5.76,3.207,0.0534,FieldSure-Narcotics-v2.1,0.95,NEG_NO_REACTION,VALIDATED_LAB_CONFIRMED,LAB-CONFIRM-81395,GC-MS (Gas Chromatography-Mass Spectrometry),Heroin Hydrochloride,73.84,Levamisole (8.2%),TRUE_POSITIVE,VALIDATION_SET
FS-2026-01397,2026-07-23T03:40:00Z,OP-FORENSIC-116,Border_Control_Post_3,Off-White Powder,Duquenois-Levine Reagent (Vanillin/Acetaldehyde),LOT-2026-DUQN-833,564,26.8,PASS,1.513,95.6,2.14,4.94,96.36,0.4,4.69,93.84,3.55,5.9,93.74,3.77,5.66,2.576,0.0429,FieldSure-Narcotics-v2.1,0.934,NEG_NO_REACTION,VALIDATED_LAB_CONFIRMED,LAB-CONFIRM-81396,GC-MS (Gas Chromatography-Mass Spectrometry),Procaine / Benzocaine (Local Anesthetic),0.0,N/A (Inert Sample),TRUE_NEGATIVE,VALIDATION_SET
FS-2026-01398,2026-07-23T04:05:00Z,OP-FORENSIC-117,Metropolitan_Task_Force,Off-White Powder,Mandelin Reagent (Ammonium Vanadate/Sulfuric Acid),LOT-2026-MAND-926,564,21.5,PASS,0.394,92.57,-0.29,5.18,90.13,1.55,5.58,89.59,0.34,5.17,88.75,1.01,5.49,4.047,0.0674,FieldSure-Narcotics-v2.1,0.964,NEG_NO_REACTION,VALIDATED_LAB_CONFIRMED,LAB-CONFIRM-81397,GC-MS (Gas Chromatography-Mass Spectrometry),Procaine / Benzocaine (Local Anesthetic),0.0,N/A (Inert Sample),TRUE_NEGATIVE,VALIDATION_SET
FS-2026-01399,2026-07-23T06:07:00Z,OP-FORENSIC-104,District_Lab_North,Crystalline Powder,Marquis Reagent (Formaldehyde/Sulfuric Acid),LOT-2026-MARQ-497,7589,28.7,PASS,0.934,90.58,2.45,2.13,78.39,-2.34,1.1,68.21,-5.5,-1.06,63.19,-7.94,0.61,29.334,0.4889,FieldSure-Narcotics-v2.1,0.912,POS_MDMA,VALIDATED_LAB_CONFIRMED,LAB-CONFIRM-81398,GC-MS (Gas Chromatography-Mass Spectrometry),"3,4-MDMA (Ecstasy)",81.96,Levamisole (8.2%),TRUE_POSITIVE,VALIDATION_SET
FS-2026-01400,2026-07-23T06:13:00Z,OP-FORENSIC-103,District_Lab_North,Off-White Powder,Scott Reagent (Cobalt Thiocyanate Phase),LOT-2026-SCOT-411,2363,26.1,PASS,1.818,88.72,-1.31,3.81,89.04,-1.52,4.81,86.48,-1.14,6.54,86.64,-0.49,7.7,4.487,0.0748,FieldSure-Narcotics-v2.1,0.98,NEG_NO_REACTION,VALIDATED_LAB_CONFIRMED,LAB-CONFIRM-81399,GC-MS (Gas Chromatography-Mass Spectrometry),LSD (Lysergic Acid Diethylamide),30.71,Phenacetin (11.0%),TRUE_POSITIVE,VALIDATION_SET
FS-2026-01401,2026-07-23T07:03:00Z,OP-FORENSIC-104,State_Forensic_Field_Team,Off-White Powder,Ehrlich Reagent (p-DMAB/HCl),LOT-2026-EHRL-722,2363,20.5,PASS,1.336,88.27,0.25,2.8,87.9,1.6,3.66,87.43,2.73,4.11,87.35,1.27,4.87,2.484,0.0414,FieldSure-Narcotics-v2.1,0.91,NEG_NO_REACTION,VALIDATED_LAB_CONFIRMED,LAB-CONFIRM-81400,GC-MS (Gas Chromatography-Mass Spectrometry),Cocaine Hydrochloride,72.83,Levamisole (8.2%),TRUE_POSITIVE,VALIDATION_SET
FS-2026-01402,2026-07-23T10:55:00Z,OP-FORENSIC-108,Metropolitan_Task_Force,Off-White Powder,Marquis Reagent (Formaldehyde/Sulfuric Acid),LOT-2026-MARQ-111,2363,25.1,PASS,1.706,92.58,-1.28,2.09,91.02,-0.96,1.85,91.94,-2.44,2.62,91.12,-3.19,3.44,2.757,0.046,FieldSure-Narcotics-v2.1,0.978,NEG_NO_REACTION,VALIDATED_LAB_CONFIRMED,LAB-CONFIRM-81401,GC-MS (Gas Chromatography-Mass Spectrometry),LSD (Lysergic Acid Diethylamide),18.54,Caffeine (14.5%),TRUE_POSITIVE,VALIDATION_SET
FS-2026-01403,2026-07-23T20:09:00Z,OP-FORENSIC-104,Border_Control_Post_3,Crystalline Powder,Mandelin Reagent (Ammonium Vanadate/Sulfuric Acid),LOT-2026-MAND-620,564,24.4,PASS,0.73,87.46,-0.57,3.03,86.47,-1.47,2.93,84.9,0.14,3.45,86.5,-0.44,4.54,1.794,0.0299,FieldSure-Narcotics-v2.1,0.943,NEG_NO_REACTION,VALIDATED_LAB_CONFIRMED,LAB-CONFIRM-81402,GC-MS (Gas Chromatography-Mass Spectrometry),Cocaine Hydrochloride,72.73,Dimethylsulfone (18.4%),TRUE_POSITIVE,VALIDATION_SET
FS-2026-01404,2026-07-23T23:03:00Z,OP-FORENSIC-113,Metropolitan_Task_Force,Tar/Sticky Resin,Marquis Reagent (Formaldehyde/Sulfuric Acid),LOT-2026-MARQ-863,564,27.4,PASS,0.63,93.66,-0.8,3.25,73.95,-4.39,5.67,57.53,-4.26,7.87,48.41,-7.24,8.58,46.016,0.7669,FieldSure-Narcotics-v2.1,0.955,POS_OPIATE_HEROIN,VALIDATED_LAB_CONFIRMED,LAB-CONFIRM-81403,FTIR (Fourier Transform Infrared Spectroscopy),Heroin Hydrochloride,73.23,Caffeine (14.5%),TRUE_POSITIVE,VALIDATION_SET
FS-2026-01405,2026-07-24T01:06:00Z,OP-FORENSIC-116,District_Lab_North,Pressed Tablet (Crushed),Mecke Reagent (Selenious Acid/Sulfuric Acid),LOT-2026-MECK-961,564,17.8,FAIL_GLARE,9.071,87.34,-1.33,5.57,,,,,,,,,,,,FieldSure-Narcotics-v2.1,0.086,ABSTAIN_FAIL_GLARE,UNVALIDATED_QC_ABSTAIN,LAB-CONFIRM-81404,LC-MS/MS (Liquid Chromatography-Tandem Mass Spectrometry),Procaine / Benzocaine (Local Anesthetic),0.0,N/A (Inert Sample),ABSTAINED_NO_PREDICTION,VALIDATION_SET
FS-2026-01406,2026-07-24T05:28:00Z,OP-FORENSIC-106,District_Lab_North,Off-White Powder,Mandelin Reagent (Ammonium Vanadate/Sulfuric Acid),LOT-2026-MAND-665,564,18.9,PASS,1.425,92.34,1.97,1.69,91.57,2.24,2.98,91.73,1.89,0.4,91.1,1.28,1.07,1.549,0.0258,FieldSure-Narcotics-v2.1,0.974,NEG_NO_REACTION,VALIDATED_LAB_CONFIRMED,LAB-CONFIRM-81405,GC-MS (Gas Chromatography-Mass Spectrometry),Heroin Hydrochloride,55.45,Levamisole (8.2%),TRUE_POSITIVE,VALIDATION_SET
FS-2026-01407,2026-07-24T06:26:00Z,OP-FORENSIC-111,Metropolitan_Task_Force,Crystalline Powder,Mecke Reagent (Selenious Acid/Sulfuric Acid),LOT-2026-MECK-133,7589,28.8,PASS,0.624,87.3,1.61,4.85,85.73,1.02,5.23,85.01,-0.31,5.16,83.96,-0.28,5.63,3.916,0.0653,FieldSure-Narcotics-v2.1,0.903,NEG_NO_REACTION,VALIDATED_LAB_CONFIRMED,LAB-CONFIRM-81406,GC-MS (Gas Chromatography-Mass Spectrometry),Heroin Hydrochloride,78.98,Caffeine (14.5%),TRUE_POSITIVE,VALIDATION_SET
FS-2026-01408,2026-07-24T06:30:00Z,OP-FORENSIC-116,Customs_Evidence_Unit,Crystalline Powder,Ehrlich Reagent (p-DMAB/HCl),LOT-2026-EHRL-516,564,29.7,PASS,0.363,87.73,-1.0,4.28,87.07,-2.22,5.19,87.71,-1.01,5.33,86.85,-1.8,6.54,2.554,0.0426,FieldSure-Narcotics-v2.1,0.938,NEG_NO_REACTION,VALIDATED_LAB_CONFIRMED,LAB-CONFIRM-81407,GC-MS (Gas Chromatography-Mass Spectrometry),"3,4-MDMA (Ecstasy)",61.58,Phenacetin (11.0%),TRUE_POSITIVE,VALIDATION_SET
FS-2026-01409,2026-07-24T12:45:00Z,OP-FORENSIC-123,State_Forensic_Field_Team,Off-White Powder,Simon's Reagent (Sodium Nitroprusside/Acetaldehyde),LOT-2026-SIMN-873,564,24.6,PASS,1.796,92.97,-0.13,5.56,93.9,1.91,4.47,91.1,-0.55,5.57,91.77,0.55,5.53,1.38,0.023,FieldSure-Narcotics-v2.1,0.973,NEG_NO_REACTION,VALIDATED_LAB_CONFIRMED,LAB-CONFIRM-81408,LC-MS/MS (Liquid Chromatography-Tandem Mass Spectrometry),Procaine / Benzocaine (Local Anesthetic),0.0,N/A (Inert Sample),TRUE_NEGATIVE,VALIDATION_SET
FS-2026-01410,2026-07-24T16:17:00Z,OP-FORENSIC-100,Customs_Evidence_Unit,Liquid Solution (Diluted),Scott Reagent (Cobalt Thiocyanate Phase),LOT-2026-SCOT-204,2363,19.8,PASS,0.374,87.35,-0.48,3.88,86.2,-1.03,2.62,83.8,0.31,4.7,83.46,0.05,4.17,3.937,0.0656,FieldSure-Narcotics-v2.1,0.914,NEG_NO_REACTION,VALIDATED_LAB_CONFIRMED,LAB-CONFIRM-81409,GC-MS (Gas Chromatography-Mass Spectrometry),Inert Cutting Agent (Lactose/Caffeine),0.0,N/A (Inert Sample),TRUE_NEGATIVE,VALIDATION_SET
FS-2026-01411,2026-07-24T16:18:00Z,OP-FORENSIC-121,Metropolitan_Task_Force,Crystalline Powder,Mecke Reagent (Selenious Acid/Sulfuric Acid),LOT-2026-MECK-947,564,26.7,PASS,0.739,88.16,-1.15,1.79,86.71,-2.02,1.38,86.37,-0.74,1.78,86.26,-0.92,1.69,1.916,0.0319,FieldSure-Narcotics-v2.1,0.964,NEG_NO_REACTION,VALIDATED_LAB_CONFIRMED,LAB-CONFIRM-81410,FTIR (Fourier Transform Infrared Spectroscopy),Fentanyl HCl (Trace / Weak Response),2.05,Levamisole (8.2%),TRUE_POSITIVE,VALIDATION_SET
FS-2026-01412,2026-07-24T19:50:00Z,OP-FORENSIC-124,Border_Control_Post_3,Crystalline Powder,Simon's Reagent (Sodium Nitroprusside/Acetaldehyde),LOT-2026-SIMN-359,564,33.4,PASS,1.211,95.12,-1.08,1.59,95.61,0.31,1.96,94.52,-0.69,2.69,94.86,-0.49,2.62,1.215,0.0202,FieldSure-Narcotics-v2.1,0.911,NEG_NO_REACTION,VALIDATED_LAB_CONFIRMED,LAB-CONFIRM-81411,GC-MS (Gas Chromatography-Mass Spectrometry),Inert Cutting Agent (Lactose/Caffeine),0.0,N/A (Inert Sample),TRUE_NEGATIVE,VALIDATION_SET
FS-2026-01413,2026-07-25T01:34:00Z,OP-FORENSIC-107,District_Lab_North,Off-White Powder,Simon's Reagent (Sodium Nitroprusside/Acetaldehyde),LOT-2026-SIMN-430,2363,16.4,PASS,0.495,93.34,2.38,4.63,92.53,1.27,5.45,90.99,2.19,5.03,89.91,2.21,5.21,3.483,0.058,FieldSure-Narcotics-v2.1,0.949,NEG_NO_REACTION,VALIDATED_LAB_CONFIRMED,LAB-CONFIRM-81412,GC-MS (Gas Chromatography-Mass Spectrometry),Procaine / Benzocaine (Local Anesthetic),0.0,N/A (Inert Sample),TRUE_NEGATIVE,VALIDATION_SET
FS-2026-01414,2026-07-25T03:08:00Z,OP-FORENSIC-106,Metropolitan_Task_Force,Crystalline Powder,Duquenois-Levine Reagent (Vanillin/Acetaldehyde),LOT-2026-DUQN-268,2363,20.4,PASS,1.821,88.79,1.34,3.72,88.32,1.53,4.5,88.39,1.53,5.47,87.42,1.64,6.21,2.858,0.0476,FieldSure-Narcotics-v2.1,0.913,NEG_NO_REACTION,VALIDATED_LAB_CONFIRMED,LAB-CONFIRM-81413,GC-MS (Gas Chromatography-Mass Spectrometry),Fentanyl HCl (Trace / Weak Response),13.8,Dimethylsulfone (18.4%),TRUE_POSITIVE,VALIDATION_SET
FS-2026-01415,2026-07-25T05:35:00Z,OP-FORENSIC-117,Border_Control_Post_3,Pressed Tablet (Crushed),Duquenois-Levine Reagent (Vanillin/Acetaldehyde),LOT-2026-DUQN-643,2363,20.2,PASS,1.559,93.21,0.06,5.16,91.65,1.54,4.9,90.11,1.09,8.91,89.49,1.14,6.79,4.203,0.07,FieldSure-Narcotics-v2.1,0.991,NEG_NO_REACTION,VALIDATED_LAB_CONFIRMED,LAB-CONFIRM-81414,GC-MS (Gas Chromatography-Mass Spectrometry),Inert Cutting Agent (Lactose/Caffeine),0.0,N/A (Inert Sample),TRUE_NEGATIVE,VALIDATION_SET
FS-2026-01416,2026-07-25T10:02:00Z,OP-FORENSIC-109,State_Forensic_Field_Team,Off-White Powder,Ehrlich Reagent (p-DMAB/HCl),LOT-2026-EHRL-558,564,22.5,PASS,0.863,94.62,1.02,4.91,90.93,1.35,6.11,91.6,-0.22,6.66,91.28,-0.38,6.6,3.996,0.0666,FieldSure-Narcotics-v2.1,0.961,NEG_NO_REACTION,VALIDATED_LAB_CONFIRMED,LAB-CONFIRM-81415,GC-MS (Gas Chromatography-Mass Spectrometry),Methamphetamine HCl,88.54,Lactose / Starch,TRUE_POSITIVE,VALIDATION_SET
FS-2026-01417,2026-07-25T15:35:00Z,OP-FORENSIC-104,Customs_Evidence_Unit,Crystalline Powder,Marquis Reagent (Formaldehyde/Sulfuric Acid),LOT-2026-MARQ-463,2363,23.1,PASS,0.488,91.96,-0.03,5.16,89.04,0.36,5.58,90.27,-1.25,7.66,89.03,0.31,7.22,3.598,0.06,FieldSure-Narcotics-v2.1,0.935,NEG_NO_REACTION,VALIDATED_LAB_CONFIRMED,LAB-CONFIRM-81416,FTIR (Fourier Transform Infrared Spectroscopy),LSD (Lysergic Acid Diethylamide),30.21,Caffeine (14.5%),TRUE_POSITIVE,VALIDATION_SET
FS-2026-01418,2026-07-25T17:41:00Z,OP-FORENSIC-120,District_Lab_North,Pressed Tablet (Crushed),Ehrlich Reagent (p-DMAB/HCl),LOT-2026-EHRL-573,7589,29.3,PASS,1.424,86.37,-1.18,4.07,66.1,16.03,0.17,52.51,30.5,-2.53,43.16,37.31,-4.16,58.449,0.9742,FieldSure-Narcotics-v2.1,0.972,POS_INDOLE_LSD,VALIDATED_LAB_CONFIRMED,LAB-CONFIRM-81417,GC-MS (Gas Chromatography-Mass Spectrometry),LSD (Lysergic Acid Diethylamide),40.42,Dimethylsulfone (18.4%),TRUE_POSITIVE,VALIDATION_SET
FS-2026-01419,2026-07-25T20:20:00Z,OP-FORENSIC-100,State_Forensic_Field_Team,Liquid Solution (Diluted),Marquis Reagent (Formaldehyde/Sulfuric Acid),LOT-2026-MARQ-414,564,31.8,PASS,0.492,95.55,1.79,3.13,95.21,0.34,4.04,94.64,1.29,2.42,94.4,0.89,3.34,1.475,0.0246,FieldSure-Narcotics-v2.1,0.908,NEG_NO_REACTION,VALIDATED_LAB_CONFIRMED,LAB-CONFIRM-81418,GC-MS (Gas Chromatography-Mass Spectrometry),Delta-9-THC,51.31,None (High Purity Grade),TRUE_POSITIVE,VALIDATION_SET
FS-2026-01420,2026-07-26T07:11:00Z,OP-FORENSIC-120,State_Forensic_Field_Team,Plant Matter Extract,Marquis Reagent (Formaldehyde/Sulfuric Acid),LOT-2026-MARQ-673,564,22.8,PASS,0.652,93.52,1.59,3.15,75.69,3.03,12.18,61.06,5.15,17.65,53.4,6.11,21.9,44.515,0.7419,FieldSure-Narcotics-v2.1,0.927,POS_OPIATE_HEROIN,VALIDATED_LAB_CONFIRMED,LAB-CONFIRM-81419,GC-MS (Gas Chromatography-Mass Spectrometry),Heroin Hydrochloride,82.95,Phenacetin (11.0%),TRUE_POSITIVE,VALIDATION_SET
FS-2026-01421,2026-07-26T08:10:00Z,OP-FORENSIC-116,Customs_Evidence_Unit,Pressed Tablet (Crushed),Scott Reagent (Cobalt Thiocyanate Phase),LOT-2026-SCOT-781,2363,24.0,PASS,1.662,87.93,1.33,5.12,75.58,15.45,23.17,65.12,23.76,36.49,58.71,31.92,44.37,57.707,0.9618,FieldSure-Narcotics-v2.1,0.931,POS_COCAINE,VALIDATED_LAB_CONFIRMED,LAB-CONFIRM-81420,GC-MS (Gas Chromatography-Mass Spectrometry),Cocaine Hydrochloride,73.76,Lactose / Starch,TRUE_POSITIVE,VALIDATION_SET
FS-2026-01422,2026-07-26T11:07:00Z,OP-FORENSIC-117,Customs_Evidence_Unit,Off-White Powder,Duquenois-Levine Reagent (Vanillin/Acetaldehyde),LOT-2026-DUQN-809,7589,23.9,PASS,0.403,92.98,2.19,3.85,92.38,1.06,5.39,89.97,2.62,7.06,88.91,1.17,7.24,5.394,0.0899,FieldSure-Narcotics-v2.1,0.949,NEG_NO_REACTION,VALIDATED_LAB_CONFIRMED,LAB-CONFIRM-81421,FTIR (Fourier Transform Infrared Spectroscopy),Heroin Hydrochloride,73.78,Dimethylsulfone (18.4%),TRUE_POSITIVE,VALIDATION_SET
FS-2026-01423,2026-07-26T18:40:00Z,OP-FORENSIC-107,Customs_Evidence_Unit,Off-White Powder,Mecke Reagent (Selenious Acid/Sulfuric Acid),LOT-2026-MECK-348,564,19.7,PASS,0.68,87.78,0.05,4.41,85.01,0.48,4.49,86.56,0.37,4.2,85.57,1.01,4.03,2.439,0.0406,FieldSure-Narcotics-v2.1,0.956,NEG_NO_REACTION,VALIDATED_LAB_CONFIRMED,LAB-CONFIRM-81422,GC-MS (Gas Chromatography-Mass Spectrometry),Heroin Hydrochloride,72.51,Dimethylsulfone (18.4%),TRUE_POSITIVE,VALIDATION_SET
FS-2026-01424,2026-07-27T01:23:00Z,OP-FORENSIC-106,Customs_Evidence_Unit,Crystalline Powder,Mandelin Reagent (Ammonium Vanadate/Sulfuric Acid),LOT-2026-MAND-729,564,23.5,FAIL_EXPOSURE,7.198,88.62,1.32,5.01,,,,,,,,,,,,FieldSure-Narcotics-v2.1,0.131,ABSTAIN_FAIL_EXPOSURE,UNVALIDATED_QC_ABSTAIN,LAB-CONFIRM-81423,GC-MS (Gas Chromatography-Mass Spectrometry),LSD (Lysergic Acid Diethylamide),29.5,Dimethylsulfone (18.4%),ABSTAINED_NO_PREDICTION,VALIDATION_SET
FS-2026-01425,2026-07-27T10:43:00Z,OP-FORENSIC-106,State_Forensic_Field_Team,Pressed Tablet (Crushed),Scott Reagent (Cobalt Thiocyanate Phase),LOT-2026-SCOT-288,2363,29.2,PASS,1.825,88.89,1.45,4.2,87.07,1.51,3.92,86.77,1.71,4.01,88.04,1.49,4.21,0.851,0.0142,FieldSure-Narcotics-v2.1,0.97,NEG_NO_REACTION,VALIDATED_LAB_CONFIRMED,LAB-CONFIRM-81424,GC-MS (Gas Chromatography-Mass Spectrometry),Methamphetamine HCl,78.75,None (High Purity Grade),TRUE_POSITIVE,VALIDATION_SET
FS-2026-01426,2026-07-27T11:39:00Z,OP-FORENSIC-123,Customs_Evidence_Unit,Tar/Sticky Resin,Mecke Reagent (Selenious Acid/Sulfuric Acid),LOT-2026-MECK-560,564,26.0,PASS,0.686,91.35,1.6,1.49,91.59,0.96,2.2,91.38,1.96,3.23,92.37,2.09,4.07,2.817,0.047,FieldSure-Narcotics-v2.1,0.918,NEG_NO_REACTION,VALIDATED_LAB_CONFIRMED,LAB-CONFIRM-81425,LC-MS/MS (Liquid Chromatography-Tandem Mass Spectrometry),Delta-9-THC,72.73,Levamisole (8.2%),TRUE_POSITIVE,VALIDATION_SET
FS-2026-01427,2026-07-27T12:10:00Z,OP-FORENSIC-114,District_Lab_North,Pressed Tablet (Crushed),Ehrlich Reagent (p-DMAB/HCl),LOT-2026-EHRL-397,7589,22.7,FAIL_GLARE,4.729,94.75,0.95,1.28,,,,,,,,,,,,FieldSure-Narcotics-v2.1,0.157,ABSTAIN_FAIL_GLARE,UNVALIDATED_QC_ABSTAIN,LAB-CONFIRM-81426,LC-MS/MS (Liquid Chromatography-Tandem Mass Spectrometry),Cocaine Hydrochloride,82.02,Dimethylsulfone (18.4%),ABSTAINED_NO_PREDICTION,VALIDATION_SET
FS-2026-01428,2026-07-27T12:23:00Z,OP-FORENSIC-122,Customs_Evidence_Unit,Off-White Powder,Marquis Reagent (Formaldehyde/Sulfuric Acid),LOT-2026-MARQ-291,2363,24.3,PASS,0.507,91.14,0.23,3.06,73.1,20.03,3.67,57.75,35.68,4.87,48.49,44.15,5.51,61.27,1.0212,FieldSure-Narcotics-v2.1,0.957,POS_FENTANYL_WEAK,VALIDATED_LAB_CONFIRMED,LAB-CONFIRM-81427,GC-MS (Gas Chromatography-Mass Spectrometry),Fentanyl HCl (Trace / Weak Response),13.1,Lactose / Starch,TRUE_POSITIVE,VALIDATION_SET
FS-2026-01429,2026-07-27T15:41:00Z,OP-FORENSIC-118,Customs_Evidence_Unit,Tar/Sticky Resin,Duquenois-Levine Reagent (Vanillin/Acetaldehyde),LOT-2026-DUQN-350,564,25.8,PASS,1.665,94.21,0.98,3.07,94.17,2.31,3.59,92.19,2.31,4.48,92.43,2.35,4.94,2.923,0.0487,FieldSure-Narcotics-v2.1,0.936,NEG_NO_REACTION,VALIDATED_LAB_CONFIRMED,LAB-CONFIRM-81428,GC-MS (Gas Chromatography-Mass Spectrometry),"3,4-MDMA (Ecstasy)",81.06,Caffeine (14.5%),TRUE_POSITIVE,VALIDATION_SET
FS-2026-01430,2026-07-27T20:37:00Z,OP-FORENSIC-121,Border_Control_Post_3,Crystalline Powder,Mandelin Reagent (Ammonium Vanadate/Sulfuric Acid),LOT-2026-MAND-305,7589,27.1,PASS,0.876,88.89,2.3,3.2,87.41,1.1,4.31,87.55,2.77,3.13,87.0,2.55,4.97,2.601,0.0434,FieldSure-Narcotics-v2.1,0.992,NEG_NO_REACTION,VALIDATED_LAB_CONFIRMED,LAB-CONFIRM-81429,GC-MS (Gas Chromatography-Mass Spectrometry),Delta-9-THC,49.03,Caffeine (14.5%),TRUE_POSITIVE,VALIDATION_SET
FS-2026-01431,2026-07-27T21:15:00Z,OP-FORENSIC-101,Customs_Evidence_Unit,Off-White Powder,Mandelin Reagent (Ammonium Vanadate/Sulfuric Acid),LOT-2026-MAND-790,564,14.2,PASS,0.518,87.8,-0.15,4.62,87.63,1.42,5.23,84.5,1.01,5.72,83.76,0.54,6.18,4.385,0.0731,FieldSure-Narcotics-v2.1,0.925,NEG_NO_REACTION,VALIDATED_LAB_CONFIRMED,LAB-CONFIRM-81430,LC-MS/MS (Liquid Chromatography-Tandem Mass Spectrometry),Inert Cutting Agent (Lactose/Caffeine),0.0,N/A (Inert Sample),TRUE_NEGATIVE,VALIDATION_SET
FS-2026-01432,2026-07-27T21:15:00Z,OP-FORENSIC-106,Customs_Evidence_Unit,Tar/Sticky Resin,Simon's Reagent (Sodium Nitroprusside/Acetaldehyde),LOT-2026-SIMN-697,7589,19.3,PASS,0.649,92.46,2.19,5.24,92.44,2.58,5.48,92.67,2.63,4.62,91.94,3.58,4.73,1.569,0.0262,FieldSure-Narcotics-v2.1,0.908,NEG_NO_REACTION,VALIDATED_LAB_CONFIRMED,LAB-CONFIRM-81431,GC-MS (Gas Chromatography-Mass Spectrometry),Cocaine Hydrochloride,82.04,None (High Purity Grade),TRUE_POSITIVE,VALIDATION_SET
FS-2026-01433,2026-07-27T23:50:00Z,OP-FORENSIC-111,Metropolitan_Task_Force,Crystalline Powder,Duquenois-Levine Reagent (Vanillin/Acetaldehyde),LOT-2026-DUQN-465,564,25.3,FAIL_GEOMETRY,11.9,91.81,-0.24,2.89,,,,,,,,,,,,FieldSure-Narcotics-v2.1,0.113,ABSTAIN_FAIL_GEOMETRY,UNVALIDATED_QC_ABSTAIN,LAB-CONFIRM-81432,GC-MS (Gas Chromatography-Mass Spectrometry),Delta-9-THC,62.52,None (High Purity Grade),ABSTAINED_NO_PREDICTION,VALIDATION_SET
FS-2026-01434,2026-07-28T00:29:00Z,OP-FORENSIC-105,District_Lab_North,Off-White Powder,Scott Reagent (Cobalt Thiocyanate Phase),LOT-2026-SCOT-269,564,23.3,PASS,1.569,86.33,1.19,2.86,74.75,18.88,22.27,66.2,35.3,36.39,60.87,42.41,44.57,63.93,1.0655,FieldSure-Narcotics-v2.1,0.936,FALSE_POS_LOCAL_ANESTHETIC,VALIDATED_LAB_CONFIRMED,LAB-CONFIRM-81433,LC-MS/MS (Liquid Chromatography-Tandem Mass Spectrometry),Procaine / Benzocaine (Local Anesthetic),0.0,N/A (Inert Sample),TRUE_POSITIVE,VALIDATION_SET
FS-2026-01435,2026-07-28T01:37:00Z,OP-FORENSIC-110,Customs_Evidence_Unit,Off-White Powder,Marquis Reagent (Formaldehyde/Sulfuric Acid),LOT-2026-MARQ-392,564,24.8,PASS,1.718,87.35,-1.04,3.25,62.81,0.86,15.54,44.25,2.64,25.24,32.92,4.0,30.7,61.168,1.0195,FieldSure-Narcotics-v2.1,0.979,POS_FENTANYL_WEAK,VALIDATED_LAB_CONFIRMED,LAB-CONFIRM-81434,GC-MS (Gas Chromatography-Mass Spectrometry),Fentanyl HCl (Trace / Weak Response),17.98,Caffeine (14.5%),TRUE_POSITIVE,VALIDATION_SET
FS-2026-01436,2026-07-28T03:01:00Z,OP-FORENSIC-108,District_Lab_North,Off-White Powder,Scott Reagent (Cobalt Thiocyanate Phase),LOT-2026-SCOT-229,564,18.8,PASS,0.846,95.95,-1.43,4.3,81.04,19.09,18.54,69.04,35.69,30.08,61.86,45.22,37.11,66.444,1.1074,FieldSure-Narcotics-v2.1,0.979,POS_COCAINE,VALIDATED_LAB_CONFIRMED,LAB-CONFIRM-81435,GC-MS (Gas Chromatography-Mass Spectrometry),Cocaine Hydrochloride,72.81,Levamisole (8.2%),TRUE_POSITIVE,VALIDATION_SET
FS-2026-01437,2026-07-28T07:15:00Z,OP-FORENSIC-108,State_Forensic_Field_Team,Tar/Sticky Resin,Mecke Reagent (Selenious Acid/Sulfuric Acid),LOT-2026-MECK-268,564,18.0,PASS,0.4,89.11,2.26,2.8,90.62,2.41,1.95,88.71,2.5,1.6,89.7,2.15,3.17,0.705,0.0118,FieldSure-Narcotics-v2.1,0.965,NEG_NO_REACTION,VALIDATED_LAB_CONFIRMED,LAB-CONFIRM-81436,LC-MS/MS (Liquid Chromatography-Tandem Mass Spectrometry),Heroin Hydrochloride,76.9,Caffeine (14.5%),TRUE_POSITIVE,VALIDATION_SET
FS-2026-01438,2026-07-28T09:23:00Z,OP-FORENSIC-115,State_Forensic_Field_Team,Off-White Powder,Simon's Reagent (Sodium Nitroprusside/Acetaldehyde),LOT-2026-SIMN-414,2363,26.8,PASS,0.737,86.14,-0.29,2.83,85.05,0.14,2.13,83.75,-0.85,3.39,83.79,-1.25,2.92,2.54,0.0423,FieldSure-Narcotics-v2.1,0.938,NEG_NO_REACTION,VALIDATED_LAB_CONFIRMED,LAB-CONFIRM-81437,GC-MS (Gas Chromatography-Mass Spectrometry),Fentanyl HCl (Trace / Weak Response),8.33,None (High Purity Grade),TRUE_POSITIVE,VALIDATION_SET
FS-2026-01439,2026-07-28T13:01:00Z,OP-FORENSIC-114,State_Forensic_Field_Team,Crystalline Powder,Scott Reagent (Cobalt Thiocyanate Phase),LOT-2026-SCOT-569,564,23.5,PASS,1.039,93.22,1.74,2.6,77.0,2.84,16.36,66.93,3.14,28.02,58.85,3.83,34.56,46.98,0.783,FieldSure-Narcotics-v2.1,0.944,POS_COCAINE,VALIDATED_LAB_CONFIRMED,LAB-CONFIRM-81438,GC-MS (Gas Chromatography-Mass Spectrometry),Cocaine Hydrochloride,82.92,Levamisole (8.2%),TRUE_POSITIVE,VALIDATION_SET
FS-2026-01440,2026-07-28T19:39:00Z,OP-FORENSIC-115,State_Forensic_Field_Team,Crystalline Powder,Scott Reagent (Cobalt Thiocyanate Phase),LOT-2026-SCOT-797,564,26.4,FAIL_GLARE,8.013,88.98,-1.35,3.81,,,,,,,,,,,,FieldSure-Narcotics-v2.1,0.077,ABSTAIN_FAIL_GLARE,UNVALIDATED_QC_ABSTAIN,LAB-CONFIRM-81439,GC-MS (Gas Chromatography-Mass Spectrometry),LSD (Lysergic Acid Diethylamide),19.32,Dimethylsulfone (18.4%),ABSTAINED_NO_PREDICTION,VALIDATION_SET
FS-2026-01441,2026-07-29T01:17:00Z,OP-FORENSIC-110,Customs_Evidence_Unit,Crystalline Powder,Duquenois-Levine Reagent (Vanillin/Acetaldehyde),LOT-2026-DUQN-399,2363,22.8,PASS,1.249,94.59,1.77,4.98,93.66,0.99,5.36,93.41,0.41,5.1,93.18,0.11,6.23,2.511,0.0419,FieldSure-Narcotics-v2.1,0.934,NEG_NO_REACTION,VALIDATED_LAB_CONFIRMED,LAB-CONFIRM-81440,LC-MS/MS (Liquid Chromatography-Tandem Mass Spectrometry),Procaine / Benzocaine (Local Anesthetic),0.0,N/A (Inert Sample),TRUE_NEGATIVE,VALIDATION_SET
FS-2026-01442,2026-07-29T04:20:00Z,OP-FORENSIC-117,Border_Control_Post_3,Crystalline Powder,Duquenois-Levine Reagent (Vanillin/Acetaldehyde),LOT-2026-DUQN-736,564,24.4,PASS,1.543,89.47,0.88,4.89,88.78,1.53,5.13,87.83,0.74,6.26,87.59,-0.05,6.13,2.437,0.0406,FieldSure-Narcotics-v2.1,0.987,NEG_NO_REACTION,VALIDATED_LAB_CONFIRMED,LAB-CONFIRM-81441,LC-MS/MS (Liquid Chromatography-Tandem Mass Spectrometry),Inert Cutting Agent (Lactose/Caffeine),0.0,N/A (Inert Sample),TRUE_NEGATIVE,VALIDATION_SET
FS-2026-01443,2026-07-29T07:37:00Z,OP-FORENSIC-111,Border_Control_Post_3,Pressed Tablet (Crushed),Duquenois-Levine Reagent (Vanillin/Acetaldehyde),LOT-2026-DUQN-337,2363,21.6,FAIL_GLARE,12.675,90.31,1.8,4.22,,,,,,,,,,,,FieldSure-Narcotics-v2.1,0.209,ABSTAIN_FAIL_GLARE,UNVALIDATED_QC_ABSTAIN,LAB-CONFIRM-81442,LC-MS/MS (Liquid Chromatography-Tandem Mass Spectrometry),Fentanyl HCl (Trace / Weak Response),11.28,Lactose / Starch,ABSTAINED_NO_PREDICTION,VALIDATION_SET
FS-2026-01444,2026-07-29T15:55:00Z,OP-FORENSIC-107,Border_Control_Post_3,Crystalline Powder,Mandelin Reagent (Ammonium Vanadate/Sulfuric Acid),LOT-2026-MAND-519,564,25.4,PASS,0.789,86.91,-1.1,2.07,86.23,-2.09,2.66,85.16,-1.74,2.06,83.81,-2.0,1.34,3.31,0.0552,FieldSure-Narcotics-v2.1,0.963,NEG_NO_REACTION,VALIDATED_LAB_CONFIRMED,LAB-CONFIRM-81443,GC-MS (Gas Chromatography-Mass Spectrometry),LSD (Lysergic Acid Diethylamide),58.28,Caffeine (14.5%),TRUE_POSITIVE,VALIDATION_SET
FS-2026-01445,2026-07-29T18:55:00Z,OP-FORENSIC-118,District_Lab_North,Crystalline Powder,Mecke Reagent (Selenious Acid/Sulfuric Acid),LOT-2026-MECK-678,2363,22.2,PASS,0.614,89.97,0.38,5.25,91.31,0.99,4.49,90.14,0.73,4.82,90.86,0.21,5.7,1.012,0.0169,FieldSure-Narcotics-v2.1,0.972,NEG_NO_REACTION,VALIDATED_LAB_CONFIRMED,LAB-CONFIRM-81444,GC-MS (Gas Chromatography-Mass Spectrometry),Methamphetamine HCl,69.27,Dimethylsulfone (18.4%),TRUE_POSITIVE,VALIDATION_SET
FS-2026-01446,2026-07-29T22:56:00Z,OP-FORENSIC-123,District_Lab_North,Crystalline Powder,Mandelin Reagent (Ammonium Vanadate/Sulfuric Acid),LOT-2026-MAND-840,564,25.0,PASS,1.827,94.24,-0.45,2.03,93.08,-1.85,3.29,92.28,-0.63,2.48,91.38,-1.47,4.97,4.227,0.0704,FieldSure-Narcotics-v2.1,0.918,NEG_NO_REACTION,VALIDATED_LAB_CONFIRMED,LAB-CONFIRM-81445,FTIR (Fourier Transform Infrared Spectroscopy),Cocaine Hydrochloride,93.88,Lactose / Starch,TRUE_POSITIVE,VALIDATION_SET
FS-2026-01447,2026-07-30T00:00:00Z,OP-FORENSIC-123,Border_Control_Post_3,Pressed Tablet (Crushed),Marquis Reagent (Formaldehyde/Sulfuric Acid),LOT-2026-MARQ-135,564,25.7,PASS,1.11,87.3,2.28,3.86,64.57,24.04,21.73,47.72,37.96,37.1,38.09,47.3,45.91,78.846,1.3141,FieldSure-Narcotics-v2.1,0.955,POS_FENTANYL_WEAK,VALIDATED_LAB_CONFIRMED,LAB-CONFIRM-81446,LC-MS/MS (Liquid Chromatography-Tandem Mass Spectrometry),Fentanyl HCl (Trace / Weak Response),14.84,None (High Purity Grade),TRUE_POSITIVE,VALIDATION_SET
FS-2026-01448,2026-07-30T01:17:00Z,OP-FORENSIC-110,Metropolitan_Task_Force,Pressed Tablet (Crushed),Mecke Reagent (Selenious Acid/Sulfuric Acid),LOT-2026-MECK-773,2363,23.9,PASS,1.55,86.66,0.07,1.91,84.36,0.43,1.81,84.64,1.08,1.71,83.98,0.69,2.3,2.778,0.0463,FieldSure-Narcotics-v2.1,0.931,NEG_NO_REACTION,VALIDATED_LAB_CONFIRMED,LAB-CONFIRM-81447,GC-MS (Gas Chromatography-Mass Spectrometry),Fentanyl HCl (Trace / Weak Response),3.26,Caffeine (14.5%),TRUE_POSITIVE,VALIDATION_SET
FS-2026-01449,2026-07-30T02:31:00Z,OP-FORENSIC-108,Customs_Evidence_Unit,Crystalline Powder,Scott Reagent (Cobalt Thiocyanate Phase),LOT-2026-SCOT-964,7589,17.9,PASS,0.732,88.81,-1.16,5.91,88.52,-0.96,5.67,86.68,-2.35,5.26,86.72,-1.17,5.34,2.166,0.0361,FieldSure-Narcotics-v2.1,0.948,NEG_NO_REACTION,VALIDATED_LAB_CONFIRMED,LAB-CONFIRM-81448,GC-MS (Gas Chromatography-Mass Spectrometry),LSD (Lysergic Acid Diethylamide),58.83,Levamisole (8.2%),TRUE_POSITIVE,VALIDATION_SET
FS-2026-01450,2026-07-30T04:53:00Z,OP-FORENSIC-102,Border_Control_Post_3,Crystalline Powder,Mandelin Reagent (Ammonium Vanadate/Sulfuric Acid),LOT-2026-MAND-241,2363,18.7,PASS,1.359,95.85,1.28,1.75,96.88,1.39,1.02,95.56,1.95,1.67,95.79,1.37,2.73,0.986,0.0164,FieldSure-Narcotics-v2.1,0.969,NEG_NO_REACTION,VALIDATED_LAB_CONFIRMED,LAB-CONFIRM-81449,GC-MS (Gas Chromatography-Mass Spectrometry),Delta-9-THC,54.8,Lactose / Starch,TRUE_POSITIVE,VALIDATION_SET
FS-2026-01451,2026-07-30T05:17:00Z,OP-FORENSIC-100,State_Forensic_Field_Team,Tar/Sticky Resin,Mandelin Reagent (Ammonium Vanadate/Sulfuric Acid),LOT-2026-MAND-581,2363,17.9,PASS,0.958,89.52,-0.78,5.13,89.06,-2.52,4.09,87.91,-1.85,5.59,87.15,-1.09,5.94,2.524,0.0421,FieldSure-Narcotics-v2.1,0.941,NEG_NO_REACTION,VALIDATED_LAB_CONFIRMED,LAB-CONFIRM-81450,GC-MS (Gas Chromatography-Mass Spectrometry),"3,4-MDMA (Ecstasy)",55.47,Phenacetin (11.0%),TRUE_POSITIVE,VALIDATION_SET
FS-2026-01452,2026-07-30T09:12:00Z,OP-FORENSIC-119,State_Forensic_Field_Team,Tar/Sticky Resin,Marquis Reagent (Formaldehyde/Sulfuric Acid),LOT-2026-MARQ-721,564,21.4,PASS,1.077,95.55,-0.9,1.65,95.21,-1.75,0.81,94.67,-1.65,1.75,95.7,-2.86,0.28,2.396,0.0399,FieldSure-Narcotics-v2.1,0.933,NEG_NO_REACTION,VALIDATED_LAB_CONFIRMED,LAB-CONFIRM-81451,FTIR (Fourier Transform Infrared Spectroscopy),Inert Cutting Agent (Lactose/Caffeine),0.0,N/A (Inert Sample),TRUE_NEGATIVE,VALIDATION_SET
FS-2026-01453,2026-07-30T10:19:00Z,OP-FORENSIC-113,Customs_Evidence_Unit,Off-White Powder,Ehrlich Reagent (p-DMAB/HCl),LOT-2026-EHRL-570,564,25.5,PASS,0.454,95.11,-0.59,4.34,94.16,-0.98,5.23,94.15,-1.65,4.62,94.43,-1.25,5.2,1.28,0.0213,FieldSure-Narcotics-v2.1,0.926,NEG_NO_REACTION,VALIDATED_LAB_CONFIRMED,LAB-CONFIRM-81452,GC-MS (Gas Chromatography-Mass Spectrometry),Inert Cutting Agent (Lactose/Caffeine),0.0,N/A (Inert Sample),TRUE_NEGATIVE,VALIDATION_SET
FS-2026-01454,2026-07-30T11:32:00Z,OP-FORENSIC-105,Metropolitan_Task_Force,Off-White Powder,Ehrlich Reagent (p-DMAB/HCl),LOT-2026-EHRL-513,564,25.0,PASS,1.559,94.68,-1.48,3.59,91.79,-2.04,3.26,92.04,-3.24,4.44,92.18,-2.59,5.1,3.124,0.0521,FieldSure-Narcotics-v2.1,0.924,NEG_NO_REACTION,VALIDATED_LAB_CONFIRMED,LAB-CONFIRM-81453,GC-MS (Gas Chromatography-Mass Spectrometry),Fentanyl HCl (Trace / Weak Response),13.89,None (High Purity Grade),TRUE_POSITIVE,VALIDATION_SET
FS-2026-01455,2026-07-30T12:30:00Z,OP-FORENSIC-109,District_Lab_North,Pressed Tablet (Crushed),Scott Reagent (Cobalt Thiocyanate Phase),LOT-2026-SCOT-214,564,23.3,PASS,0.753,87.69,2.05,4.16,86.5,3.38,4.63,85.65,2.36,4.81,86.01,2.96,4.65,1.972,0.0329,FieldSure-Narcotics-v2.1,0.933,NEG_NO_REACTION,VALIDATED_LAB_CONFIRMED,LAB-CONFIRM-81454,GC-MS (Gas Chromatography-Mass Spectrometry),Methamphetamine HCl,75.77,Caffeine (14.5%),TRUE_POSITIVE,VALIDATION_SET
FS-2026-01456,2026-07-30T13:03:00Z,OP-FORENSIC-111,Customs_Evidence_Unit,Pressed Tablet (Crushed),Simon's Reagent (Sodium Nitroprusside/Acetaldehyde),LOT-2026-SIMN-196,2363,25.2,FAIL_GLARE,6.409,89.53,1.77,4.13,,,,,,,,,,,,FieldSure-Narcotics-v2.1,0.101,ABSTAIN_FAIL_GLARE,UNVALIDATED_QC_ABSTAIN,LAB-CONFIRM-81455,GC-MS (Gas Chromatography-Mass Spectrometry),Heroin Hydrochloride,52.79,Dimethylsulfone (18.4%),ABSTAINED_NO_PREDICTION,VALIDATION_SET
FS-2026-01457,2026-07-30T13:51:00Z,OP-FORENSIC-102,State_Forensic_Field_Team,Pressed Tablet (Crushed),Mecke Reagent (Selenious Acid/Sulfuric Acid),LOT-2026-MECK-377,564,21.6,PASS,0.813,94.18,1.06,4.53,93.14,0.63,5.54,90.67,-0.3,5.77,89.97,0.09,5.82,4.509,0.0752,FieldSure-Narcotics-v2.1,0.952,NEG_NO_REACTION,VALIDATED_LAB_CONFIRMED,LAB-CONFIRM-81456,GC-MS (Gas Chromatography-Mass Spectrometry),Cocaine Hydrochloride,82.57,Phenacetin (11.0%),TRUE_POSITIVE,VALIDATION_SET
FS-2026-01458,2026-07-30T14:31:00Z,OP-FORENSIC-115,State_Forensic_Field_Team,Crystalline Powder,Mandelin Reagent (Ammonium Vanadate/Sulfuric Acid),LOT-2026-MAND-683,7589,16.1,PASS,1.377,93.78,1.19,4.21,91.94,1.78,5.92,93.02,2.45,6.38,91.52,1.82,6.33,3.162,0.0527,FieldSure-Narcotics-v2.1,0.967,NEG_NO_REACTION,VALIDATED_LAB_CONFIRMED,LAB-CONFIRM-81457,LC-MS/MS (Liquid Chromatography-Tandem Mass Spectrometry),Delta-9-THC,40.14,Phenacetin (11.0%),TRUE_POSITIVE,VALIDATION_SET
FS-2026-01459,2026-07-30T14:49:00Z,OP-FORENSIC-102,District_Lab_North,Pressed Tablet (Crushed),Duquenois-Levine Reagent (Vanillin/Acetaldehyde),LOT-2026-DUQN-961,564,21.7,PASS,1.378,91.4,2.48,1.82,91.08,3.6,1.57,88.98,3.05,2.62,87.79,3.64,2.45,3.844,0.0641,FieldSure-Narcotics-v2.1,0.916,NEG_NO_REACTION,VALIDATED_LAB_CONFIRMED,LAB-CONFIRM-81458,GC-MS (Gas Chromatography-Mass Spectrometry),Heroin Hydrochloride,43.07,Lactose / Starch,TRUE_POSITIVE,VALIDATION_SET
FS-2026-01460,2026-07-30T18:00:00Z,OP-FORENSIC-121,Metropolitan_Task_Force,Off-White Powder,Scott Reagent (Cobalt Thiocyanate Phase),LOT-2026-SCOT-178,564,27.4,FAIL_GEOMETRY,4.51,92.26,-0.51,3.81,,,,,,,,,,,,FieldSure-Narcotics-v2.1,0.167,ABSTAIN_FAIL_GEOMETRY,UNVALIDATED_QC_ABSTAIN,LAB-CONFIRM-81459,GC-MS (Gas Chromatography-Mass Spectrometry),Fentanyl HCl (Trace / Weak Response),11.12,Levamisole (8.2%),ABSTAINED_NO_PREDICTION,VALIDATION_SET
FS-2026-01461,2026-07-30T20:47:00Z,OP-FORENSIC-106,Border_Control_Post_3,Crystalline Powder,Duquenois-Levine Reagent (Vanillin/Acetaldehyde),LOT-2026-DUQN-233,2363,24.4,PASS,0.95,88.23,2.12,3.32,86.9,2.14,3.04,86.2,2.75,3.13,83.74,1.58,2.9,4.542,0.0757,FieldSure-Narcotics-v2.1,0.898,NEG_NO_REACTION,VALIDATED_LAB_CONFIRMED,LAB-CONFIRM-81460,GC-MS (Gas Chromatography-Mass Spectrometry),"3,4-MDMA (Ecstasy)",60.39,Levamisole (8.2%),TRUE_POSITIVE,VALIDATION_SET
FS-2026-01462,2026-07-30T21:21:00Z,OP-FORENSIC-124,Customs_Evidence_Unit,Pressed Tablet (Crushed),Scott Reagent (Cobalt Thiocyanate Phase),LOT-2026-SCOT-658,2363,21.1,PASS,0.39,88.89,1.13,5.75,88.34,1.04,5.26,88.15,1.11,7.39,87.61,-0.58,7.48,2.749,0.0458,FieldSure-Narcotics-v2.1,0.973,NEG_NO_REACTION,VALIDATED_LAB_CONFIRMED,LAB-CONFIRM-81461,GC-MS (Gas Chromatography-Mass Spectrometry),Heroin Hydrochloride,43.26,Dimethylsulfone (18.4%),TRUE_POSITIVE,VALIDATION_SET
FS-2026-01463,2026-07-30T21:55:00Z,OP-FORENSIC-118,Metropolitan_Task_Force,Tar/Sticky Resin,Simon's Reagent (Sodium Nitroprusside/Acetaldehyde),LOT-2026-SIMN-207,2363,22.4,PASS,1.847,88.71,1.75,5.99,88.88,2.25,6.21,87.61,1.14,8.34,86.95,1.24,7.49,2.368,0.0395,FieldSure-Narcotics-v2.1,0.922,NEG_NO_REACTION,VALIDATED_LAB_CONFIRMED,LAB-CONFIRM-81462,GC-MS (Gas Chromatography-Mass Spectrometry),Inert Cutting Agent (Lactose/Caffeine),0.0,N/A (Inert Sample),TRUE_NEGATIVE,VALIDATION_SET
FS-2026-01464,2026-07-30T23:03:00Z,OP-FORENSIC-113,Metropolitan_Task_Force,Paper Blotter Segment,Ehrlich Reagent (p-DMAB/HCl),LOT-2026-EHRL-714,7589,25.2,PASS,0.424,94.96,-0.93,5.33,93.61,-0.12,4.81,92.85,0.38,5.2,91.04,0.11,5.3,4.056,0.0676,FieldSure-Narcotics-v2.1,0.935,NEG_NO_REACTION,VALIDATED_LAB_CONFIRMED,LAB-CONFIRM-81463,GC-MS (Gas Chromatography-Mass Spectrometry),Methamphetamine HCl,85.34,Caffeine (14.5%),TRUE_POSITIVE,VALIDATION_SET
FS-2026-01465,2026-07-30T23:17:00Z,OP-FORENSIC-120,Customs_Evidence_Unit,Crystalline Powder,Duquenois-Levine Reagent (Vanillin/Acetaldehyde),LOT-2026-DUQN-865,7589,21.3,PASS,1.526,95.64,-0.38,3.54,94.75,-2.96,4.19,94.15,-0.87,2.67,93.17,-1.7,2.68,2.93,0.0488,FieldSure-Narcotics-v2.1,0.899,NEG_NO_REACTION,VALIDATED_LAB_CONFIRMED,LAB-CONFIRM-81464,LC-MS/MS (Liquid Chromatography-Tandem Mass Spectrometry),Heroin Hydrochloride,67.21,Levamisole (8.2%),TRUE_POSITIVE,VALIDATION_SET
FS-2026-01466,2026-07-31T01:22:00Z,OP-FORENSIC-106,Border_Control_Post_3,Pressed Tablet (Crushed),Mecke Reagent (Selenious Acid/Sulfuric Acid),LOT-2026-MECK-763,564,17.5,PASS,1.596,94.56,0.87,1.75,92.56,1.22,3.9,93.02,1.98,4.77,92.21,2.15,4.21,3.635,0.0606,FieldSure-Narcotics-v2.1,0.897,NEG_NO_REACTION,VALIDATED_LAB_CONFIRMED,LAB-CONFIRM-81465,GC-MS (Gas Chromatography-Mass Spectrometry),Delta-9-THC,40.86,Phenacetin (11.0%),TRUE_POSITIVE,VALIDATION_SET
FS-2026-01467,2026-07-31T03:34:00Z,OP-FORENSIC-107,Customs_Evidence_Unit,Crystalline Powder,Marquis Reagent (Formaldehyde/Sulfuric Acid),LOT-2026-MARQ-968,2363,26.0,PASS,1.779,87.93,0.57,3.7,75.88,21.11,-2.94,67.18,36.77,-7.88,61.92,46.26,-10.65,54.498,0.9083,FieldSure-Narcotics-v2.1,0.975,POS_FENTANYL_WEAK,VALIDATED_LAB_CONFIRMED,LAB-CONFIRM-81466,GC-MS (Gas Chromatography-Mass Spectrometry),Fentanyl HCl (Trace / Weak Response),12.73,Levamisole (8.2%),TRUE_POSITIVE,VALIDATION_SET
FS-2026-01468,2026-07-31T05:36:00Z,OP-FORENSIC-114,Metropolitan_Task_Force,Off-White Powder,Mandelin Reagent (Ammonium Vanadate/Sulfuric Acid),LOT-2026-MAND-792,564,18.4,FAIL_BLUR,8.698,88.43,1.69,5.43,,,,,,,,,,,,FieldSure-Narcotics-v2.1,0.184,ABSTAIN_FAIL_BLUR,UNVALIDATED_QC_ABSTAIN,LAB-CONFIRM-81467,FTIR (Fourier Transform Infrared Spectroscopy),Methamphetamine HCl,67.96,Phenacetin (11.0%),ABSTAINED_NO_PREDICTION,VALIDATION_SET
FS-2026-01469,2026-07-31T07:31:00Z,OP-FORENSIC-122,District_Lab_North,Tar/Sticky Resin,Marquis Reagent (Formaldehyde/Sulfuric Acid),LOT-2026-MARQ-844,564,25.9,PASS,0.742,95.82,1.6,3.2,95.05,2.9,2.78,95.58,1.59,3.23,96.09,2.48,3.1,0.926,0.0154,FieldSure-Narcotics-v2.1,0.929,NEG_NO_REACTION,VALIDATED_LAB_CONFIRMED,LAB-CONFIRM-81468,GC-MS (Gas Chromatography-Mass Spectrometry),Cocaine Hydrochloride,91.1,None (High Purity Grade),TRUE_POSITIVE,VALIDATION_SET
FS-2026-01470,2026-07-31T07:32:00Z,OP-FORENSIC-122,District_Lab_North,Pressed Tablet (Crushed),Duquenois-Levine Reagent (Vanillin/Acetaldehyde),LOT-2026-DUQN-306,564,27.1,PASS,1.145,87.0,2.09,3.11,85.71,1.56,3.35,85.24,2.62,1.48,86.27,1.51,2.52,1.103,0.0184,FieldSure-Narcotics-v2.1,0.962,NEG_NO_REACTION,VALIDATED_LAB_CONFIRMED,LAB-CONFIRM-81469,GC-MS (Gas Chromatography-Mass Spectrometry),Methamphetamine HCl,80.06,Caffeine (14.5%),TRUE_POSITIVE,VALIDATION_SET
FS-2026-01471,2026-07-31T09:53:00Z,OP-FORENSIC-124,Border_Control_Post_3,Pressed Tablet (Crushed),Simon's Reagent (Sodium Nitroprusside/Acetaldehyde),LOT-2026-SIMN-291,2363,16.3,PASS,0.529,93.73,1.22,5.55,91.31,0.55,4.85,90.31,0.73,6.13,89.31,0.12,5.94,4.571,0.0762,FieldSure-Narcotics-v2.1,0.959,NEG_NO_REACTION,VALIDATED_LAB_CONFIRMED,LAB-CONFIRM-81470,GC-MS (Gas Chromatography-Mass Spectrometry),Delta-9-THC,34.53,Phenacetin (11.0%),TRUE_POSITIVE,VALIDATION_SET
FS-2026-01472,2026-07-31T12:21:00Z,OP-FORENSIC-120,State_Forensic_Field_Team,Tar/Sticky Resin,Scott Reagent (Cobalt Thiocyanate Phase),LOT-2026-SCOT-688,7589,28.9,PASS,1.815,88.14,1.17,3.84,86.87,1.98,5.67,85.11,1.02,4.7,84.25,0.71,6.3,4.626,0.0771,FieldSure-Narcotics-v2.1,0.971,NEG_NO_REACTION,VALIDATED_LAB_CONFIRMED,LAB-CONFIRM-81471,GC-MS (Gas Chromatography-Mass Spectrometry),LSD (Lysergic Acid Diethylamide),40.73,None (High Purity Grade),TRUE_POSITIVE,VALIDATION_SET
FS-2026-01473,2026-07-31T13:11:00Z,OP-FORENSIC-115,Metropolitan_Task_Force,Crystalline Powder,Mecke Reagent (Selenious Acid/Sulfuric Acid),LOT-2026-MECK-170,564,12.8,FAIL_BLUR,6.64,89.17,0.12,3.74,,,,,,,,,,,,FieldSure-Narcotics-v2.1,0.066,ABSTAIN_FAIL_BLUR,UNVALIDATED_QC_ABSTAIN,LAB-CONFIRM-81472,LC-MS/MS (Liquid Chromatography-Tandem Mass Spectrometry),Methamphetamine HCl,91.97,Phenacetin (11.0%),ABSTAINED_NO_PREDICTION,VALIDATION_SET
FS-2026-01474,2026-07-31T13:22:00Z,OP-FORENSIC-122,Border_Control_Post_3,Pressed Tablet (Crushed),Duquenois-Levine Reagent (Vanillin/Acetaldehyde),LOT-2026-DUQN-544,564,23.9,PASS,0.632,91.76,0.43,2.35,88.77,-0.8,4.05,88.69,-1.89,2.77,86.97,-0.78,3.92,5.184,0.0864,FieldSure-Narcotics-v2.1,0.99,NEG_NO_REACTION,VALIDATED_LAB_CONFIRMED,LAB-CONFIRM-81473,LC-MS/MS (Liquid Chromatography-Tandem Mass Spectrometry),Fentanyl HCl (Trace / Weak Response),17.56,Phenacetin (11.0%),TRUE_POSITIVE,VALIDATION_SET
FS-2026-01475,2026-07-31T15:39:00Z,OP-FORENSIC-121,District_Lab_North,Plant Matter Extract,Mandelin Reagent (Ammonium Vanadate/Sulfuric Acid),LOT-2026-MAND-785,564,25.8,PASS,1.175,90.7,0.66,3.03,92.23,2.28,2.8,91.69,0.65,2.19,90.98,0.52,2.6,0.532,0.0089,FieldSure-Narcotics-v2.1,0.929,NEG_NO_REACTION,VALIDATED_LAB_CONFIRMED,LAB-CONFIRM-81474,GC-MS (Gas Chromatography-Mass Spectrometry),Methamphetamine HCl,82.09,Caffeine (14.5%),TRUE_POSITIVE,VALIDATION_SET
FS-2026-01476,2026-07-31T15:44:00Z,OP-FORENSIC-124,State_Forensic_Field_Team,Crystalline Powder,Mandelin Reagent (Ammonium Vanadate/Sulfuric Acid),LOT-2026-MAND-103,7589,19.8,PASS,0.781,91.03,1.28,5.37,90.81,0.56,6.64,91.47,-0.42,5.72,89.03,-0.13,5.68,2.467,0.0411,FieldSure-Narcotics-v2.1,0.925,NEG_NO_REACTION,VALIDATED_LAB_CONFIRMED,LAB-CONFIRM-81475,GC-MS (Gas Chromatography-Mass Spectrometry),"3,4-MDMA (Ecstasy)",74.88,Lactose / Starch,TRUE_POSITIVE,VALIDATION_SET
FS-2026-01477,2026-07-31T18:27:00Z,OP-FORENSIC-101,Border_Control_Post_3,Crystalline Powder,Simon's Reagent (Sodium Nitroprusside/Acetaldehyde),LOT-2026-SIMN-904,564,23.7,PASS,0.648,95.66,0.88,5.66,94.71,-0.16,8.3,95.26,0.29,4.83,96.02,0.31,6.03,0.769,0.0128,FieldSure-Narcotics-v2.1,0.958,NEG_NO_REACTION,VALIDATED_LAB_CONFIRMED,LAB-CONFIRM-81476,LC-MS/MS (Liquid Chromatography-Tandem Mass Spectrometry),Delta-9-THC,34.72,None (High Purity Grade),TRUE_POSITIVE,VALIDATION_SET
FS-2026-01478,2026-07-31T20:14:00Z,OP-FORENSIC-102,Border_Control_Post_3,Pressed Tablet (Crushed),Scott Reagent (Cobalt Thiocyanate Phase),LOT-2026-SCOT-501,564,24.6,FAIL_EXPOSURE,10.827,95.1,2.36,3.95,,,,,,,,,,,,FieldSure-Narcotics-v2.1,0.258,ABSTAIN_FAIL_EXPOSURE,UNVALIDATED_QC_ABSTAIN,LAB-CONFIRM-81477,GC-MS (Gas Chromatography-Mass Spectrometry),Fentanyl HCl (Trace / Weak Response),7.19,Caffeine (14.5%),ABSTAINED_NO_PREDICTION,VALIDATION_SET
FS-2026-01479,2026-07-31T23:33:00Z,OP-FORENSIC-116,State_Forensic_Field_Team,Plant Matter Extract,Marquis Reagent (Formaldehyde/Sulfuric Acid),LOT-2026-MARQ-958,2363,26.7,PASS,1.488,93.7,2.05,1.54,92.48,3.4,1.58,91.87,1.97,2.18,91.08,3.77,1.95,3.161,0.0527,FieldSure-Narcotics-v2.1,0.979,NEG_NO_REACTION,VALIDATED_LAB_CONFIRMED,LAB-CONFIRM-81478,LC-MS/MS (Liquid Chromatography-Tandem Mass Spectrometry),Procaine / Benzocaine (Local Anesthetic),0.0,N/A (Inert Sample),TRUE_NEGATIVE,VALIDATION_SET
FS-2026-01480,2026-08-01T00:19:00Z,OP-FORENSIC-121,State_Forensic_Field_Team,Crystalline Powder,Simon's Reagent (Sodium Nitroprusside/Acetaldehyde),LOT-2026-SIMN-308,564,21.9,FAIL_BLUR,6.085,86.46,1.59,4.41,,,,,,,,,,,,FieldSure-Narcotics-v2.1,0.173,ABSTAIN_FAIL_BLUR,UNVALIDATED_QC_ABSTAIN,LAB-CONFIRM-81479,GC-MS (Gas Chromatography-Mass Spectrometry),Delta-9-THC,47.93,Caffeine (14.5%),ABSTAINED_NO_PREDICTION,VALIDATION_SET
FS-2026-01481,2026-08-01T02:47:00Z,OP-FORENSIC-119,Customs_Evidence_Unit,Pressed Tablet (Crushed),Scott Reagent (Cobalt Thiocyanate Phase),LOT-2026-SCOT-392,7589,23.8,PASS,1.437,92.72,0.84,4.8,91.2,0.76,6.02,91.59,0.6,7.01,89.79,2.55,6.81,3.943,0.0657,FieldSure-Narcotics-v2.1,0.892,NEG_NO_REACTION,VALIDATED_LAB_CONFIRMED,LAB-CONFIRM-81480,GC-MS (Gas Chromatography-Mass Spectrometry),"3,4-MDMA (Ecstasy)",57.67,None (High Purity Grade),TRUE_POSITIVE,VALIDATION_SET
FS-2026-01482,2026-08-01T05:16:00Z,OP-FORENSIC-124,State_Forensic_Field_Team,Pressed Tablet (Crushed),Mecke Reagent (Selenious Acid/Sulfuric Acid),LOT-2026-MECK-315,564,19.6,PASS,0.768,93.89,-0.12,4.31,92.97,-0.37,4.22,93.2,-0.77,4.61,93.06,-1.11,4.02,1.324,0.0221,FieldSure-Narcotics-v2.1,0.957,NEG_NO_REACTION,VALIDATED_LAB_CONFIRMED,LAB-CONFIRM-81481,GC-MS (Gas Chromatography-Mass Spectrometry),LSD (Lysergic Acid Diethylamide),15.49,None (High Purity Grade),TRUE_POSITIVE,VALIDATION_SET
FS-2026-01483,2026-08-01T07:42:00Z,OP-FORENSIC-100,Metropolitan_Task_Force,Pressed Tablet (Crushed),Mecke Reagent (Selenious Acid/Sulfuric Acid),LOT-2026-MECK-621,7589,24.7,PASS,0.828,86.49,-0.67,4.54,85.75,-2.36,3.27,83.39,0.04,3.86,83.4,-0.59,3.81,3.176,0.0529,FieldSure-Narcotics-v2.1,0.897,NEG_NO_REACTION,VALIDATED_LAB_CONFIRMED,LAB-CONFIRM-81482,GC-MS (Gas Chromatography-Mass Spectrometry),Procaine / Benzocaine (Local Anesthetic),0.0,N/A (Inert Sample),TRUE_NEGATIVE,VALIDATION_SET
FS-2026-01484,2026-08-01T07:49:00Z,OP-FORENSIC-121,Border_Control_Post_3,Crystalline Powder,Simon's Reagent (Sodium Nitroprusside/Acetaldehyde),LOT-2026-SIMN-811,2363,28.9,PASS,1.835,94.75,0.48,1.93,94.91,0.71,2.02,95.01,1.0,2.14,95.43,1.79,1.99,1.477,0.0246,FieldSure-Narcotics-v2.1,0.918,NEG_NO_REACTION,VALIDATED_LAB_CONFIRMED,LAB-CONFIRM-81483,GC-MS (Gas Chromatography-Mass Spectrometry),Heroin Hydrochloride,76.23,Dimethylsulfone (18.4%),TRUE_POSITIVE,VALIDATION_SET
FS-2026-01485,2026-08-01T09:08:00Z,OP-FORENSIC-114,State_Forensic_Field_Team,Crystalline Powder,Ehrlich Reagent (p-DMAB/HCl),LOT-2026-EHRL-376,2363,13.0,PASS,0.48,90.95,2.02,4.08,90.12,1.6,5.2,90.25,-0.5,6.11,90.11,0.65,5.09,1.898,0.0316,FieldSure-Narcotics-v2.1,0.979,NEG_NO_REACTION,VALIDATED_LAB_CONFIRMED,LAB-CONFIRM-81484,GC-MS (Gas Chromatography-Mass Spectrometry),Delta-9-THC,50.01,Caffeine (14.5%),TRUE_POSITIVE,VALIDATION_SET
FS-2026-01486,2026-08-01T11:59:00Z,OP-FORENSIC-106,State_Forensic_Field_Team,Crystalline Powder,Mecke Reagent (Selenious Acid/Sulfuric Acid),LOT-2026-MECK-915,2363,20.1,FAIL_BLUR,6.508,86.63,0.78,4.08,,,,,,,,,,,,FieldSure-Narcotics-v2.1,0.206,ABSTAIN_FAIL_BLUR,UNVALIDATED_QC_ABSTAIN,LAB-CONFIRM-81485,LC-MS/MS (Liquid Chromatography-Tandem Mass Spectrometry),Cocaine Hydrochloride,89.26,Caffeine (14.5%),ABSTAINED_NO_PREDICTION,VALIDATION_SET
FS-2026-01487,2026-08-01T15:45:00Z,OP-FORENSIC-124,District_Lab_North,Off-White Powder,Marquis Reagent (Formaldehyde/Sulfuric Acid),LOT-2026-MARQ-421,564,17.5,FAIL_GEOMETRY,4.83,95.46,0.5,1.72,,,,,,,,,,,,FieldSure-Narcotics-v2.1,0.186,ABSTAIN_FAIL_GEOMETRY,UNVALIDATED_QC_ABSTAIN,LAB-CONFIRM-81486,LC-MS/MS (Liquid Chromatography-Tandem Mass Spectrometry),Cocaine Hydrochloride,90.77,Levamisole (8.2%),ABSTAINED_NO_PREDICTION,VALIDATION_SET
FS-2026-01488,2026-08-01T17:50:00Z,OP-FORENSIC-101,District_Lab_North,Paper Blotter Segment,Scott Reagent (Cobalt Thiocyanate Phase),LOT-2026-SCOT-305,564,18.6,FAIL_GEOMETRY,12.363,89.48,0.09,5.78,,,,,,,,,,,,FieldSure-Narcotics-v2.1,0.138,ABSTAIN_FAIL_GEOMETRY,UNVALIDATED_QC_ABSTAIN,LAB-CONFIRM-81487,GC-MS (Gas Chromatography-Mass Spectrometry),Inert Cutting Agent (Lactose/Caffeine),0.0,N/A (Inert Sample),ABSTAINED_NO_PREDICTION,INDEPENDENT_HELD_OUT_TEST_SET
FS-2026-01489,2026-08-01T20:32:00Z,OP-FORENSIC-102,Customs_Evidence_Unit,Crystalline Powder,Simon's Reagent (Sodium Nitroprusside/Acetaldehyde),LOT-2026-SIMN-321,564,22.4,PASS,1.332,90.99,-1.33,3.58,89.37,-1.18,5.28,90.81,-2.47,4.25,91.63,-2.93,6.0,2.971,0.0495,FieldSure-Narcotics-v2.1,0.944,NEG_NO_REACTION,VALIDATED_LAB_CONFIRMED,LAB-CONFIRM-81488,GC-MS (Gas Chromatography-Mass Spectrometry),Heroin Hydrochloride,50.36,Dimethylsulfone (18.4%),TRUE_POSITIVE,INDEPENDENT_HELD_OUT_TEST_SET
FS-2026-01490,2026-08-01T21:20:00Z,OP-FORENSIC-120,Border_Control_Post_3,Pressed Tablet (Crushed),Mandelin Reagent (Ammonium Vanadate/Sulfuric Acid),LOT-2026-MAND-730,564,27.0,FAIL_GEOMETRY,9.394,87.15,-0.76,2.63,,,,,,,,,,,,FieldSure-Narcotics-v2.1,0.161,ABSTAIN_FAIL_GEOMETRY,UNVALIDATED_QC_ABSTAIN,LAB-CONFIRM-81489,LC-MS/MS (Liquid Chromatography-Tandem Mass Spectrometry),Delta-9-THC,60.69,Lactose / Starch,ABSTAINED_NO_PREDICTION,INDEPENDENT_HELD_OUT_TEST_SET
FS-2026-01491,2026-08-02T03:50:00Z,OP-FORENSIC-108,Border_Control_Post_3,Crystalline Powder,Marquis Reagent (Formaldehyde/Sulfuric Acid),LOT-2026-MARQ-433,2363,20.2,PASS,1.474,91.43,1.35,2.33,68.62,2.11,14.92,51.06,4.01,23.5,40.23,3.99,29.68,58.107,0.9684,FieldSure-Narcotics-v2.1,0.965,POS_MDMA,VALIDATED_LAB_CONFIRMED,LAB-CONFIRM-81490,GC-MS (Gas Chromatography-Mass Spectrometry),"3,4-MDMA (Ecstasy)",86.59,Lactose / Starch,TRUE_POSITIVE,INDEPENDENT_HELD_OUT_TEST_SET
FS-2026-01492,2026-08-02T05:24:00Z,OP-FORENSIC-105,District_Lab_North,Tar/Sticky Resin,Mecke Reagent (Selenious Acid/Sulfuric Acid),LOT-2026-MECK-673,564,31.0,PASS,0.983,87.24,-0.02,4.43,88.66,-1.04,2.76,87.15,0.62,4.73,87.71,-0.06,4.52,0.48,0.008,FieldSure-Narcotics-v2.1,0.978,NEG_NO_REACTION,VALIDATED_LAB_CONFIRMED,LAB-CONFIRM-81491,GC-MS (Gas Chromatography-Mass Spectrometry),Fentanyl HCl (Trace / Weak Response),3.45,Dimethylsulfone (18.4%),TRUE_POSITIVE,INDEPENDENT_HELD_OUT_TEST_SET
FS-2026-01493,2026-08-02T08:32:00Z,OP-FORENSIC-123,District_Lab_North,Crystalline Powder,Duquenois-Levine Reagent (Vanillin/Acetaldehyde),LOT-2026-DUQN-624,2363,23.3,PASS,1.78,90.22,1.86,4.57,74.06,-11.33,-0.53,62.39,-21.82,-4.31,54.57,-28.31,-6.62,48.025,0.8004,FieldSure-Narcotics-v2.1,0.897,POS_CANNABINOID_THC,VALIDATED_LAB_CONFIRMED,LAB-CONFIRM-81492,GC-MS (Gas Chromatography-Mass Spectrometry),Delta-9-THC,56.86,Lactose / Starch,TRUE_POSITIVE,INDEPENDENT_HELD_OUT_TEST_SET
FS-2026-01494,2026-08-02T14:32:00Z,OP-FORENSIC-107,District_Lab_North,Tar/Sticky Resin,Marquis Reagent (Formaldehyde/Sulfuric Acid),LOT-2026-MARQ-542,564,27.0,PASS,0.521,90.82,2.33,1.81,88.9,4.12,2.94,88.41,2.44,3.3,86.75,3.5,3.54,4.575,0.0762,FieldSure-Narcotics-v2.1,0.908,NEG_NO_REACTION,VALIDATED_LAB_CONFIRMED,LAB-CONFIRM-81493,LC-MS/MS (Liquid Chromatography-Tandem Mass Spectrometry),Delta-9-THC,60.65,Lactose / Starch,TRUE_POSITIVE,INDEPENDENT_HELD_OUT_TEST_SET
FS-2026-01495,2026-08-02T16:42:00Z,OP-FORENSIC-110,Metropolitan_Task_Force,Liquid Solution (Diluted),Ehrlich Reagent (p-DMAB/HCl),LOT-2026-EHRL-871,2363,21.6,FAIL_EXPOSURE,8.297,87.74,-1.27,5.63,,,,,,,,,,,,FieldSure-Narcotics-v2.1,0.18,ABSTAIN_FAIL_EXPOSURE,UNVALIDATED_QC_ABSTAIN,LAB-CONFIRM-81494,GC-MS (Gas Chromatography-Mass Spectrometry),Procaine / Benzocaine (Local Anesthetic),0.0,N/A (Inert Sample),ABSTAINED_NO_PREDICTION,INDEPENDENT_HELD_OUT_TEST_SET
FS-2026-01496,2026-08-02T19:17:00Z,OP-FORENSIC-105,Border_Control_Post_3,Pressed Tablet (Crushed),Mecke Reagent (Selenious Acid/Sulfuric Acid),LOT-2026-MECK-215,564,26.3,PASS,1.572,94.08,0.03,5.76,93.95,1.13,6.68,91.93,0.77,6.37,91.74,1.11,6.06,2.595,0.0433,FieldSure-Narcotics-v2.1,0.985,NEG_NO_REACTION,VALIDATED_LAB_CONFIRMED,LAB-CONFIRM-81495,GC-MS (Gas Chromatography-Mass Spectrometry),LSD (Lysergic Acid Diethylamide),18.38,Levamisole (8.2%),TRUE_POSITIVE,INDEPENDENT_HELD_OUT_TEST_SET
FS-2026-01497,2026-08-02T19:42:00Z,OP-FORENSIC-111,Metropolitan_Task_Force,Crystalline Powder,Mandelin Reagent (Ammonium Vanadate/Sulfuric Acid),LOT-2026-MAND-119,2363,20.8,PASS,0.378,90.07,-1.32,5.85,89.9,-0.18,6.25,90.08,0.73,6.29,90.36,-0.0,6.82,1.664,0.0277,FieldSure-Narcotics-v2.1,0.93,NEG_NO_REACTION,VALIDATED_LAB_CONFIRMED,LAB-CONFIRM-81496,LC-MS/MS (Liquid Chromatography-Tandem Mass Spectrometry),Cocaine Hydrochloride,86.09,None (High Purity Grade),TRUE_POSITIVE,INDEPENDENT_HELD_OUT_TEST_SET
FS-2026-01498,2026-08-03T01:31:00Z,OP-FORENSIC-116,Metropolitan_Task_Force,Liquid Solution (Diluted),Ehrlich Reagent (p-DMAB/HCl),LOT-2026-EHRL-665,564,22.9,PASS,1.746,91.07,2.5,1.3,90.53,1.76,1.32,89.6,0.83,1.11,88.93,1.14,1.51,2.544,0.0424,FieldSure-Narcotics-v2.1,0.989,NEG_NO_REACTION,VALIDATED_LAB_CONFIRMED,LAB-CONFIRM-81497,LC-MS/MS (Liquid Chromatography-Tandem Mass Spectrometry),"3,4-MDMA (Ecstasy)",62.35,None (High Purity Grade),TRUE_POSITIVE,INDEPENDENT_HELD_OUT_TEST_SET
FS-2026-01499,2026-08-03T03:41:00Z,OP-FORENSIC-105,District_Lab_North,Off-White Powder,Mandelin Reagent (Ammonium Vanadate/Sulfuric Acid),LOT-2026-MAND-239,564,24.1,PASS,0.781,90.47,0.9,4.39,87.95,0.2,4.68,88.12,0.3,4.42,87.76,1.3,3.8,2.802,0.0467,FieldSure-Narcotics-v2.1,0.902,NEG_NO_REACTION,VALIDATED_LAB_CONFIRMED,LAB-CONFIRM-81498,LC-MS/MS (Liquid Chromatography-Tandem Mass Spectrometry),Delta-9-THC,41.01,Levamisole (8.2%),TRUE_POSITIVE,INDEPENDENT_HELD_OUT_TEST_SET
FS-2026-01500,2026-08-03T03:44:00Z,OP-FORENSIC-124,Customs_Evidence_Unit,Off-White Powder,Duquenois-Levine Reagent (Vanillin/Acetaldehyde),LOT-2026-DUQN-437,564,28.6,PASS,1.782,92.63,1.08,2.05,90.53,1.89,4.44,90.59,2.26,4.33,89.89,2.29,5.42,4.509,0.0752,FieldSure-Narcotics-v2.1,0.917,NEG_NO_REACTION,VALIDATED_LAB_CONFIRMED,LAB-CONFIRM-81499,GC-MS (Gas Chromatography-Mass Spectrometry),"3,4-MDMA (Ecstasy)",84.85,Caffeine (14.5%),TRUE_POSITIVE,INDEPENDENT_HELD_OUT_TEST_SET
FS-2026-01501,2026-08-03T06:20:00Z,OP-FORENSIC-121,Customs_Evidence_Unit,Liquid Solution (Diluted),Scott Reagent (Cobalt Thiocyanate Phase),LOT-2026-SCOT-992,564,27.8,FAIL_GLARE,8.968,88.18,1.69,1.55,,,,,,,,,,,,FieldSure-Narcotics-v2.1,0.089,ABSTAIN_FAIL_GLARE,UNVALIDATED_QC_ABSTAIN,LAB-CONFIRM-81500,GC-MS (Gas Chromatography-Mass Spectrometry),Methamphetamine HCl,86.88,Dimethylsulfone (18.4%),ABSTAINED_NO_PREDICTION,INDEPENDENT_HELD_OUT_TEST_SET
FS-2026-01502,2026-08-03T10:22:00Z,OP-FORENSIC-116,State_Forensic_Field_Team,Off-White Powder,Mecke Reagent (Selenious Acid/Sulfuric Acid),LOT-2026-MECK-861,2363,22.2,PASS,1.618,95.32,-0.24,2.9,94.39,0.85,4.5,92.53,0.12,5.85,92.45,0.42,5.85,4.168,0.0695,FieldSure-Narcotics-v2.1,0.933,NEG_NO_REACTION,VALIDATED_LAB_CONFIRMED,LAB-CONFIRM-81501,GC-MS (Gas Chromatography-Mass Spectrometry),Methamphetamine HCl,83.81,Caffeine (14.5%),TRUE_POSITIVE,INDEPENDENT_HELD_OUT_TEST_SET
FS-2026-01503,2026-08-03T12:22:00Z,OP-FORENSIC-102,Customs_Evidence_Unit,Liquid Solution (Diluted),Ehrlich Reagent (p-DMAB/HCl),LOT-2026-EHRL-873,564,22.5,FAIL_GEOMETRY,9.909,86.38,-0.7,3.68,,,,,,,,,,,,FieldSure-Narcotics-v2.1,0.093,ABSTAIN_FAIL_GEOMETRY,UNVALIDATED_QC_ABSTAIN,LAB-CONFIRM-81502,GC-MS (Gas Chromatography-Mass Spectrometry),Fentanyl HCl (Trace / Weak Response),15.32,Caffeine (14.5%),ABSTAINED_NO_PREDICTION,INDEPENDENT_HELD_OUT_TEST_SET
FS-2026-01504,2026-08-04T00:18:00Z,OP-FORENSIC-104,State_Forensic_Field_Team,Tar/Sticky Resin,Mecke Reagent (Selenious Acid/Sulfuric Acid),LOT-2026-MECK-396,2363,28.5,PASS,1.582,87.89,-0.72,3.33,86.26,-1.21,3.31,87.5,-1.47,4.94,85.69,0.28,5.37,3.163,0.0527,FieldSure-Narcotics-v2.1,0.933,NEG_NO_REACTION,VALIDATED_LAB_CONFIRMED,LAB-CONFIRM-81503,FTIR (Fourier Transform Infrared Spectroscopy),Delta-9-THC,52.06,Levamisole (8.2%),TRUE_POSITIVE,INDEPENDENT_HELD_OUT_TEST_SET
FS-2026-01505,2026-08-04T02:51:00Z,OP-FORENSIC-113,Border_Control_Post_3,Crystalline Powder,Marquis Reagent (Formaldehyde/Sulfuric Acid),LOT-2026-MARQ-101,564,23.0,FAIL_BLUR,12.263,93.34,-0.01,5.02,,,,,,,,,,,,FieldSure-Narcotics-v2.1,0.076,ABSTAIN_FAIL_BLUR,UNVALIDATED_QC_ABSTAIN,LAB-CONFIRM-81504,GC-MS (Gas Chromatography-Mass Spectrometry),Fentanyl HCl (Trace / Weak Response),11.47,Levamisole (8.2%),ABSTAINED_NO_PREDICTION,INDEPENDENT_HELD_OUT_TEST_SET
FS-2026-01506,2026-08-04T04:38:00Z,OP-FORENSIC-121,State_Forensic_Field_Team,Crystalline Powder,Scott Reagent (Cobalt Thiocyanate Phase),LOT-2026-SCOT-901,2363,20.7,PASS,1.334,91.35,-0.38,4.56,90.65,-1.51,5.75,90.43,0.53,6.14,89.93,-0.0,6.59,2.506,0.0418,FieldSure-Narcotics-v2.1,0.929,NEG_NO_REACTION,VALIDATED_LAB_CONFIRMED,LAB-CONFIRM-81505,GC-MS (Gas Chromatography-Mass Spectrometry),Heroin Hydrochloride,49.55,Lactose / Starch,TRUE_POSITIVE,INDEPENDENT_HELD_OUT_TEST_SET
FS-2026-01507,2026-08-04T06:02:00Z,OP-FORENSIC-116,District_Lab_North,Crystalline Powder,Mecke Reagent (Selenious Acid/Sulfuric Acid),LOT-2026-MECK-423,564,23.5,PASS,1.533,95.0,-0.07,3.05,95.19,0.14,3.97,93.79,1.2,4.38,93.82,0.74,4.08,1.763,0.0294,FieldSure-Narcotics-v2.1,0.901,NEG_NO_REACTION,VALIDATED_LAB_CONFIRMED,LAB-CONFIRM-81506,GC-MS (Gas Chromatography-Mass Spectrometry),Delta-9-THC,73.97,Phenacetin (11.0%),TRUE_POSITIVE,INDEPENDENT_HELD_OUT_TEST_SET
FS-2026-01508,2026-08-04T07:08:00Z,OP-FORENSIC-100,Customs_Evidence_Unit,Crystalline Powder,Mandelin Reagent (Ammonium Vanadate/Sulfuric Acid),LOT-2026-MAND-698,2363,23.4,PASS,1.264,88.57,1.31,3.09,88.24,1.26,3.96,87.86,0.36,3.54,88.11,0.25,4.7,1.982,0.033,FieldSure-Narcotics-v2.1,0.905,NEG_NO_REACTION,VALIDATED_LAB_CONFIRMED,LAB-CONFIRM-81507,LC-MS/MS (Liquid Chromatography-Tandem Mass Spectrometry),Fentanyl HCl (Trace / Weak Response),16.24,None (High Purity Grade),TRUE_POSITIVE,INDEPENDENT_HELD_OUT_TEST_SET
FS-2026-01509,2026-08-04T09:18:00Z,OP-FORENSIC-106,Border_Control_Post_3,Plant Matter Extract,Mecke Reagent (Selenious Acid/Sulfuric Acid),LOT-2026-MECK-463,7589,26.4,PASS,1.365,92.66,0.87,4.05,92.52,0.23,5.5,93.02,0.33,3.19,92.1,-0.1,4.51,1.211,0.0202,FieldSure-Narcotics-v2.1,0.979,NEG_NO_REACTION,VALIDATED_LAB_CONFIRMED,LAB-CONFIRM-81508,GC-MS (Gas Chromatography-Mass Spectrometry),LSD (Lysergic Acid Diethylamide),16.07,Levamisole (8.2%),TRUE_POSITIVE,INDEPENDENT_HELD_OUT_TEST_SET
FS-2026-01510,2026-08-04T17:42:00Z,OP-FORENSIC-108,Customs_Evidence_Unit,Crystalline Powder,Marquis Reagent (Formaldehyde/Sulfuric Acid),LOT-2026-MARQ-581,564,20.1,PASS,0.585,90.64,0.89,4.59,90.1,1.11,4.22,87.84,-0.2,5.41,86.95,0.84,5.04,3.718,0.062,FieldSure-Narcotics-v2.1,0.948,NEG_NO_REACTION,VALIDATED_LAB_CONFIRMED,LAB-CONFIRM-81509,LC-MS/MS (Liquid Chromatography-Tandem Mass Spectrometry),LSD (Lysergic Acid Diethylamide),37.45,Dimethylsulfone (18.4%),TRUE_POSITIVE,INDEPENDENT_HELD_OUT_TEST_SET
FS-2026-01511,2026-08-04T18:52:00Z,OP-FORENSIC-115,District_Lab_North,Tar/Sticky Resin,Simon's Reagent (Sodium Nitroprusside/Acetaldehyde),LOT-2026-SIMN-499,2363,21.0,PASS,1.367,92.61,2.39,2.79,92.22,3.01,3.01,93.01,3.3,5.45,91.62,3.3,4.82,2.435,0.0406,FieldSure-Narcotics-v2.1,0.919,NEG_NO_REACTION,VALIDATED_LAB_CONFIRMED,LAB-CONFIRM-81510,LC-MS/MS (Liquid Chromatography-Tandem Mass Spectrometry),Heroin Hydrochloride,63.49,Lactose / Starch,TRUE_POSITIVE,INDEPENDENT_HELD_OUT_TEST_SET
FS-2026-01512,2026-08-04T22:16:00Z,OP-FORENSIC-111,Metropolitan_Task_Force,Crystalline Powder,Ehrlich Reagent (p-DMAB/HCl),LOT-2026-EHRL-954,564,24.7,PASS,1.319,91.34,0.67,5.14,89.41,1.02,4.52,90.19,2.09,3.06,89.55,1.71,4.21,2.269,0.0378,FieldSure-Narcotics-v2.1,0.924,NEG_NO_REACTION,VALIDATED_LAB_CONFIRMED,LAB-CONFIRM-81511,GC-MS (Gas Chromatography-Mass Spectrometry),Delta-9-THC,30.06,Phenacetin (11.0%),TRUE_POSITIVE,INDEPENDENT_HELD_OUT_TEST_SET
FS-2026-01513,2026-08-04T23:29:00Z,OP-FORENSIC-119,Border_Control_Post_3,Pressed Tablet (Crushed),Mecke Reagent (Selenious Acid/Sulfuric Acid),LOT-2026-MECK-717,7589,25.1,PASS,1.42,89.43,-1.17,3.69,88.15,-0.72,4.36,86.49,-0.84,5.24,86.55,-0.84,5.0,3.181,0.053,FieldSure-Narcotics-v2.1,0.967,NEG_NO_REACTION,VALIDATED_LAB_CONFIRMED,LAB-CONFIRM-81512,GC-MS (Gas Chromatography-Mass Spectrometry),Fentanyl HCl (Trace / Weak Response),9.18,Lactose / Starch,TRUE_POSITIVE,INDEPENDENT_HELD_OUT_TEST_SET
FS-2026-01514,2026-08-05T03:44:00Z,OP-FORENSIC-116,Border_Control_Post_3,Pressed Tablet (Crushed),Mecke Reagent (Selenious Acid/Sulfuric Acid),LOT-2026-MECK-548,2363,23.3,PASS,1.59,90.98,1.0,2.51,90.32,1.97,3.61,88.81,0.65,3.06,89.2,-0.28,4.53,2.981,0.0497,FieldSure-Narcotics-v2.1,0.975,NEG_NO_REACTION,VALIDATED_LAB_CONFIRMED,LAB-CONFIRM-81513,LC-MS/MS (Liquid Chromatography-Tandem Mass Spectrometry),LSD (Lysergic Acid Diethylamide),25.27,Lactose / Starch,TRUE_POSITIVE,INDEPENDENT_HELD_OUT_TEST_SET
FS-2026-01515,2026-08-05T05:02:00Z,OP-FORENSIC-115,Metropolitan_Task_Force,Tar/Sticky Resin,Duquenois-Levine Reagent (Vanillin/Acetaldehyde),LOT-2026-DUQN-217,564,23.3,PASS,1.842,87.21,2.3,1.8,86.06,3.6,2.58,87.08,2.47,3.87,86.29,3.8,5.34,3.953,0.0659,FieldSure-Narcotics-v2.1,0.944,NEG_NO_REACTION,VALIDATED_LAB_CONFIRMED,LAB-CONFIRM-81514,GC-MS (Gas Chromatography-Mass Spectrometry),LSD (Lysergic Acid Diethylamide),26.07,Lactose / Starch,TRUE_POSITIVE,INDEPENDENT_HELD_OUT_TEST_SET
FS-2026-01516,2026-08-05T05:57:00Z,OP-FORENSIC-107,State_Forensic_Field_Team,Crystalline Powder,Ehrlich Reagent (p-DMAB/HCl),LOT-2026-EHRL-884,2363,18.3,PASS,1.037,86.05,1.47,5.36,86.61,0.04,6.45,86.79,1.1,5.32,85.86,0.46,5.58,1.051,0.0175,FieldSure-Narcotics-v2.1,0.981,NEG_NO_REACTION,VALIDATED_LAB_CONFIRMED,LAB-CONFIRM-81515,LC-MS/MS (Liquid Chromatography-Tandem Mass Spectrometry),Delta-9-THC,66.34,Dimethylsulfone (18.4%),TRUE_POSITIVE,INDEPENDENT_HELD_OUT_TEST_SET
FS-2026-01517,2026-08-05T06:02:00Z,OP-FORENSIC-100,Border_Control_Post_3,Pressed Tablet (Crushed),Ehrlich Reagent (p-DMAB/HCl),LOT-2026-EHRL-921,7589,18.9,PASS,0.461,88.68,-0.9,1.18,88.76,-1.26,1.68,88.51,-0.62,0.84,88.88,-0.26,1.24,0.673,0.0112,FieldSure-Narcotics-v2.1,0.911,NEG_NO_REACTION,VALIDATED_LAB_CONFIRMED,LAB-CONFIRM-81516,FTIR (Fourier Transform Infrared Spectroscopy),Delta-9-THC,54.67,None (High Purity Grade),TRUE_POSITIVE,INDEPENDENT_HELD_OUT_TEST_SET
FS-2026-01518,2026-08-05T08:46:00Z,OP-FORENSIC-104,Metropolitan_Task_Force,Pressed Tablet (Crushed),Mecke Reagent (Selenious Acid/Sulfuric Acid),LOT-2026-MECK-178,2363,25.3,PASS,0.771,88.15,2.43,2.24,85.95,2.12,1.83,87.82,0.84,3.26,87.43,1.84,4.16,2.134,0.0356,FieldSure-Narcotics-v2.1,0.93,NEG_NO_REACTION,VALIDATED_LAB_CONFIRMED,LAB-CONFIRM-81517,GC-MS (Gas Chromatography-Mass Spectrometry),Inert Cutting Agent (Lactose/Caffeine),0.0,N/A (Inert Sample),TRUE_NEGATIVE,INDEPENDENT_HELD_OUT_TEST_SET
FS-2026-01519,2026-08-05T13:05:00Z,OP-FORENSIC-114,Metropolitan_Task_Force,Crystalline Powder,Scott Reagent (Cobalt Thiocyanate Phase),LOT-2026-SCOT-206,2363,28.6,PASS,1.816,95.92,-0.8,5.86,94.71,-2.39,6.75,92.74,-1.99,5.25,93.51,-2.17,6.21,2.794,0.0466,FieldSure-Narcotics-v2.1,0.93,NEG_NO_REACTION,VALIDATED_LAB_CONFIRMED,LAB-CONFIRM-81518,GC-MS (Gas Chromatography-Mass Spectrometry),Delta-9-THC,54.82,None (High Purity Grade),TRUE_POSITIVE,INDEPENDENT_HELD_OUT_TEST_SET
FS-2026-01520,2026-08-05T15:37:00Z,OP-FORENSIC-111,District_Lab_North,Pressed Tablet (Crushed),Marquis Reagent (Formaldehyde/Sulfuric Acid),LOT-2026-MARQ-428,2363,17.3,PASS,0.545,90.28,0.02,1.42,90.03,0.94,2.45,89.08,0.78,1.8,89.41,1.09,1.85,1.445,0.0241,FieldSure-Narcotics-v2.1,0.896,NEG_NO_REACTION,VALIDATED_LAB_CONFIRMED,LAB-CONFIRM-81519,FTIR (Fourier Transform Infrared Spectroscopy),Cocaine Hydrochloride,91.96,Lactose / Starch,TRUE_POSITIVE,INDEPENDENT_HELD_OUT_TEST_SET
FS-2026-01521,2026-08-05T16:20:00Z,OP-FORENSIC-112,Border_Control_Post_3,Crystalline Powder,Ehrlich Reagent (p-DMAB/HCl),LOT-2026-EHRL-448,2363,20.4,PASS,0.489,93.02,1.48,1.49,93.84,1.65,0.84,93.55,1.5,3.51,92.67,0.08,3.25,2.276,0.0379,FieldSure-Narcotics-v2.1,0.926,NEG_NO_REACTION,VALIDATED_LAB_CONFIRMED,LAB-CONFIRM-81520,GC-MS (Gas Chromatography-Mass Spectrometry),Delta-9-THC,67.08,Caffeine (14.5%),TRUE_POSITIVE,INDEPENDENT_HELD_OUT_TEST_SET
FS-2026-01522,2026-08-05T18:54:00Z,OP-FORENSIC-105,State_Forensic_Field_Team,Pressed Tablet (Crushed),Simon's Reagent (Sodium Nitroprusside/Acetaldehyde),LOT-2026-SIMN-261,2363,20.2,PASS,0.852,88.64,0.9,4.67,87.63,1.33,5.58,87.74,0.3,5.07,87.03,0.41,6.07,2.189,0.0365,FieldSure-Narcotics-v2.1,0.964,NEG_NO_REACTION,VALIDATED_LAB_CONFIRMED,LAB-CONFIRM-81521,FTIR (Fourier Transform Infrared Spectroscopy),Inert Cutting Agent (Lactose/Caffeine),0.0,N/A (Inert Sample),TRUE_NEGATIVE,INDEPENDENT_HELD_OUT_TEST_SET
FS-2026-01523,2026-08-05T20:17:00Z,OP-FORENSIC-106,Customs_Evidence_Unit,Pressed Tablet (Crushed),Mecke Reagent (Selenious Acid/Sulfuric Acid),LOT-2026-MECK-434,2363,22.4,PASS,1.839,93.7,-0.45,4.77,91.59,-1.4,5.04,89.92,-1.19,4.04,89.62,-0.47,3.77,4.201,0.07,FieldSure-Narcotics-v2.1,0.928,NEG_NO_REACTION,VALIDATED_LAB_CONFIRMED,LAB-CONFIRM-81522,GC-MS (Gas Chromatography-Mass Spectrometry),Cocaine Hydrochloride,74.38,None (High Purity Grade),TRUE_POSITIVE,INDEPENDENT_HELD_OUT_TEST_SET
FS-2026-01524,2026-08-06T00:41:00Z,OP-FORENSIC-117,Border_Control_Post_3,Crystalline Powder,Mecke Reagent (Selenious Acid/Sulfuric Acid),LOT-2026-MECK-139,564,29.1,PASS,1.325,95.41,0.2,4.83,93.46,0.28,5.32,92.79,1.32,5.79,91.76,1.48,5.64,3.952,0.0659,FieldSure-Narcotics-v2.1,0.969,NEG_NO_REACTION,VALIDATED_LAB_CONFIRMED,LAB-CONFIRM-81523,LC-MS/MS (Liquid Chromatography-Tandem Mass Spectrometry),"3,4-MDMA (Ecstasy)",87.82,Dimethylsulfone (18.4%),TRUE_POSITIVE,INDEPENDENT_HELD_OUT_TEST_SET
FS-2026-01525,2026-08-06T02:43:00Z,OP-FORENSIC-102,Border_Control_Post_3,Crystalline Powder,Mecke Reagent (Selenious Acid/Sulfuric Acid),LOT-2026-MECK-714,7589,20.5,PASS,0.361,89.66,-0.77,1.12,88.88,-1.55,1.73,89.16,-0.49,4.36,89.88,0.65,3.56,2.832,0.0472,FieldSure-Narcotics-v2.1,0.946,NEG_NO_REACTION,VALIDATED_LAB_CONFIRMED,LAB-CONFIRM-81524,LC-MS/MS (Liquid Chromatography-Tandem Mass Spectrometry),"3,4-MDMA (Ecstasy)",61.53,Levamisole (8.2%),TRUE_POSITIVE,INDEPENDENT_HELD_OUT_TEST_SET
FS-2026-01526,2026-08-06T06:21:00Z,OP-FORENSIC-119,Border_Control_Post_3,Pressed Tablet (Crushed),Mandelin Reagent (Ammonium Vanadate/Sulfuric Acid),LOT-2026-MAND-978,2363,19.4,PASS,1.248,90.14,0.23,5.69,89.19,1.05,8.02,87.73,2.14,7.1,87.79,0.35,7.08,2.733,0.0456,FieldSure-Narcotics-v2.1,0.97,NEG_NO_REACTION,VALIDATED_LAB_CONFIRMED,LAB-CONFIRM-81525,FTIR (Fourier Transform Infrared Spectroscopy),Heroin Hydrochloride,40.46,None (High Purity Grade),TRUE_POSITIVE,INDEPENDENT_HELD_OUT_TEST_SET
FS-2026-01527,2026-08-06T08:21:00Z,OP-FORENSIC-106,Customs_Evidence_Unit,Pressed Tablet (Crushed),Scott Reagent (Cobalt Thiocyanate Phase),LOT-2026-SCOT-464,564,19.5,PASS,1.81,86.18,1.59,5.77,86.44,2.56,5.45,86.13,2.0,5.99,86.04,2.77,6.64,1.473,0.0246,FieldSure-Narcotics-v2.1,0.962,NEG_NO_REACTION,VALIDATED_LAB_CONFIRMED,LAB-CONFIRM-81526,GC-MS (Gas Chromatography-Mass Spectrometry),Delta-9-THC,42.78,Caffeine (14.5%),TRUE_POSITIVE,INDEPENDENT_HELD_OUT_TEST_SET
FS-2026-01528,2026-08-06T11:31:00Z,OP-FORENSIC-102,District_Lab_North,Off-White Powder,Scott Reagent (Cobalt Thiocyanate Phase),LOT-2026-SCOT-639,564,27.3,PASS,0.444,88.43,-1.24,2.31,88.57,-0.89,2.29,86.65,-1.75,2.78,86.66,-0.6,1.27,2.15,0.0358,FieldSure-Narcotics-v2.1,0.911,NEG_NO_REACTION,VALIDATED_LAB_CONFIRMED,LAB-CONFIRM-81527,FTIR (Fourier Transform Infrared Spectroscopy),Heroin Hydrochloride,57.02,Dimethylsulfone (18.4%),TRUE_POSITIVE,INDEPENDENT_HELD_OUT_TEST_SET
FS-2026-01529,2026-08-06T12:38:00Z,OP-FORENSIC-108,Customs_Evidence_Unit,Pressed Tablet (Crushed),Marquis Reagent (Formaldehyde/Sulfuric Acid),LOT-2026-MARQ-314,2363,26.0,PASS,1.637,93.05,0.07,3.76,68.87,-10.73,9.57,50.82,-20.58,10.19,41.08,-25.87,12.04,58.671,0.9778,FieldSure-Narcotics-v2.1,0.962,POS_MDMA,VALIDATED_LAB_CONFIRMED,LAB-CONFIRM-81528,GC-MS (Gas Chromatography-Mass Spectrometry),"3,4-MDMA (Ecstasy)",83.15,None (High Purity Grade),TRUE_POSITIVE,INDEPENDENT_HELD_OUT_TEST_SET
FS-2026-01530,2026-08-06T15:25:00Z,OP-FORENSIC-118,State_Forensic_Field_Team,Crystalline Powder,Duquenois-Levine Reagent (Vanillin/Acetaldehyde),LOT-2026-DUQN-610,564,30.7,PASS,1.217,87.72,0.06,1.67,73.31,11.1,8.62,62.22,19.64,13.86,56.8,25.06,16.11,42.303,0.705,FieldSure-Narcotics-v2.1,0.955,POS_CANNABINOID_THC,VALIDATED_LAB_CONFIRMED,LAB-CONFIRM-81529,LC-MS/MS (Liquid Chromatography-Tandem Mass Spectrometry),Delta-9-THC,47.36,Dimethylsulfone (18.4%),TRUE_POSITIVE,INDEPENDENT_HELD_OUT_TEST_SET
FS-2026-01531,2026-08-06T15:25:00Z,OP-FORENSIC-110,State_Forensic_Field_Team,Off-White Powder,Marquis Reagent (Formaldehyde/Sulfuric Acid),LOT-2026-MARQ-375,2363,21.1,PASS,1.316,91.05,-1.37,3.89,89.16,-1.39,5.15,89.04,-1.12,3.8,88.98,-0.44,4.04,2.274,0.0379,FieldSure-Narcotics-v2.1,0.909,NEG_NO_REACTION,VALIDATED_LAB_CONFIRMED,LAB-CONFIRM-81530,GC-MS (Gas Chromatography-Mass Spectrometry),Delta-9-THC,58.35,Phenacetin (11.0%),TRUE_POSITIVE,INDEPENDENT_HELD_OUT_TEST_SET
FS-2026-01532,2026-08-06T17:03:00Z,OP-FORENSIC-102,Border_Control_Post_3,Crystalline Powder,Duquenois-Levine Reagent (Vanillin/Acetaldehyde),LOT-2026-DUQN-508,564,21.6,PASS,1.657,92.67,1.13,4.12,92.01,0.76,2.2,91.18,0.64,4.26,90.31,1.37,4.14,2.372,0.0395,FieldSure-Narcotics-v2.1,0.943,NEG_NO_REACTION,VALIDATED_LAB_CONFIRMED,LAB-CONFIRM-81531,GC-MS (Gas Chromatography-Mass Spectrometry),Heroin Hydrochloride,57.26,Levamisole (8.2%),TRUE_POSITIVE,INDEPENDENT_HELD_OUT_TEST_SET
FS-2026-01533,2026-08-06T19:25:00Z,OP-FORENSIC-118,State_Forensic_Field_Team,Paper Blotter Segment,Mecke Reagent (Selenious Acid/Sulfuric Acid),LOT-2026-MECK-270,564,17.4,PASS,1.727,93.98,0.86,2.78,94.84,1.53,2.42,94.02,1.63,2.11,94.01,2.01,3.12,1.2,0.02,FieldSure-Narcotics-v2.1,0.963,NEG_NO_REACTION,VALIDATED_LAB_CONFIRMED,LAB-CONFIRM-81532,GC-MS (Gas Chromatography-Mass Spectrometry),LSD (Lysergic Acid Diethylamide),44.0,None (High Purity Grade),TRUE_POSITIVE,INDEPENDENT_HELD_OUT_TEST_SET
FS-2026-01534,2026-08-07T00:24:00Z,OP-FORENSIC-102,Metropolitan_Task_Force,Off-White Powder,Duquenois-Levine Reagent (Vanillin/Acetaldehyde),LOT-2026-DUQN-787,7589,20.4,PASS,1.414,93.88,2.4,4.9,93.15,1.79,4.09,93.85,1.11,3.66,94.32,1.24,5.35,1.32,0.022,FieldSure-Narcotics-v2.1,0.933,NEG_NO_REACTION,VALIDATED_LAB_CONFIRMED,LAB-CONFIRM-81533,GC-MS (Gas Chromatography-Mass Spectrometry),"3,4-MDMA (Ecstasy)",59.14,Phenacetin (11.0%),TRUE_POSITIVE,INDEPENDENT_HELD_OUT_TEST_SET
FS-2026-01535,2026-08-07T00:35:00Z,OP-FORENSIC-109,District_Lab_North,Crystalline Powder,Ehrlich Reagent (p-DMAB/HCl),LOT-2026-EHRL-270,564,19.5,PASS,0.88,91.48,2.08,3.48,88.75,2.91,4.23,87.39,1.33,5.35,88.14,2.61,4.43,3.513,0.0586,FieldSure-Narcotics-v2.1,0.97,NEG_NO_REACTION,VALIDATED_LAB_CONFIRMED,LAB-CONFIRM-81534,GC-MS (Gas Chromatography-Mass Spectrometry),"3,4-MDMA (Ecstasy)",63.23,Phenacetin (11.0%),TRUE_POSITIVE,INDEPENDENT_HELD_OUT_TEST_SET
FS-2026-01536,2026-08-07T00:46:00Z,OP-FORENSIC-111,Border_Control_Post_3,Liquid Solution (Diluted),Simon's Reagent (Sodium Nitroprusside/Acetaldehyde),LOT-2026-SIMN-661,7589,23.0,PASS,1.231,94.7,-0.57,3.04,95.9,-1.09,3.08,94.19,-1.18,3.38,94.38,-1.25,4.98,2.08,0.0347,FieldSure-Narcotics-v2.1,0.934,NEG_NO_REACTION,VALIDATED_LAB_CONFIRMED,LAB-CONFIRM-81535,LC-MS/MS (Liquid Chromatography-Tandem Mass Spectrometry),LSD (Lysergic Acid Diethylamide),46.85,Phenacetin (11.0%),TRUE_POSITIVE,INDEPENDENT_HELD_OUT_TEST_SET
FS-2026-01537,2026-08-07T02:40:00Z,OP-FORENSIC-110,State_Forensic_Field_Team,Crystalline Powder,Mecke Reagent (Selenious Acid/Sulfuric Acid),LOT-2026-MECK-978,564,23.2,PASS,0.414,88.13,0.56,3.21,88.35,-0.51,4.17,87.37,-0.34,4.57,88.11,-1.1,6.16,3.385,0.0564,FieldSure-Narcotics-v2.1,0.917,NEG_NO_REACTION,VALIDATED_LAB_CONFIRMED,LAB-CONFIRM-81536,GC-MS (Gas Chromatography-Mass Spectrometry),Cocaine Hydrochloride,86.7,Phenacetin (11.0%),TRUE_POSITIVE,INDEPENDENT_HELD_OUT_TEST_SET
FS-2026-01538,2026-08-07T07:32:00Z,OP-FORENSIC-104,Customs_Evidence_Unit,Crystalline Powder,Ehrlich Reagent (p-DMAB/HCl),LOT-2026-EHRL-731,2363,27.8,FAIL_GLARE,4.599,87.01,-1.31,1.17,,,,,,,,,,,,FieldSure-Narcotics-v2.1,0.139,ABSTAIN_FAIL_GLARE,UNVALIDATED_QC_ABSTAIN,LAB-CONFIRM-81537,GC-MS (Gas Chromatography-Mass Spectrometry),Delta-9-THC,38.7,Levamisole (8.2%),ABSTAINED_NO_PREDICTION,INDEPENDENT_HELD_OUT_TEST_SET
FS-2026-01539,2026-08-07T11:00:00Z,OP-FORENSIC-122,Customs_Evidence_Unit,Paper Blotter Segment,Duquenois-Levine Reagent (Vanillin/Acetaldehyde),LOT-2026-DUQN-707,2363,21.3,PASS,0.705,95.51,0.56,2.61,93.76,-1.55,2.99,93.93,1.64,3.01,93.21,1.43,3.88,2.768,0.0461,FieldSure-Narcotics-v2.1,0.991,NEG_NO_REACTION,VALIDATED_LAB_CONFIRMED,LAB-CONFIRM-81538,LC-MS/MS (Liquid Chromatography-Tandem Mass Spectrometry),Fentanyl HCl (Trace / Weak Response),15.02,Levamisole (8.2%),TRUE_POSITIVE,INDEPENDENT_HELD_OUT_TEST_SET
FS-2026-01540,2026-08-07T14:21:00Z,OP-FORENSIC-122,Metropolitan_Task_Force,Off-White Powder,Ehrlich Reagent (p-DMAB/HCl),LOT-2026-EHRL-149,564,20.3,PASS,0.74,92.15,-1.26,5.42,91.52,-1.7,5.45,90.67,-1.2,7.21,90.08,-1.31,6.63,2.398,0.04,FieldSure-Narcotics-v2.1,0.961,NEG_NO_REACTION,VALIDATED_LAB_CONFIRMED,LAB-CONFIRM-81539,LC-MS/MS (Liquid Chromatography-Tandem Mass Spectrometry),Procaine / Benzocaine (Local Anesthetic),0.0,N/A (Inert Sample),TRUE_NEGATIVE,INDEPENDENT_HELD_OUT_TEST_SET
FS-2026-01541,2026-08-07T16:05:00Z,OP-FORENSIC-115,State_Forensic_Field_Team,Crystalline Powder,Simon's Reagent (Sodium Nitroprusside/Acetaldehyde),LOT-2026-SIMN-819,564,20.3,PASS,0.61,87.2,1.47,1.51,86.57,3.57,0.97,86.14,1.08,2.74,86.33,2.09,3.37,2.145,0.0357,FieldSure-Narcotics-v2.1,0.959,NEG_NO_REACTION,VALIDATED_LAB_CONFIRMED,LAB-CONFIRM-81540,GC-MS (Gas Chromatography-Mass Spectrometry),LSD (Lysergic Acid Diethylamide),48.26,Lactose / Starch,TRUE_POSITIVE,INDEPENDENT_HELD_OUT_TEST_SET
FS-2026-01542,2026-08-07T18:45:00Z,OP-FORENSIC-104,Customs_Evidence_Unit,Tar/Sticky Resin,Scott Reagent (Cobalt Thiocyanate Phase),LOT-2026-SCOT-476,2363,16.1,PASS,1.524,88.77,-1.33,1.76,87.13,-1.13,1.16,86.95,-0.61,2.8,86.01,-0.43,2.37,2.966,0.0494,FieldSure-Narcotics-v2.1,0.942,NEG_NO_REACTION,VALIDATED_LAB_CONFIRMED,LAB-CONFIRM-81541,FTIR (Fourier Transform Infrared Spectroscopy),"3,4-MDMA (Ecstasy)",54.15,Caffeine (14.5%),TRUE_POSITIVE,INDEPENDENT_HELD_OUT_TEST_SET
FS-2026-01543,2026-08-07T21:18:00Z,OP-FORENSIC-116,Metropolitan_Task_Force,Off-White Powder,Mandelin Reagent (Ammonium Vanadate/Sulfuric Acid),LOT-2026-MAND-512,564,22.5,PASS,1.236,86.36,-0.54,2.59,85.42,1.1,5.54,86.44,-0.37,5.1,86.25,0.26,5.93,3.436,0.0573,FieldSure-Narcotics-v2.1,0.921,NEG_NO_REACTION,VALIDATED_LAB_CONFIRMED,LAB-CONFIRM-81542,GC-MS (Gas Chromatography-Mass Spectrometry),Heroin Hydrochloride,69.89,Phenacetin (11.0%),TRUE_POSITIVE,INDEPENDENT_HELD_OUT_TEST_SET
FS-2026-01544,2026-08-08T03:42:00Z,OP-FORENSIC-109,Metropolitan_Task_Force,Crystalline Powder,Mecke Reagent (Selenious Acid/Sulfuric Acid),LOT-2026-MECK-679,2363,26.2,PASS,1.425,89.49,2.33,5.95,86.64,3.35,6.83,87.26,2.49,5.97,87.04,3.86,5.02,3.035,0.0506,FieldSure-Narcotics-v2.1,0.895,NEG_NO_REACTION,VALIDATED_LAB_CONFIRMED,LAB-CONFIRM-81543,GC-MS (Gas Chromatography-Mass Spectrometry),"3,4-MDMA (Ecstasy)",70.37,Caffeine (14.5%),TRUE_POSITIVE,INDEPENDENT_HELD_OUT_TEST_SET
FS-2026-01545,2026-08-08T03:57:00Z,OP-FORENSIC-121,Customs_Evidence_Unit,Pressed Tablet (Crushed),Ehrlich Reagent (p-DMAB/HCl),LOT-2026-EHRL-663,2363,24.7,PASS,0.7,87.75,-0.17,3.86,86.6,0.95,4.15,87.83,0.19,5.03,86.94,-0.46,6.47,2.748,0.0458,FieldSure-Narcotics-v2.1,0.962,NEG_NO_REACTION,VALIDATED_LAB_CONFIRMED,LAB-CONFIRM-81544,GC-MS (Gas Chromatography-Mass Spectrometry),Methamphetamine HCl,88.01,Phenacetin (11.0%),TRUE_POSITIVE,INDEPENDENT_HELD_OUT_TEST_SET
FS-2026-01546,2026-08-08T07:35:00Z,OP-FORENSIC-116,State_Forensic_Field_Team,Pressed Tablet (Crushed),Duquenois-Levine Reagent (Vanillin/Acetaldehyde),LOT-2026-DUQN-308,564,27.0,PASS,0.564,93.64,1.73,1.17,94.05,1.81,-0.2,92.44,2.5,0.93,92.58,2.48,0.95,1.317,0.022,FieldSure-Narcotics-v2.1,0.978,NEG_NO_REACTION,VALIDATED_LAB_CONFIRMED,LAB-CONFIRM-81545,GC-MS (Gas Chromatography-Mass Spectrometry),Cocaine Hydrochloride,74.57,Caffeine (14.5%),TRUE_POSITIVE,INDEPENDENT_HELD_OUT_TEST_SET
FS-2026-01547,2026-08-08T07:39:00Z,OP-FORENSIC-118,District_Lab_North,Crystalline Powder,Scott Reagent (Cobalt Thiocyanate Phase),LOT-2026-SCOT-574,564,19.2,PASS,1.485,90.03,1.64,2.25,90.01,1.16,2.36,90.61,1.56,3.51,90.84,2.63,1.53,1.468,0.0245,FieldSure-Narcotics-v2.1,0.925,NEG_NO_REACTION,VALIDATED_LAB_CONFIRMED,LAB-CONFIRM-81546,GC-MS (Gas Chromatography-Mass Spectrometry),Fentanyl HCl (Trace / Weak Response),8.14,None (High Purity Grade),TRUE_POSITIVE,INDEPENDENT_HELD_OUT_TEST_SET
FS-2026-01548,2026-08-08T08:23:00Z,OP-FORENSIC-108,District_Lab_North,Crystalline Powder,Ehrlich Reagent (p-DMAB/HCl),LOT-2026-EHRL-847,2363,22.5,FAIL_BLUR,5.001,91.37,1.12,3.86,,,,,,,,,,,,FieldSure-Narcotics-v2.1,0.218,ABSTAIN_FAIL_BLUR,UNVALIDATED_QC_ABSTAIN,LAB-CONFIRM-81547,GC-MS (Gas Chromatography-Mass Spectrometry),Heroin Hydrochloride,52.48,Lactose / Starch,ABSTAINED_NO_PREDICTION,INDEPENDENT_HELD_OUT_TEST_SET
FS-2026-01549,2026-08-08T11:00:00Z,OP-FORENSIC-119,State_Forensic_Field_Team,Crystalline Powder,Mandelin Reagent (Ammonium Vanadate/Sulfuric Acid),LOT-2026-MAND-767,564,20.7,PASS,0.889,93.44,2.34,5.47,93.62,1.13,6.3,92.38,1.37,5.52,90.85,0.74,5.97,3.085,0.0514,FieldSure-Narcotics-v2.1,0.965,NEG_NO_REACTION,VALIDATED_LAB_CONFIRMED,LAB-CONFIRM-81548,LC-MS/MS (Liquid Chromatography-Tandem Mass Spectrometry),Delta-9-THC,42.79,Caffeine (14.5%),TRUE_POSITIVE,INDEPENDENT_HELD_OUT_TEST_SET
FS-2026-01550,2026-08-08T13:39:00Z,OP-FORENSIC-107,Border_Control_Post_3,Pressed Tablet (Crushed),Duquenois-Levine Reagent (Vanillin/Acetaldehyde),LOT-2026-DUQN-890,564,17.0,PASS,1.668,90.77,0.13,2.46,89.84,-1.57,4.79,89.98,-2.7,3.89,89.91,-1.74,4.62,2.984,0.0497,FieldSure-Narcotics-v2.1,0.977,NEG_NO_REACTION,VALIDATED_LAB_CONFIRMED,LAB-CONFIRM-81549,GC-MS (Gas Chromatography-Mass Spectrometry),Cocaine Hydrochloride,74.68,Levamisole (8.2%),TRUE_POSITIVE,INDEPENDENT_HELD_OUT_TEST_SET
FS-2026-01551,2026-08-08T13:43:00Z,OP-FORENSIC-108,Customs_Evidence_Unit,Off-White Powder,Mecke Reagent (Selenious Acid/Sulfuric Acid),LOT-2026-MECK-621,564,19.0,PASS,1.446,90.65,-1.31,2.11,90.21,-0.31,1.69,89.64,-2.26,4.28,89.52,-0.46,4.32,2.624,0.0437,FieldSure-Narcotics-v2.1,0.91,NEG_NO_REACTION,VALIDATED_LAB_CONFIRMED,LAB-CONFIRM-81550,GC-MS (Gas Chromatography-Mass Spectrometry),Fentanyl HCl (Trace / Weak Response),5.51,Phenacetin (11.0%),TRUE_POSITIVE,INDEPENDENT_HELD_OUT_TEST_SET
FS-2026-01552,2026-08-08T13:50:00Z,OP-FORENSIC-110,Border_Control_Post_3,Pressed Tablet (Crushed),Duquenois-Levine Reagent (Vanillin/Acetaldehyde),LOT-2026-DUQN-988,2363,28.4,FAIL_EXPOSURE,4.527,86.57,-1.42,3.26,,,,,,,,,,,,FieldSure-Narcotics-v2.1,0.099,ABSTAIN_FAIL_EXPOSURE,UNVALIDATED_QC_ABSTAIN,LAB-CONFIRM-81551,LC-MS/MS (Liquid Chromatography-Tandem Mass Spectrometry),"3,4-MDMA (Ecstasy)",77.3,Phenacetin (11.0%),ABSTAINED_NO_PREDICTION,INDEPENDENT_HELD_OUT_TEST_SET
FS-2026-01553,2026-08-08T14:46:00Z,OP-FORENSIC-115,Customs_Evidence_Unit,Pressed Tablet (Crushed),Scott Reagent (Cobalt Thiocyanate Phase),LOT-2026-SCOT-126,564,26.8,PASS,0.806,93.35,0.29,5.91,92.13,-0.36,6.99,92.07,-0.43,4.81,92.57,-1.02,4.38,2.16,0.036,FieldSure-Narcotics-v2.1,0.985,NEG_NO_REACTION,VALIDATED_LAB_CONFIRMED,LAB-CONFIRM-81552,GC-MS (Gas Chromatography-Mass Spectrometry),LSD (Lysergic Acid Diethylamide),53.76,None (High Purity Grade),TRUE_POSITIVE,INDEPENDENT_HELD_OUT_TEST_SET
FS-2026-01554,2026-08-08T17:14:00Z,OP-FORENSIC-124,State_Forensic_Field_Team,Crystalline Powder,Simon's Reagent (Sodium Nitroprusside/Acetaldehyde),LOT-2026-SIMN-830,2363,27.4,PASS,1.014,86.07,-0.6,3.44,84.83,-0.4,3.33,81.64,-1.17,4.04,82.22,-0.49,4.53,4.003,0.0667,FieldSure-Narcotics-v2.1,0.931,NEG_NO_REACTION,VALIDATED_LAB_CONFIRMED,LAB-CONFIRM-81553,GC-MS (Gas Chromatography-Mass Spectrometry),Fentanyl HCl (Trace / Weak Response),15.34,Dimethylsulfone (18.4%),TRUE_POSITIVE,INDEPENDENT_HELD_OUT_TEST_SET
FS-2026-01555,2026-08-08T18:17:00Z,OP-FORENSIC-105,Metropolitan_Task_Force,Off-White Powder,Scott Reagent (Cobalt Thiocyanate Phase),LOT-2026-SCOT-957,2363,22.6,PASS,0.536,87.51,-1.11,3.89,86.89,-2.31,4.88,85.42,-2.14,3.78,85.12,-2.14,3.16,2.703,0.045,FieldSure-Narcotics-v2.1,0.893,NEG_NO_REACTION,VALIDATED_LAB_CONFIRMED,LAB-CONFIRM-81554,GC-MS (Gas Chromatography-Mass Spectrometry),Fentanyl HCl (Trace / Weak Response),7.03,Phenacetin (11.0%),TRUE_POSITIVE,INDEPENDENT_HELD_OUT_TEST_SET
FS-2026-01556,2026-08-08T23:04:00Z,OP-FORENSIC-119,Customs_Evidence_Unit,Crystalline Powder,Marquis Reagent (Formaldehyde/Sulfuric Acid),LOT-2026-MARQ-520,2363,26.5,PASS,1.107,86.22,2.46,1.38,85.82,2.29,1.39,84.46,2.36,2.94,84.29,3.86,2.99,2.877,0.048,FieldSure-Narcotics-v2.1,0.901,NEG_NO_REACTION,VALIDATED_LAB_CONFIRMED,LAB-CONFIRM-81555,FTIR (Fourier Transform Infrared Spectroscopy),LSD (Lysergic Acid Diethylamide),51.71,Phenacetin (11.0%),TRUE_POSITIVE,INDEPENDENT_HELD_OUT_TEST_SET
FS-2026-01557,2026-08-09T05:51:00Z,OP-FORENSIC-113,District_Lab_North,Crystalline Powder,Simon's Reagent (Sodium Nitroprusside/Acetaldehyde),LOT-2026-SIMN-320,564,20.6,PASS,0.558,92.44,-0.68,1.43,91.22,-1.34,2.04,92.94,0.57,1.05,91.31,-0.3,1.85,1.264,0.0211,FieldSure-Narcotics-v2.1,0.995,NEG_NO_REACTION,VALIDATED_LAB_CONFIRMED,LAB-CONFIRM-81556,GC-MS (Gas Chromatography-Mass Spectrometry),LSD (Lysergic Acid Diethylamide),19.71,Levamisole (8.2%),TRUE_POSITIVE,INDEPENDENT_HELD_OUT_TEST_SET
FS-2026-01558,2026-08-09T05:52:00Z,OP-FORENSIC-116,District_Lab_North,Pressed Tablet (Crushed),Ehrlich Reagent (p-DMAB/HCl),LOT-2026-EHRL-829,564,21.6,PASS,0.744,93.24,1.3,2.0,91.53,2.11,3.44,92.19,2.63,3.5,91.32,1.67,3.73,2.611,0.0435,FieldSure-Narcotics-v2.1,0.973,NEG_NO_REACTION,VALIDATED_LAB_CONFIRMED,LAB-CONFIRM-81557,LC-MS/MS (Liquid Chromatography-Tandem Mass Spectrometry),Fentanyl HCl (Trace / Weak Response),10.75,Phenacetin (11.0%),TRUE_POSITIVE,INDEPENDENT_HELD_OUT_TEST_SET
FS-2026-01559,2026-08-09T08:32:00Z,OP-FORENSIC-113,State_Forensic_Field_Team,Tar/Sticky Resin,Mandelin Reagent (Ammonium Vanadate/Sulfuric Acid),LOT-2026-MAND-594,2363,23.6,FAIL_BLUR,10.446,93.62,2.5,2.21,,,,,,,,,,,,FieldSure-Narcotics-v2.1,0.03,ABSTAIN_FAIL_BLUR,UNVALIDATED_QC_ABSTAIN,LAB-CONFIRM-81558,LC-MS/MS (Liquid Chromatography-Tandem Mass Spectrometry),Methamphetamine HCl,65.79,Caffeine (14.5%),ABSTAINED_NO_PREDICTION,INDEPENDENT_HELD_OUT_TEST_SET
FS-2026-01560,2026-08-09T15:32:00Z,OP-FORENSIC-118,Border_Control_Post_3,Crystalline Powder,Simon's Reagent (Sodium Nitroprusside/Acetaldehyde),LOT-2026-SIMN-569,564,26.3,PASS,0.712,95.09,0.06,1.55,91.7,-0.16,1.43,92.48,-1.23,2.11,92.85,-0.64,1.8,2.36,0.0393,FieldSure-Narcotics-v2.1,0.895,NEG_NO_REACTION,VALIDATED_LAB_CONFIRMED,LAB-CONFIRM-81559,GC-MS (Gas Chromatography-Mass Spectrometry),LSD (Lysergic Acid Diethylamide),17.15,Phenacetin (11.0%),TRUE_POSITIVE,INDEPENDENT_HELD_OUT_TEST_SET
FS-2026-01561,2026-08-09T18:49:00Z,OP-FORENSIC-122,Customs_Evidence_Unit,Pressed Tablet (Crushed),Simon's Reagent (Sodium Nitroprusside/Acetaldehyde),LOT-2026-SIMN-771,7589,14.8,PASS,1.568,90.9,2.26,3.45,88.77,3.01,3.68,90.87,3.25,3.61,90.72,3.76,3.7,1.531,0.0255,FieldSure-Narcotics-v2.1,0.984,NEG_NO_REACTION,VALIDATED_LAB_CONFIRMED,LAB-CONFIRM-81560,LC-MS/MS (Liquid Chromatography-Tandem Mass Spectrometry),Fentanyl HCl (Trace / Weak Response),16.55,Dimethylsulfone (18.4%),TRUE_POSITIVE,INDEPENDENT_HELD_OUT_TEST_SET
FS-2026-01562,2026-08-09T19:52:00Z,OP-FORENSIC-109,State_Forensic_Field_Team,Pressed Tablet (Crushed),Duquenois-Levine Reagent (Vanillin/Acetaldehyde),LOT-2026-DUQN-555,564,26.1,PASS,1.845,88.37,1.74,2.09,88.16,1.37,4.07,86.33,1.79,2.65,86.58,1.92,4.65,3.129,0.0522,FieldSure-Narcotics-v2.1,0.974,NEG_NO_REACTION,VALIDATED_LAB_CONFIRMED,LAB-CONFIRM-81561,GC-MS (Gas Chromatography-Mass Spectrometry),Methamphetamine HCl,77.69,Dimethylsulfone (18.4%),TRUE_POSITIVE,INDEPENDENT_HELD_OUT_TEST_SET
FS-2026-01563,2026-08-09T22:08:00Z,OP-FORENSIC-120,Customs_Evidence_Unit,Crystalline Powder,Mandelin Reagent (Ammonium Vanadate/Sulfuric Acid),LOT-2026-MAND-326,2363,30.1,PASS,1.019,87.98,-0.54,5.75,88.32,-1.76,6.14,87.55,-2.36,6.46,87.86,-1.56,6.97,1.595,0.0266,FieldSure-Narcotics-v2.1,0.991,NEG_NO_REACTION,VALIDATED_LAB_CONFIRMED,LAB-CONFIRM-81562,FTIR (Fourier Transform Infrared Spectroscopy),LSD (Lysergic Acid Diethylamide),34.09,Dimethylsulfone (18.4%),TRUE_POSITIVE,INDEPENDENT_HELD_OUT_TEST_SET
FS-2026-01564,2026-08-10T00:39:00Z,OP-FORENSIC-111,Customs_Evidence_Unit,Pressed Tablet (Crushed),Duquenois-Levine Reagent (Vanillin/Acetaldehyde),LOT-2026-DUQN-932,564,18.9,PASS,1.129,87.13,0.02,2.93,87.85,-1.4,2.57,88.25,-0.88,4.22,87.09,-0.36,5.14,2.243,0.0374,FieldSure-Narcotics-v2.1,0.993,NEG_NO_REACTION,VALIDATED_LAB_CONFIRMED,LAB-CONFIRM-81563,GC-MS (Gas Chromatography-Mass Spectrometry),Fentanyl HCl (Trace / Weak Response),8.99,Levamisole (8.2%),TRUE_POSITIVE,INDEPENDENT_HELD_OUT_TEST_SET
FS-2026-01565,2026-08-10T00:49:00Z,OP-FORENSIC-101,Border_Control_Post_3,Pressed Tablet (Crushed),Scott Reagent (Cobalt Thiocyanate Phase),LOT-2026-SCOT-398,2363,16.7,PASS,1.273,91.77,1.57,3.79,92.47,0.13,3.92,90.93,1.03,4.64,92.72,2.05,4.44,1.247,0.0208,FieldSure-Narcotics-v2.1,0.985,NEG_NO_REACTION,VALIDATED_LAB_CONFIRMED,LAB-CONFIRM-81564,GC-MS (Gas Chromatography-Mass Spectrometry),LSD (Lysergic Acid Diethylamide),39.59,Dimethylsulfone (18.4%),TRUE_POSITIVE,INDEPENDENT_HELD_OUT_TEST_SET
FS-2026-01566,2026-08-10T01:52:00Z,OP-FORENSIC-124,Border_Control_Post_3,Pressed Tablet (Crushed),Duquenois-Levine Reagent (Vanillin/Acetaldehyde),LOT-2026-DUQN-162,564,20.8,PASS,0.814,93.27,0.52,2.91,74.89,-9.6,20.83,59.43,-19.29,33.98,50.44,-22.92,42.3,62.733,1.0456,FieldSure-Narcotics-v2.1,0.951,POS_CANNABINOID_THC,VALIDATED_LAB_CONFIRMED,LAB-CONFIRM-81565,GC-MS (Gas Chromatography-Mass Spectrometry),Delta-9-THC,60.23,Caffeine (14.5%),TRUE_POSITIVE,INDEPENDENT_HELD_OUT_TEST_SET
FS-2026-01567,2026-08-10T02:39:00Z,OP-FORENSIC-104,Customs_Evidence_Unit,Pressed Tablet (Crushed),Mecke Reagent (Selenious Acid/Sulfuric Acid),LOT-2026-MECK-569,2363,24.3,PASS,0.69,91.85,1.79,3.37,92.11,1.92,3.85,91.32,3.54,3.76,90.73,2.08,4.61,1.696,0.0283,FieldSure-Narcotics-v2.1,0.98,NEG_NO_REACTION,VALIDATED_LAB_CONFIRMED,LAB-CONFIRM-81566,GC-MS (Gas Chromatography-Mass Spectrometry),Cocaine Hydrochloride,94.99,None (High Purity Grade),TRUE_POSITIVE,INDEPENDENT_HELD_OUT_TEST_SET
FS-2026-01568,2026-08-10T04:34:00Z,OP-FORENSIC-106,District_Lab_North,Crystalline Powder,Mandelin Reagent (Ammonium Vanadate/Sulfuric Acid),LOT-2026-MAND-688,2363,32.4,PASS,1.404,90.5,1.63,1.02,90.82,2.43,3.42,90.7,1.87,2.54,90.93,2.33,2.8,1.96,0.0327,FieldSure-Narcotics-v2.1,0.92,NEG_NO_REACTION,VALIDATED_LAB_CONFIRMED,LAB-CONFIRM-81567,GC-MS (Gas Chromatography-Mass Spectrometry),Cocaine Hydrochloride,72.12,Levamisole (8.2%),TRUE_POSITIVE,INDEPENDENT_HELD_OUT_TEST_SET
FS-2026-01569,2026-08-10T11:15:00Z,OP-FORENSIC-121,Metropolitan_Task_Force,Off-White Powder,Mecke Reagent (Selenious Acid/Sulfuric Acid),LOT-2026-MECK-227,564,21.9,PASS,1.358,91.73,1.65,1.47,91.88,0.63,0.62,88.31,1.04,0.3,88.63,0.49,0.92,3.355,0.0559,FieldSure-Narcotics-v2.1,0.913,NEG_NO_REACTION,VALIDATED_LAB_CONFIRMED,LAB-CONFIRM-81568,GC-MS (Gas Chromatography-Mass Spectrometry),"3,4-MDMA (Ecstasy)",66.1,Levamisole (8.2%),TRUE_POSITIVE,INDEPENDENT_HELD_OUT_TEST_SET
FS-2026-01570,2026-08-10T12:45:00Z,OP-FORENSIC-116,District_Lab_North,Pressed Tablet (Crushed),Mecke Reagent (Selenious Acid/Sulfuric Acid),LOT-2026-MECK-614,2363,27.7,PASS,1.603,94.59,-0.83,4.02,94.27,-0.68,4.54,94.48,-0.67,5.68,94.84,0.14,5.92,2.148,0.0358,FieldSure-Narcotics-v2.1,0.955,NEG_NO_REACTION,VALIDATED_LAB_CONFIRMED,LAB-CONFIRM-81569,LC-MS/MS (Liquid Chromatography-Tandem Mass Spectrometry),Delta-9-THC,44.87,Phenacetin (11.0%),TRUE_POSITIVE,INDEPENDENT_HELD_OUT_TEST_SET
FS-2026-01571,2026-08-10T15:01:00Z,OP-FORENSIC-118,Metropolitan_Task_Force,Liquid Solution (Diluted),Ehrlich Reagent (p-DMAB/HCl),LOT-2026-EHRL-116,2363,23.4,PASS,0.791,95.34,-1.4,3.0,92.97,-1.26,2.63,94.08,-2.39,4.31,93.06,-2.61,3.76,2.691,0.0448,FieldSure-Narcotics-v2.1,0.937,NEG_NO_REACTION,VALIDATED_LAB_CONFIRMED,LAB-CONFIRM-81570,GC-MS (Gas Chromatography-Mass Spectrometry),Fentanyl HCl (Trace / Weak Response),10.79,None (High Purity Grade),TRUE_POSITIVE,INDEPENDENT_HELD_OUT_TEST_SET
FS-2026-01572,2026-08-10T17:47:00Z,OP-FORENSIC-121,Border_Control_Post_3,Crystalline Powder,Mecke Reagent (Selenious Acid/Sulfuric Acid),LOT-2026-MECK-134,2363,19.9,PASS,1.611,95.94,1.85,2.95,95.62,3.18,3.09,94.58,3.22,3.38,93.84,3.27,3.75,2.658,0.0443,FieldSure-Narcotics-v2.1,0.904,NEG_NO_REACTION,VALIDATED_LAB_CONFIRMED,LAB-CONFIRM-81571,GC-MS (Gas Chromatography-Mass Spectrometry),Fentanyl HCl (Trace / Weak Response),8.8,Dimethylsulfone (18.4%),TRUE_POSITIVE,INDEPENDENT_HELD_OUT_TEST_SET
FS-2026-01573,2026-08-10T17:53:00Z,OP-FORENSIC-122,State_Forensic_Field_Team,Crystalline Powder,Duquenois-Levine Reagent (Vanillin/Acetaldehyde),LOT-2026-DUQN-986,7589,20.4,PASS,1.342,87.71,1.82,3.94,87.1,1.8,6.6,84.81,3.44,6.19,83.8,3.06,5.56,4.41,0.0735,FieldSure-Narcotics-v2.1,0.914,NEG_NO_REACTION,VALIDATED_LAB_CONFIRMED,LAB-CONFIRM-81572,GC-MS (Gas Chromatography-Mass Spectrometry),Methamphetamine HCl,74.34,None (High Purity Grade),TRUE_POSITIVE,INDEPENDENT_HELD_OUT_TEST_SET
FS-2026-01574,2026-08-10T20:08:00Z,OP-FORENSIC-115,District_Lab_North,Pressed Tablet (Crushed),Scott Reagent (Cobalt Thiocyanate Phase),LOT-2026-SCOT-914,564,25.4,PASS,0.669,89.92,1.96,3.57,89.48,0.86,4.18,89.64,1.02,4.25,88.83,0.63,4.25,1.849,0.0308,FieldSure-Narcotics-v2.1,0.924,NEG_NO_REACTION,VALIDATED_LAB_CONFIRMED,LAB-CONFIRM-81573,GC-MS (Gas Chromatography-Mass Spectrometry),"3,4-MDMA (Ecstasy)",82.42,Dimethylsulfone (18.4%),TRUE_POSITIVE,INDEPENDENT_HELD_OUT_TEST_SET
FS-2026-01575,2026-08-10T21:17:00Z,OP-FORENSIC-106,State_Forensic_Field_Team,Pressed Tablet (Crushed),Simon's Reagent (Sodium Nitroprusside/Acetaldehyde),LOT-2026-SIMN-322,564,21.9,PASS,0.98,90.8,-0.86,5.78,91.47,-1.2,4.91,90.97,-1.59,4.72,91.52,0.23,4.66,1.721,0.0287,FieldSure-Narcotics-v2.1,0.985,NEG_NO_REACTION,VALIDATED_LAB_CONFIRMED,LAB-CONFIRM-81574,GC-MS (Gas Chromatography-Mass Spectrometry),Inert Cutting Agent (Lactose/Caffeine),0.0,N/A (Inert Sample),TRUE_NEGATIVE,INDEPENDENT_HELD_OUT_TEST_SET
FS-2026-01576,2026-08-10T23:54:00Z,OP-FORENSIC-118,Border_Control_Post_3,Tar/Sticky Resin,Marquis Reagent (Formaldehyde/Sulfuric Acid),LOT-2026-MARQ-268,2363,17.9,PASS,1.151,93.06,-0.81,1.88,92.29,-1.81,4.03,92.54,-1.5,3.69,93.32,-2.22,3.69,2.309,0.0385,FieldSure-Narcotics-v2.1,0.922,NEG_NO_REACTION,VALIDATED_LAB_CONFIRMED,LAB-CONFIRM-81575,GC-MS (Gas Chromatography-Mass Spectrometry),Cocaine Hydrochloride,85.97,Lactose / Starch,TRUE_POSITIVE,INDEPENDENT_HELD_OUT_TEST_SET
FS-2026-01577,2026-08-11T02:34:00Z,OP-FORENSIC-114,Border_Control_Post_3,Plant Matter Extract,Scott Reagent (Cobalt Thiocyanate Phase),LOT-2026-SCOT-313,564,30.4,PASS,1.53,90.34,-0.96,4.14,90.0,-0.62,4.71,89.85,1.14,4.27,89.43,-0.43,3.32,1.335,0.0222,FieldSure-Narcotics-v2.1,0.946,NEG_NO_REACTION,VALIDATED_LAB_CONFIRMED,LAB-CONFIRM-81576,GC-MS (Gas Chromatography-Mass Spectrometry),Heroin Hydrochloride,65.62,Levamisole (8.2%),TRUE_POSITIVE,INDEPENDENT_HELD_OUT_TEST_SET
FS-2026-01578,2026-08-11T04:30:00Z,OP-FORENSIC-112,Customs_Evidence_Unit,Tar/Sticky Resin,Scott Reagent (Cobalt Thiocyanate Phase),LOT-2026-SCOT-110,2363,18.3,PASS,0.66,90.23,0.89,4.73,88.82,2.06,5.17,88.88,1.18,5.16,87.61,2.01,5.72,3.016,0.0503,FieldSure-Narcotics-v2.1,0.991,NEG_NO_REACTION,VALIDATED_LAB_CONFIRMED,LAB-CONFIRM-81577,GC-MS (Gas Chromatography-Mass Spectrometry),LSD (Lysergic Acid Diethylamide),37.33,None (High Purity Grade),TRUE_POSITIVE,INDEPENDENT_HELD_OUT_TEST_SET
FS-2026-01579,2026-08-11T06:56:00Z,OP-FORENSIC-100,Customs_Evidence_Unit,Crystalline Powder,Marquis Reagent (Formaldehyde/Sulfuric Acid),LOT-2026-MARQ-556,2363,23.3,PASS,0.963,94.14,-0.36,3.4,80.58,14.48,3.0,68.91,23.87,3.14,63.86,29.49,3.93,42.523,0.7087,FieldSure-Narcotics-v2.1,0.945,POS_FENTANYL_WEAK,VALIDATED_LAB_CONFIRMED,LAB-CONFIRM-81578,LC-MS/MS (Liquid Chromatography-Tandem Mass Spectrometry),Fentanyl HCl (Trace / Weak Response),13.54,Lactose / Starch,TRUE_POSITIVE,INDEPENDENT_HELD_OUT_TEST_SET
FS-2026-01580,2026-08-11T09:50:00Z,OP-FORENSIC-122,Customs_Evidence_Unit,Crystalline Powder,Scott Reagent (Cobalt Thiocyanate Phase),LOT-2026-SCOT-114,564,13.8,PASS,0.902,86.1,0.51,5.98,87.27,2.13,6.22,84.24,0.81,8.4,85.56,1.14,7.98,2.165,0.0361,FieldSure-Narcotics-v2.1,0.955,NEG_NO_REACTION,VALIDATED_LAB_CONFIRMED,LAB-CONFIRM-81579,LC-MS/MS (Liquid Chromatography-Tandem Mass Spectrometry),"3,4-MDMA (Ecstasy)",70.08,None (High Purity Grade),TRUE_POSITIVE,INDEPENDENT_HELD_OUT_TEST_SET
FS-2026-01581,2026-08-11T14:37:00Z,OP-FORENSIC-101,Metropolitan_Task_Force,Crystalline Powder,Duquenois-Levine Reagent (Vanillin/Acetaldehyde),LOT-2026-DUQN-799,2363,23.4,PASS,1.57,89.95,-1.19,4.37,65.7,18.68,23.17,47.84,32.86,39.03,35.84,41.96,48.2,81.92,1.3653,FieldSure-Narcotics-v2.1,0.898,POS_CANNABINOID_THC,VALIDATED_LAB_CONFIRMED,LAB-CONFIRM-81580,GC-MS (Gas Chromatography-Mass Spectrometry),Delta-9-THC,57.13,Phenacetin (11.0%),TRUE_POSITIVE,INDEPENDENT_HELD_OUT_TEST_SET
FS-2026-01582,2026-08-11T17:49:00Z,OP-FORENSIC-109,State_Forensic_Field_Team,Crystalline Powder,Simon's Reagent (Sodium Nitroprusside/Acetaldehyde),LOT-2026-SIMN-818,7589,18.3,PASS,1.779,95.03,-1.41,2.25,93.08,-1.93,1.16,92.93,-0.41,1.71,92.25,-0.92,1.3,2.978,0.0496,FieldSure-Narcotics-v2.1,0.96,NEG_NO_REACTION,VALIDATED_LAB_CONFIRMED,LAB-CONFIRM-81581,FTIR (Fourier Transform Infrared Spectroscopy),Cocaine Hydrochloride,72.01,Levamisole (8.2%),TRUE_POSITIVE,INDEPENDENT_HELD_OUT_TEST_SET
FS-2026-01583,2026-08-12T00:18:00Z,OP-FORENSIC-123,Metropolitan_Task_Force,Crystalline Powder,Simon's Reagent (Sodium Nitroprusside/Acetaldehyde),LOT-2026-SIMN-661,7589,17.1,PASS,1.647,91.35,-1.43,2.49,93.03,-3.45,2.45,91.51,-1.69,2.17,91.73,-2.75,1.45,1.723,0.0287,FieldSure-Narcotics-v2.1,0.931,NEG_NO_REACTION,VALIDATED_LAB_CONFIRMED,LAB-CONFIRM-81582,GC-MS (Gas Chromatography-Mass Spectrometry),Inert Cutting Agent (Lactose/Caffeine),0.0,N/A (Inert Sample),TRUE_NEGATIVE,INDEPENDENT_HELD_OUT_TEST_SET
FS-2026-01584,2026-08-12T00:49:00Z,OP-FORENSIC-102,State_Forensic_Field_Team,Off-White Powder,Duquenois-Levine Reagent (Vanillin/Acetaldehyde),LOT-2026-DUQN-326,564,32.1,PASS,1.7,95.06,-0.28,3.66,92.69,0.88,4.02,92.76,0.44,2.15,92.37,1.07,3.76,3.011,0.0502,FieldSure-Narcotics-v2.1,0.972,NEG_NO_REACTION,VALIDATED_LAB_CONFIRMED,LAB-CONFIRM-81583,GC-MS (Gas Chromatography-Mass Spectrometry),Methamphetamine HCl,91.15,Lactose / Starch,TRUE_POSITIVE,INDEPENDENT_HELD_OUT_TEST_SET
FS-2026-01585,2026-08-12T03:11:00Z,OP-FORENSIC-110,District_Lab_North,Pressed Tablet (Crushed),Duquenois-Levine Reagent (Vanillin/Acetaldehyde),LOT-2026-DUQN-827,564,27.4,PASS,0.493,94.75,-0.72,5.81,92.76,-1.75,4.48,93.7,-1.55,4.39,93.69,-0.47,4.8,1.485,0.0248,FieldSure-Narcotics-v2.1,0.957,NEG_NO_REACTION,VALIDATED_LAB_CONFIRMED,LAB-CONFIRM-81584,LC-MS/MS (Liquid Chromatography-Tandem Mass Spectrometry),LSD (Lysergic Acid Diethylamide),23.8,Caffeine (14.5%),TRUE_POSITIVE,INDEPENDENT_HELD_OUT_TEST_SET
FS-2026-01586,2026-08-12T07:33:00Z,OP-FORENSIC-118,Metropolitan_Task_Force,Off-White Powder,Marquis Reagent (Formaldehyde/Sulfuric Acid),LOT-2026-MARQ-922,2363,26.7,FAIL_EXPOSURE,8.396,95.4,0.04,1.87,,,,,,,,,,,,FieldSure-Narcotics-v2.1,0.083,ABSTAIN_FAIL_EXPOSURE,UNVALIDATED_QC_ABSTAIN,LAB-CONFIRM-81585,LC-MS/MS (Liquid Chromatography-Tandem Mass Spectrometry),Delta-9-THC,30.91,Caffeine (14.5%),ABSTAINED_NO_PREDICTION,INDEPENDENT_HELD_OUT_TEST_SET
FS-2026-01587,2026-08-12T09:55:00Z,OP-FORENSIC-106,State_Forensic_Field_Team,Crystalline Powder,Marquis Reagent (Formaldehyde/Sulfuric Acid),LOT-2026-MARQ-294,2363,24.3,FAIL_GEOMETRY,12.146,87.06,-0.29,5.0,,,,,,,,,,,,FieldSure-Narcotics-v2.1,0.027,ABSTAIN_FAIL_GEOMETRY,UNVALIDATED_QC_ABSTAIN,LAB-CONFIRM-81586,GC-MS (Gas Chromatography-Mass Spectrometry),Inert Cutting Agent (Lactose/Caffeine),0.0,N/A (Inert Sample),ABSTAINED_NO_PREDICTION,INDEPENDENT_HELD_OUT_TEST_SET
FS-2026-01588,2026-08-12T11:35:00Z,OP-FORENSIC-110,Customs_Evidence_Unit,Paper Blotter Segment,Ehrlich Reagent (p-DMAB/HCl),LOT-2026-EHRL-214,564,25.9,PASS,0.995,92.35,0.22,2.21,77.62,-2.11,14.6,64.74,-5.12,23.68,57.95,-7.16,28.98,44.209,0.7368,FieldSure-Narcotics-v2.1,0.974,POS_INDOLE_LSD,VALIDATED_LAB_CONFIRMED,LAB-CONFIRM-81587,FTIR (Fourier Transform Infrared Spectroscopy),LSD (Lysergic Acid Diethylamide),36.52,Levamisole (8.2%),TRUE_POSITIVE,INDEPENDENT_HELD_OUT_TEST_SET
FS-2026-01589,2026-08-12T12:51:00Z,OP-FORENSIC-111,Metropolitan_Task_Force,Crystalline Powder,Simon's Reagent (Sodium Nitroprusside/Acetaldehyde),LOT-2026-SIMN-701,2363,26.4,PASS,1.587,93.78,1.08,1.18,91.39,1.14,1.79,89.87,0.5,-0.75,90.79,0.31,0.91,3.099,0.0516,FieldSure-Narcotics-v2.1,0.984,NEG_NO_REACTION,VALIDATED_LAB_CONFIRMED,LAB-CONFIRM-81588,LC-MS/MS (Liquid Chromatography-Tandem Mass Spectrometry),"3,4-MDMA (Ecstasy)",84.12,Levamisole (8.2%),TRUE_POSITIVE,INDEPENDENT_HELD_OUT_TEST_SET
FS-2026-01590,2026-08-12T16:19:00Z,OP-FORENSIC-116,Customs_Evidence_Unit,Crystalline Powder,Mecke Reagent (Selenious Acid/Sulfuric Acid),LOT-2026-MECK-561,564,27.5,PASS,1.716,86.91,2.27,1.73,85.33,2.9,4.05,87.03,2.0,4.21,85.62,1.67,4.39,3.017,0.0503,FieldSure-Narcotics-v2.1,0.969,NEG_NO_REACTION,VALIDATED_LAB_CONFIRMED,LAB-CONFIRM-81589,FTIR (Fourier Transform Infrared Spectroscopy),Cocaine Hydrochloride,90.24,Levamisole (8.2%),TRUE_POSITIVE,INDEPENDENT_HELD_OUT_TEST_SET
FS-2026-01591,2026-08-12T18:15:00Z,OP-FORENSIC-117,District_Lab_North,Liquid Solution (Diluted),Marquis Reagent (Formaldehyde/Sulfuric Acid),LOT-2026-MARQ-102,2363,29.5,PASS,1.5,89.94,2.45,3.42,66.43,2.41,-10.97,45.85,1.83,-19.54,36.85,1.57,-24.72,60.093,1.0016,FieldSure-Narcotics-v2.1,0.974,POS_FENTANYL_WEAK,VALIDATED_LAB_CONFIRMED,LAB-CONFIRM-81590,GC-MS (Gas Chromatography-Mass Spectrometry),Fentanyl HCl (Trace / Weak Response),15.62,None (High Purity Grade),TRUE_POSITIVE,INDEPENDENT_HELD_OUT_TEST_SET
FS-2026-01592,2026-08-12T20:09:00Z,OP-FORENSIC-105,Border_Control_Post_3,Off-White Powder,Marquis Reagent (Formaldehyde/Sulfuric Acid),LOT-2026-MARQ-247,564,27.0,FAIL_GLARE,9.283,94.64,1.93,4.55,,,,,,,,,,,,FieldSure-Narcotics-v2.1,0.05,ABSTAIN_FAIL_GLARE,UNVALIDATED_QC_ABSTAIN,LAB-CONFIRM-81591,GC-MS (Gas Chromatography-Mass Spectrometry),Heroin Hydrochloride,61.33,None (High Purity Grade),ABSTAINED_NO_PREDICTION,INDEPENDENT_HELD_OUT_TEST_SET
FS-2026-01593,2026-08-12T21:41:00Z,OP-FORENSIC-108,State_Forensic_Field_Team,Crystalline Powder,Scott Reagent (Cobalt Thiocyanate Phase),LOT-2026-SCOT-402,2363,18.1,PASS,0.755,90.81,1.76,2.42,89.69,2.82,2.67,90.88,1.56,4.59,90.09,1.93,4.23,1.955,0.0326,FieldSure-Narcotics-v2.1,0.934,NEG_NO_REACTION,VALIDATED_LAB_CONFIRMED,LAB-CONFIRM-81592,GC-MS (Gas Chromatography-Mass Spectrometry),Heroin Hydrochloride,63.51,Levamisole (8.2%),TRUE_POSITIVE,INDEPENDENT_HELD_OUT_TEST_SET
FS-2026-01594,2026-08-12T22:11:00Z,OP-FORENSIC-107,Customs_Evidence_Unit,Tar/Sticky Resin,Ehrlich Reagent (p-DMAB/HCl),LOT-2026-EHRL-130,2363,22.6,PASS,0.506,91.98,1.57,1.25,91.95,1.01,3.37,91.26,1.28,2.52,91.67,0.91,2.42,1.379,0.023,FieldSure-Narcotics-v2.1,0.954,NEG_NO_REACTION,VALIDATED_LAB_CONFIRMED,LAB-CONFIRM-81593,GC-MS (Gas Chromatography-Mass Spectrometry),Inert Cutting Agent (Lactose/Caffeine),0.0,N/A (Inert Sample),TRUE_NEGATIVE,INDEPENDENT_HELD_OUT_TEST_SET
FS-2026-01595,2026-08-12T22:16:00Z,OP-FORENSIC-111,State_Forensic_Field_Team,Crystalline Powder,Scott Reagent (Cobalt Thiocyanate Phase),LOT-2026-SCOT-900,564,24.0,PASS,1.453,91.15,1.86,1.6,89.24,2.5,0.52,88.74,1.43,2.87,89.21,2.67,2.74,2.392,0.0399,FieldSure-Narcotics-v2.1,0.929,NEG_NO_REACTION,VALIDATED_LAB_CONFIRMED,LAB-CONFIRM-81594,GC-MS (Gas Chromatography-Mass Spectrometry),Delta-9-THC,38.28,Phenacetin (11.0%),TRUE_POSITIVE,INDEPENDENT_HELD_OUT_TEST_SET
FS-2026-01596,2026-08-13T04:40:00Z,OP-FORENSIC-103,State_Forensic_Field_Team,Pressed Tablet (Crushed),Mandelin Reagent (Ammonium Vanadate/Sulfuric Acid),LOT-2026-MAND-359,7589,21.0,PASS,1.797,94.68,1.25,4.28,93.73,1.72,7.2,91.72,0.67,6.41,91.4,1.21,7.12,4.339,0.0723,FieldSure-Narcotics-v2.1,0.957,NEG_NO_REACTION,VALIDATED_LAB_CONFIRMED,LAB-CONFIRM-81595,GC-MS (Gas Chromatography-Mass Spectrometry),Heroin Hydrochloride,41.87,Dimethylsulfone (18.4%),TRUE_POSITIVE,INDEPENDENT_HELD_OUT_TEST_SET
FS-2026-01597,2026-08-13T08:38:00Z,OP-FORENSIC-120,Border_Control_Post_3,Crystalline Powder,Duquenois-Levine Reagent (Vanillin/Acetaldehyde),LOT-2026-DUQN-124,7589,14.4,PASS,1.516,93.93,0.2,5.89,95.85,2.91,6.84,93.21,1.24,6.08,94.61,1.85,7.29,2.268,0.0378,FieldSure-Narcotics-v2.1,0.892,NEG_NO_REACTION,VALIDATED_LAB_CONFIRMED,LAB-CONFIRM-81596,LC-MS/MS (Liquid Chromatography-Tandem Mass Spectrometry),Methamphetamine HCl,70.11,Phenacetin (11.0%),TRUE_POSITIVE,INDEPENDENT_HELD_OUT_TEST_SET
FS-2026-01598,2026-08-13T08:41:00Z,OP-FORENSIC-118,Customs_Evidence_Unit,Liquid Solution (Diluted),Mecke Reagent (Selenious Acid/Sulfuric Acid),LOT-2026-MECK-664,564,19.3,PASS,0.427,86.12,-0.63,1.16,84.57,-0.64,2.59,82.17,-1.52,1.54,82.58,-1.26,2.71,3.915,0.0652,FieldSure-Narcotics-v2.1,0.894,NEG_NO_REACTION,VALIDATED_LAB_CONFIRMED,LAB-CONFIRM-81597,GC-MS (Gas Chromatography-Mass Spectrometry),Methamphetamine HCl,71.4,Lactose / Starch,TRUE_POSITIVE,INDEPENDENT_HELD_OUT_TEST_SET
FS-2026-01599,2026-08-13T08:46:00Z,OP-FORENSIC-116,Customs_Evidence_Unit,Liquid Solution (Diluted),Marquis Reagent (Formaldehyde/Sulfuric Acid),LOT-2026-MARQ-677,564,22.7,PASS,1.347,94.25,1.13,2.46,94.33,1.53,1.61,92.58,1.28,3.69,92.81,2.41,3.63,2.254,0.0376,FieldSure-Narcotics-v2.1,0.983,NEG_NO_REACTION,VALIDATED_LAB_CONFIRMED,LAB-CONFIRM-81598,GC-MS (Gas Chromatography-Mass Spectrometry),Cocaine Hydrochloride,92.72,None (High Purity Grade),TRUE_POSITIVE,INDEPENDENT_HELD_OUT_TEST_SET
FS-2026-01600,2026-08-13T17:30:00Z,OP-FORENSIC-122,District_Lab_North,Pressed Tablet (Crushed),Marquis Reagent (Formaldehyde/Sulfuric Acid),LOT-2026-MARQ-883,564,27.4,PASS,0.61,89.49,-0.07,3.38,87.56,-0.37,4.65,89.1,-0.18,5.02,88.58,-1.3,6.95,3.884,0.0647,FieldSure-Narcotics-v2.1,0.96,NEG_NO_REACTION,VALIDATED_LAB_CONFIRMED,LAB-CONFIRM-81599,GC-MS (Gas Chromatography-Mass Spectrometry),Inert Cutting Agent (Lactose/Caffeine),0.0,N/A (Inert Sample),TRUE_NEGATIVE,INDEPENDENT_HELD_OUT_TEST_SET
FS-2026-01601,2026-08-13T20:22:00Z,OP-FORENSIC-116,Metropolitan_Task_Force,Off-White Powder,Marquis Reagent (Formaldehyde/Sulfuric Acid),LOT-2026-MARQ-277,564,26.7,PASS,1.082,86.03,-1.42,5.31,69.07,0.44,-2.05,53.93,1.42,-7.99,47.32,2.33,-12.28,42.684,0.7114,FieldSure-Narcotics-v2.1,0.972,POS_METHAMPHETAMINE,VALIDATED_LAB_CONFIRMED,LAB-CONFIRM-81600,GC-MS (Gas Chromatography-Mass Spectrometry),Methamphetamine HCl,89.73,None (High Purity Grade),TRUE_POSITIVE,INDEPENDENT_HELD_OUT_TEST_SET
FS-2026-01602,2026-08-13T23:33:00Z,OP-FORENSIC-105,Customs_Evidence_Unit,Pressed Tablet (Crushed),Duquenois-Levine Reagent (Vanillin/Acetaldehyde),LOT-2026-DUQN-570,2363,27.5,PASS,0.979,93.84,-0.23,4.17,92.8,0.51,4.8,93.12,0.63,6.49,93.01,0.67,7.38,3.436,0.0573,FieldSure-Narcotics-v2.1,0.917,NEG_NO_REACTION,VALIDATED_LAB_CONFIRMED,LAB-CONFIRM-81601,LC-MS/MS (Liquid Chromatography-Tandem Mass Spectrometry),LSD (Lysergic Acid Diethylamide),57.57,Dimethylsulfone (18.4%),TRUE_POSITIVE,INDEPENDENT_HELD_OUT_TEST_SET
FS-2026-01603,2026-08-14T02:07:00Z,OP-FORENSIC-113,Metropolitan_Task_Force,Off-White Powder,Scott Reagent (Cobalt Thiocyanate Phase),LOT-2026-SCOT-127,564,25.4,PASS,0.826,93.71,1.56,2.24,90.19,1.74,2.8,90.37,1.33,1.82,89.8,2.1,2.15,3.948,0.0658,FieldSure-Narcotics-v2.1,0.981,NEG_NO_REACTION,VALIDATED_LAB_CONFIRMED,LAB-CONFIRM-81602,GC-MS (Gas Chromatography-Mass Spectrometry),Methamphetamine HCl,75.95,Levamisole (8.2%),TRUE_POSITIVE,INDEPENDENT_HELD_OUT_TEST_SET
FS-2026-01604,2026-08-14T02:34:00Z,OP-FORENSIC-102,District_Lab_North,Off-White Powder,Ehrlich Reagent (p-DMAB/HCl),LOT-2026-EHRL-853,2363,28.8,PASS,1.634,91.25,1.64,5.05,91.4,2.74,5.38,90.2,4.22,6.87,91.34,3.27,6.79,2.386,0.0398,FieldSure-Narcotics-v2.1,0.958,NEG_NO_REACTION,VALIDATED_LAB_CONFIRMED,LAB-CONFIRM-81603,GC-MS (Gas Chromatography-Mass Spectrometry),Procaine / Benzocaine (Local Anesthetic),0.0,N/A (Inert Sample),TRUE_NEGATIVE,INDEPENDENT_HELD_OUT_TEST_SET
FS-2026-01605,2026-08-14T03:21:00Z,OP-FORENSIC-106,Customs_Evidence_Unit,Off-White Powder,Ehrlich Reagent (p-DMAB/HCl),LOT-2026-EHRL-795,7589,24.5,PASS,0.993,89.14,0.01,3.95,87.91,0.62,3.21,87.71,-1.04,4.92,87.2,0.04,5.99,2.815,0.0469,FieldSure-Narcotics-v2.1,0.994,NEG_NO_REACTION,VALIDATED_LAB_CONFIRMED,LAB-CONFIRM-81604,LC-MS/MS (Liquid Chromatography-Tandem Mass Spectrometry),"3,4-MDMA (Ecstasy)",87.03,None (High Purity Grade),TRUE_POSITIVE,INDEPENDENT_HELD_OUT_TEST_SET
FS-2026-01606,2026-08-14T04:09:00Z,OP-FORENSIC-116,Border_Control_Post_3,Crystalline Powder,Ehrlich Reagent (p-DMAB/HCl),LOT-2026-EHRL-221,7589,20.3,PASS,0.91,91.27,1.28,5.26,91.2,1.01,5.78,89.91,1.47,5.65,89.43,2.59,6.46,2.558,0.0426,FieldSure-Narcotics-v2.1,0.978,NEG_NO_REACTION,VALIDATED_LAB_CONFIRMED,LAB-CONFIRM-81605,GC-MS (Gas Chromatography-Mass Spectrometry),Inert Cutting Agent (Lactose/Caffeine),0.0,N/A (Inert Sample),TRUE_NEGATIVE,INDEPENDENT_HELD_OUT_TEST_SET
FS-2026-01607,2026-08-14T06:39:00Z,OP-FORENSIC-110,Metropolitan_Task_Force,Pressed Tablet (Crushed),Ehrlich Reagent (p-DMAB/HCl),LOT-2026-EHRL-290,564,23.1,PASS,1.724,90.11,-0.24,4.67,90.4,-0.39,6.3,89.38,0.63,4.66,89.59,1.46,4.81,1.783,0.0297,FieldSure-Narcotics-v2.1,0.916,NEG_NO_REACTION,VALIDATED_LAB_CONFIRMED,LAB-CONFIRM-81606,GC-MS (Gas Chromatography-Mass Spectrometry),Procaine / Benzocaine (Local Anesthetic),0.0,N/A (Inert Sample),TRUE_NEGATIVE,INDEPENDENT_HELD_OUT_TEST_SET
FS-2026-01608,2026-08-14T07:25:00Z,OP-FORENSIC-119,District_Lab_North,Liquid Solution (Diluted),Duquenois-Levine Reagent (Vanillin/Acetaldehyde),LOT-2026-DUQN-188,564,29.7,PASS,1.748,89.09,1.36,5.57,87.09,1.04,3.74,86.79,1.08,6.03,86.51,0.65,5.05,2.726,0.0454,FieldSure-Narcotics-v2.1,0.894,NEG_NO_REACTION,VALIDATED_LAB_CONFIRMED,LAB-CONFIRM-81607,LC-MS/MS (Liquid Chromatography-Tandem Mass Spectrometry),Heroin Hydrochloride,63.23,Dimethylsulfone (18.4%),TRUE_POSITIVE,INDEPENDENT_HELD_OUT_TEST_SET
FS-2026-01609,2026-08-14T07:58:00Z,OP-FORENSIC-110,District_Lab_North,Liquid Solution (Diluted),Marquis Reagent (Formaldehyde/Sulfuric Acid),LOT-2026-MARQ-447,564,25.5,PASS,1.362,89.29,1.59,5.78,74.22,-12.65,12.3,63.27,-21.45,17.64,56.3,-27.36,20.18,46.193,0.7699,FieldSure-Narcotics-v2.1,0.93,POS_MDMA,VALIDATED_LAB_CONFIRMED,LAB-CONFIRM-81608,LC-MS/MS (Liquid Chromatography-Tandem Mass Spectrometry),"3,4-MDMA (Ecstasy)",86.82,Dimethylsulfone (18.4%),TRUE_POSITIVE,INDEPENDENT_HELD_OUT_TEST_SET
FS-2026-01610,2026-08-14T08:44:00Z,OP-FORENSIC-104,Metropolitan_Task_Force,Pressed Tablet (Crushed),Duquenois-Levine Reagent (Vanillin/Acetaldehyde),LOT-2026-DUQN-221,7589,28.2,PASS,1.515,95.97,0.02,5.66,93.22,1.3,5.76,92.16,0.56,5.81,93.24,0.01,5.64,2.73,0.0455,FieldSure-Narcotics-v2.1,0.921,NEG_NO_REACTION,VALIDATED_LAB_CONFIRMED,LAB-CONFIRM-81609,GC-MS (Gas Chromatography-Mass Spectrometry),Heroin Hydrochloride,62.8,Caffeine (14.5%),TRUE_POSITIVE,INDEPENDENT_HELD_OUT_TEST_SET
FS-2026-01611,2026-08-14T11:34:00Z,OP-FORENSIC-117,District_Lab_North,Off-White Powder,Scott Reagent (Cobalt Thiocyanate Phase),LOT-2026-SCOT-490,564,19.4,PASS,0.65,88.72,-0.17,3.38,87.83,-0.7,4.56,86.78,-0.02,2.66,86.97,-0.09,4.2,1.934,0.0322,FieldSure-Narcotics-v2.1,0.993,NEG_NO_REACTION,VALIDATED_LAB_CONFIRMED,LAB-CONFIRM-81610,LC-MS/MS (Liquid Chromatography-Tandem Mass Spectrometry),Delta-9-THC,54.04,Caffeine (14.5%),TRUE_POSITIVE,INDEPENDENT_HELD_OUT_TEST_SET
FS-2026-01612,2026-08-14T12:34:00Z,OP-FORENSIC-122,District_Lab_North,Off-White Powder,Marquis Reagent (Formaldehyde/Sulfuric Acid),LOT-2026-MARQ-887,564,20.6,PASS,0.466,88.64,1.18,4.62,67.87,-0.06,7.74,52.44,-1.39,10.49,42.95,-1.83,11.67,46.329,0.7722,FieldSure-Narcotics-v2.1,0.936,POS_MDMA,VALIDATED_LAB_CONFIRMED,LAB-CONFIRM-81611,GC-MS (Gas Chromatography-Mass Spectrometry),"3,4-MDMA (Ecstasy)",70.58,Levamisole (8.2%),TRUE_POSITIVE,INDEPENDENT_HELD_OUT_TEST_SET
FS-2026-01613,2026-08-14T13:31:00Z,OP-FORENSIC-119,Customs_Evidence_Unit,Pressed Tablet (Crushed),Simon's Reagent (Sodium Nitroprusside/Acetaldehyde),LOT-2026-SIMN-461,7589,27.1,FAIL_BLUR,12.451,92.11,-1.04,5.11,,,,,,,,,,,,FieldSure-Narcotics-v2.1,0.11,ABSTAIN_FAIL_BLUR,UNVALIDATED_QC_ABSTAIN,LAB-CONFIRM-81612,GC-MS (Gas Chromatography-Mass Spectrometry),Methamphetamine HCl,85.75,Phenacetin (11.0%),ABSTAINED_NO_PREDICTION,INDEPENDENT_HELD_OUT_TEST_SET
FS-2026-01614,2026-08-14T16:59:00Z,OP-FORENSIC-118,State_Forensic_Field_Team,Pressed Tablet (Crushed),Marquis Reagent (Formaldehyde/Sulfuric Acid),LOT-2026-MARQ-488,2363,27.6,PASS,0.45,92.27,1.86,2.74,90.62,0.88,2.41,91.17,0.31,4.17,90.12,0.31,3.51,2.76,0.046,FieldSure-Narcotics-v2.1,0.897,NEG_NO_REACTION,VALIDATED_LAB_CONFIRMED,LAB-CONFIRM-81613,LC-MS/MS (Liquid Chromatography-Tandem Mass Spectrometry),LSD (Lysergic Acid Diethylamide),46.96,None (High Purity Grade),TRUE_POSITIVE,INDEPENDENT_HELD_OUT_TEST_SET
FS-2026-01615,2026-08-14T21:10:00Z,OP-FORENSIC-113,State_Forensic_Field_Team,Off-White Powder,Ehrlich Reagent (p-DMAB/HCl),LOT-2026-EHRL-718,564,27.5,PASS,0.682,86.36,-0.46,1.7,84.04,1.09,1.2,84.52,-0.87,2.51,84.75,0.14,1.65,1.719,0.0286,FieldSure-Narcotics-v2.1,0.91,NEG_NO_REACTION,VALIDATED_LAB_CONFIRMED,LAB-CONFIRM-81614,GC-MS (Gas Chromatography-Mass Spectrometry),Heroin Hydrochloride,79.01,Dimethylsulfone (18.4%),TRUE_POSITIVE,INDEPENDENT_HELD_OUT_TEST_SET
FS-2026-01616,2026-08-14T23:39:00Z,OP-FORENSIC-116,State_Forensic_Field_Team,Crystalline Powder,Ehrlich Reagent (p-DMAB/HCl),LOT-2026-EHRL-775,7589,22.1,PASS,0.585,93.98,-0.34,2.65,92.98,-1.48,2.67,93.44,-1.93,3.29,92.23,-1.43,4.3,2.641,0.044,FieldSure-Narcotics-v2.1,0.908,NEG_NO_REACTION,VALIDATED_LAB_CONFIRMED,LAB-CONFIRM-81615,GC-MS (Gas Chromatography-Mass Spectrometry),"3,4-MDMA (Ecstasy)",75.86,Levamisole (8.2%),TRUE_POSITIVE,INDEPENDENT_HELD_OUT_TEST_SET
FS-2026-01617,2026-08-15T03:02:00Z,OP-FORENSIC-124,Metropolitan_Task_Force,Pressed Tablet (Crushed),Mandelin Reagent (Ammonium Vanadate/Sulfuric Acid),LOT-2026-MAND-451,564,34.0,PASS,1.094,94.41,1.63,2.51,93.78,1.08,4.03,93.22,1.94,3.15,92.44,1.56,4.39,2.724,0.0454,FieldSure-Narcotics-v2.1,0.909,NEG_NO_REACTION,VALIDATED_LAB_CONFIRMED,LAB-CONFIRM-81616,FTIR (Fourier Transform Infrared Spectroscopy),Fentanyl HCl (Trace / Weak Response),2.9,None (High Purity Grade),TRUE_POSITIVE,INDEPENDENT_HELD_OUT_TEST_SET
FS-2026-01618,2026-08-15T05:11:00Z,OP-FORENSIC-113,Metropolitan_Task_Force,Liquid Solution (Diluted),Simon's Reagent (Sodium Nitroprusside/Acetaldehyde),LOT-2026-SIMN-217,564,28.9,PASS,1.75,92.99,0.71,2.88,92.79,0.54,4.4,91.33,1.52,2.07,91.24,1.96,3.68,2.295,0.0382,FieldSure-Narcotics-v2.1,0.974,NEG_NO_REACTION,VALIDATED_LAB_CONFIRMED,LAB-CONFIRM-81617,GC-MS (Gas Chromatography-Mass Spectrometry),Heroin Hydrochloride,58.66,Caffeine (14.5%),TRUE_POSITIVE,INDEPENDENT_HELD_OUT_TEST_SET
FS-2026-01619,2026-08-15T11:46:00Z,OP-FORENSIC-111,Border_Control_Post_3,Crystalline Powder,Scott Reagent (Cobalt Thiocyanate Phase),LOT-2026-SCOT-362,2363,28.2,PASS,1.724,95.92,1.17,4.81,76.6,9.0,7.99,60.66,15.8,10.92,51.09,20.52,12.27,49.394,0.8232,FieldSure-Narcotics-v2.1,0.955,POS_COCAINE,VALIDATED_LAB_CONFIRMED,LAB-CONFIRM-81618,LC-MS/MS (Liquid Chromatography-Tandem Mass Spectrometry),Cocaine Hydrochloride,87.21,Phenacetin (11.0%),TRUE_POSITIVE,INDEPENDENT_HELD_OUT_TEST_SET
FS-2026-01620,2026-08-15T17:37:00Z,OP-FORENSIC-112,State_Forensic_Field_Team,Crystalline Powder,Mecke Reagent (Selenious Acid/Sulfuric Acid),LOT-2026-MECK-532,564,17.8,PASS,1.425,89.59,0.53,3.18,87.01,0.86,1.96,88.57,0.68,3.09,87.11,0.59,2.24,2.653,0.0442,FieldSure-Narcotics-v2.1,0.978,NEG_NO_REACTION,VALIDATED_LAB_CONFIRMED,LAB-CONFIRM-81619,GC-MS (Gas Chromatography-Mass Spectrometry),Inert Cutting Agent (Lactose/Caffeine),0.0,N/A (Inert Sample),TRUE_NEGATIVE,INDEPENDENT_HELD_OUT_TEST_SET
FS-2026-01621,2026-08-15T18:17:00Z,OP-FORENSIC-106,Border_Control_Post_3,Off-White Powder,Duquenois-Levine Reagent (Vanillin/Acetaldehyde),LOT-2026-DUQN-803,7589,26.0,PASS,0.838,90.7,1.58,4.64,72.0,-2.95,2.82,57.54,-7.46,4.31,48.85,-9.04,4.72,43.177,0.7196,FieldSure-Narcotics-v2.1,0.937,POS_CANNABINOID_THC,VALIDATED_LAB_CONFIRMED,LAB-CONFIRM-81620,FTIR (Fourier Transform Infrared Spectroscopy),Delta-9-THC,74.08,None (High Purity Grade),TRUE_POSITIVE,INDEPENDENT_HELD_OUT_TEST_SET
FS-2026-01622,2026-08-15T22:00:00Z,OP-FORENSIC-104,Metropolitan_Task_Force,Crystalline Powder,Simon's Reagent (Sodium Nitroprusside/Acetaldehyde),LOT-2026-SIMN-711,564,20.2,PASS,1.478,94.44,1.88,2.84,92.16,2.52,2.64,92.43,2.33,3.34,92.6,4.4,5.15,3.882,0.0647,FieldSure-Narcotics-v2.1,0.914,NEG_NO_REACTION,VALIDATED_LAB_CONFIRMED,LAB-CONFIRM-81621,GC-MS (Gas Chromatography-Mass Spectrometry),Fentanyl HCl (Trace / Weak Response),15.3,Caffeine (14.5%),TRUE_POSITIVE,INDEPENDENT_HELD_OUT_TEST_SET
FS-2026-01623,2026-08-15T23:33:00Z,OP-FORENSIC-106,Metropolitan_Task_Force,Crystalline Powder,Duquenois-Levine Reagent (Vanillin/Acetaldehyde),LOT-2026-DUQN-557,7589,28.9,PASS,0.505,90.13,-0.96,4.91,88.8,0.31,5.23,88.82,0.56,5.5,88.11,0.73,4.3,2.703,0.045,FieldSure-Narcotics-v2.1,0.957,NEG_NO_REACTION,VALIDATED_LAB_CONFIRMED,LAB-CONFIRM-81622,GC-MS (Gas Chromatography-Mass Spectrometry),LSD (Lysergic Acid Diethylamide),47.83,Caffeine (14.5%),TRUE_POSITIVE,INDEPENDENT_HELD_OUT_TEST_SET
FS-2026-01624,2026-08-16T01:45:00Z,OP-FORENSIC-114,State_Forensic_Field_Team,Tar/Sticky Resin,Mandelin Reagent (Ammonium Vanadate/Sulfuric Acid),LOT-2026-MAND-798,564,24.8,PASS,1.174,95.14,0.94,4.67,94.02,0.58,6.1,94.36,1.22,5.36,94.28,0.44,5.66,1.403,0.0234,FieldSure-Narcotics-v2.1,0.982,NEG_NO_REACTION,VALIDATED_LAB_CONFIRMED,LAB-CONFIRM-81623,GC-MS (Gas Chromatography-Mass Spectrometry),Heroin Hydrochloride,67.85,Phenacetin (11.0%),TRUE_POSITIVE,INDEPENDENT_HELD_OUT_TEST_SET
FS-2026-01625,2026-08-16T02:30:00Z,OP-FORENSIC-123,State_Forensic_Field_Team,Off-White Powder,Ehrlich Reagent (p-DMAB/HCl),LOT-2026-EHRL-956,564,27.5,PASS,1.819,94.98,-1.26,4.06,79.97,7.31,-1.53,67.47,10.96,-6.44,60.73,15.2,-7.79,39.805,0.6634,FieldSure-Narcotics-v2.1,0.978,POS_INDOLE_LSD,VALIDATED_LAB_CONFIRMED,LAB-CONFIRM-81624,GC-MS (Gas Chromatography-Mass Spectrometry),LSD (Lysergic Acid Diethylamide),25.51,Dimethylsulfone (18.4%),TRUE_POSITIVE,INDEPENDENT_HELD_OUT_TEST_SET
FS-2026-01626,2026-08-16T02:56:00Z,OP-FORENSIC-104,Customs_Evidence_Unit,Paper Blotter Segment,Duquenois-Levine Reagent (Vanillin/Acetaldehyde),LOT-2026-DUQN-116,564,30.8,PASS,0.995,89.59,1.18,4.65,88.15,1.25,4.95,88.1,0.3,5.6,86.78,0.75,6.83,3.582,0.0597,FieldSure-Narcotics-v2.1,0.958,NEG_NO_REACTION,VALIDATED_LAB_CONFIRMED,LAB-CONFIRM-81625,GC-MS (Gas Chromatography-Mass Spectrometry),Inert Cutting Agent (Lactose/Caffeine),0.0,N/A (Inert Sample),TRUE_NEGATIVE,INDEPENDENT_HELD_OUT_TEST_SET
FS-2026-01627,2026-08-16T04:56:00Z,OP-FORENSIC-120,District_Lab_North,Crystalline Powder,Marquis Reagent (Formaldehyde/Sulfuric Acid),LOT-2026-MARQ-688,564,30.4,PASS,0.37,90.88,2.24,1.9,66.83,1.28,8.41,49.81,-0.26,14.25,38.98,-0.49,17.76,54.338,0.9056,FieldSure-Narcotics-v2.1,0.946,POS_MDMA,VALIDATED_LAB_CONFIRMED,LAB-CONFIRM-81626,LC-MS/MS (Liquid Chromatography-Tandem Mass Spectrometry),"3,4-MDMA (Ecstasy)",81.2,Dimethylsulfone (18.4%),TRUE_POSITIVE,INDEPENDENT_HELD_OUT_TEST_SET
FS-2026-01628,2026-08-16T05:01:00Z,OP-FORENSIC-107,District_Lab_North,Crystalline Powder,Marquis Reagent (Formaldehyde/Sulfuric Acid),LOT-2026-MARQ-819,2363,29.6,PASS,1.089,88.87,-1.11,5.79,65.58,17.94,3.7,44.53,32.71,3.08,34.82,41.89,2.67,69.139,1.1523,FieldSure-Narcotics-v2.1,0.947,POS_OPIATE_HEROIN,VALIDATED_LAB_CONFIRMED,LAB-CONFIRM-81627,GC-MS (Gas Chromatography-Mass Spectrometry),Heroin Hydrochloride,59.08,Caffeine (14.5%),TRUE_POSITIVE,INDEPENDENT_HELD_OUT_TEST_SET
FS-2026-01629,2026-08-16T05:57:00Z,OP-FORENSIC-102,Metropolitan_Task_Force,Crystalline Powder,Simon's Reagent (Sodium Nitroprusside/Acetaldehyde),LOT-2026-SIMN-858,2363,20.9,FAIL_EXPOSURE,5.629,90.01,1.42,1.12,,,,,,,,,,,,FieldSure-Narcotics-v2.1,0.162,ABSTAIN_FAIL_EXPOSURE,UNVALIDATED_QC_ABSTAIN,LAB-CONFIRM-81628,GC-MS (Gas Chromatography-Mass Spectrometry),LSD (Lysergic Acid Diethylamide),49.95,Dimethylsulfone (18.4%),ABSTAINED_NO_PREDICTION,INDEPENDENT_HELD_OUT_TEST_SET
FS-2026-01630,2026-08-16T07:06:00Z,OP-FORENSIC-106,State_Forensic_Field_Team,Pressed Tablet (Crushed),Mandelin Reagent (Ammonium Vanadate/Sulfuric Acid),LOT-2026-MAND-672,2363,25.6,PASS,1.396,93.8,1.01,2.42,93.33,0.75,3.68,93.14,1.45,4.56,92.62,1.1,4.74,2.604,0.0434,FieldSure-Narcotics-v2.1,0.958,NEG_NO_REACTION,VALIDATED_LAB_CONFIRMED,LAB-CONFIRM-81629,GC-MS (Gas Chromatography-Mass Spectrometry),Delta-9-THC,58.38,None (High Purity Grade),TRUE_POSITIVE,INDEPENDENT_HELD_OUT_TEST_SET
FS-2026-01631,2026-08-16T10:56:00Z,OP-FORENSIC-112,District_Lab_North,Pressed Tablet (Crushed),Marquis Reagent (Formaldehyde/Sulfuric Acid),LOT-2026-MARQ-169,2363,29.7,PASS,1.366,91.13,1.94,3.69,77.75,2.99,6.4,66.94,3.46,7.91,62.19,3.99,7.57,29.271,0.4878,FieldSure-Narcotics-v2.1,0.957,POS_METHAMPHETAMINE,VALIDATED_LAB_CONFIRMED,LAB-CONFIRM-81630,GC-MS (Gas Chromatography-Mass Spectrometry),Methamphetamine HCl,71.48,Caffeine (14.5%),TRUE_POSITIVE,INDEPENDENT_HELD_OUT_TEST_SET
FS-2026-01632,2026-08-16T16:55:00Z,OP-FORENSIC-108,District_Lab_North,Off-White Powder,Simon's Reagent (Sodium Nitroprusside/Acetaldehyde),LOT-2026-SIMN-812,7589,27.2,PASS,1.285,94.56,-0.41,3.0,94.56,-1.12,3.69,95.23,-1.69,5.48,94.25,-2.43,5.95,3.589,0.0598,FieldSure-Narcotics-v2.1,0.935,NEG_NO_REACTION,VALIDATED_LAB_CONFIRMED,LAB-CONFIRM-81631,GC-MS (Gas Chromatography-Mass Spectrometry),"3,4-MDMA (Ecstasy)",61.37,None (High Purity Grade),TRUE_POSITIVE,INDEPENDENT_HELD_OUT_TEST_SET
FS-2026-01633,2026-08-16T17:31:00Z,OP-FORENSIC-106,Customs_Evidence_Unit,Pressed Tablet (Crushed),Scott Reagent (Cobalt Thiocyanate Phase),LOT-2026-SCOT-932,564,25.5,PASS,0.866,95.98,-0.98,5.87,93.28,-1.71,5.42,93.73,-2.24,4.49,92.23,-2.29,4.89,4.091,0.0682,FieldSure-Narcotics-v2.1,0.903,NEG_NO_REACTION,VALIDATED_LAB_CONFIRMED,LAB-CONFIRM-81632,GC-MS (Gas Chromatography-Mass Spectrometry),"3,4-MDMA (Ecstasy)",67.36,Dimethylsulfone (18.4%),TRUE_POSITIVE,INDEPENDENT_HELD_OUT_TEST_SET
FS-2026-01634,2026-08-16T18:23:00Z,OP-FORENSIC-119,State_Forensic_Field_Team,Pressed Tablet (Crushed),Mandelin Reagent (Ammonium Vanadate/Sulfuric Acid),LOT-2026-MAND-396,2363,23.3,PASS,0.393,92.75,1.18,4.78,92.95,0.44,5.24,93.9,-0.33,4.45,93.04,0.23,5.21,1.082,0.018,FieldSure-Narcotics-v2.1,0.978,NEG_NO_REACTION,VALIDATED_LAB_CONFIRMED,LAB-CONFIRM-81633,GC-MS (Gas Chromatography-Mass Spectrometry),Delta-9-THC,70.81,Phenacetin (11.0%),TRUE_POSITIVE,INDEPENDENT_HELD_OUT_TEST_SET
FS-2026-01635,2026-08-16T18:45:00Z,OP-FORENSIC-108,District_Lab_North,Crystalline Powder,Ehrlich Reagent (p-DMAB/HCl),LOT-2026-EHRL-993,564,17.9,PASS,1.522,86.99,2.21,3.43,87.49,2.03,4.6,86.16,2.4,4.2,85.61,1.38,4.48,1.922,0.032,FieldSure-Narcotics-v2.1,0.986,NEG_NO_REACTION,VALIDATED_LAB_CONFIRMED,LAB-CONFIRM-81634,GC-MS (Gas Chromatography-Mass Spectrometry),Procaine / Benzocaine (Local Anesthetic),0.0,N/A (Inert Sample),TRUE_NEGATIVE,INDEPENDENT_HELD_OUT_TEST_SET
FS-2026-01636,2026-08-17T01:40:00Z,OP-FORENSIC-109,Customs_Evidence_Unit,Pressed Tablet (Crushed),Scott Reagent (Cobalt Thiocyanate Phase),LOT-2026-SCOT-476,2363,18.1,PASS,0.506,87.39,-0.08,5.69,86.63,0.69,5.99,87.07,0.09,5.29,88.16,1.1,4.88,1.625,0.0271,FieldSure-Narcotics-v2.1,0.905,NEG_NO_REACTION,VALIDATED_LAB_CONFIRMED,LAB-CONFIRM-81635,GC-MS (Gas Chromatography-Mass Spectrometry),LSD (Lysergic Acid Diethylamide),34.59,Dimethylsulfone (18.4%),TRUE_POSITIVE,INDEPENDENT_HELD_OUT_TEST_SET
FS-2026-01637,2026-08-17T05:23:00Z,OP-FORENSIC-100,District_Lab_North,Off-White Powder,Ehrlich Reagent (p-DMAB/HCl),LOT-2026-EHRL-458,2363,28.1,PASS,1.099,92.01,1.84,3.16,90.64,3.28,5.03,91.72,2.06,5.01,91.06,2.09,5.85,2.864,0.0477,FieldSure-Narcotics-v2.1,0.959,NEG_NO_REACTION,VALIDATED_LAB_CONFIRMED,LAB-CONFIRM-81636,GC-MS (Gas Chromatography-Mass Spectrometry),Procaine / Benzocaine (Local Anesthetic),0.0,N/A (Inert Sample),TRUE_NEGATIVE,INDEPENDENT_HELD_OUT_TEST_SET
FS-2026-01638,2026-08-17T05:53:00Z,OP-FORENSIC-124,Border_Control_Post_3,Off-White Powder,Mandelin Reagent (Ammonium Vanadate/Sulfuric Acid),LOT-2026-MAND-558,564,20.7,PASS,0.581,90.8,2.11,4.15,88.42,1.35,5.43,89.28,0.88,6.12,88.66,1.02,6.45,3.325,0.0554,FieldSure-Narcotics-v2.1,0.895,NEG_NO_REACTION,VALIDATED_LAB_CONFIRMED,LAB-CONFIRM-81637,LC-MS/MS (Liquid Chromatography-Tandem Mass Spectrometry),Cocaine Hydrochloride,72.86,Dimethylsulfone (18.4%),TRUE_POSITIVE,INDEPENDENT_HELD_OUT_TEST_SET
FS-2026-01639,2026-08-17T07:49:00Z,OP-FORENSIC-121,State_Forensic_Field_Team,Pressed Tablet (Crushed),Mandelin Reagent (Ammonium Vanadate/Sulfuric Acid),LOT-2026-MAND-682,7589,26.0,PASS,0.739,87.72,0.61,2.71,87.91,0.68,4.68,87.44,0.37,3.25,87.19,-0.81,4.41,2.278,0.038,FieldSure-Narcotics-v2.1,0.95,NEG_NO_REACTION,VALIDATED_LAB_CONFIRMED,LAB-CONFIRM-81638,LC-MS/MS (Liquid Chromatography-Tandem Mass Spectrometry),Procaine / Benzocaine (Local Anesthetic),0.0,N/A (Inert Sample),TRUE_NEGATIVE,INDEPENDENT_HELD_OUT_TEST_SET
FS-2026-01640,2026-08-17T10:45:00Z,OP-FORENSIC-102,District_Lab_North,Crystalline Powder,Mecke Reagent (Selenious Acid/Sulfuric Acid),LOT-2026-MECK-918,564,23.4,PASS,0.968,94.47,-0.27,5.55,94.41,-0.67,5.74,94.07,-0.61,5.14,95.2,-0.81,5.03,1.046,0.0174,FieldSure-Narcotics-v2.1,0.955,NEG_NO_REACTION,VALIDATED_LAB_CONFIRMED,LAB-CONFIRM-81639,LC-MS/MS (Liquid Chromatography-Tandem Mass Spectrometry),Fentanyl HCl (Trace / Weak Response),12.65,Dimethylsulfone (18.4%),TRUE_POSITIVE,INDEPENDENT_HELD_OUT_TEST_SET
FS-2026-01641,2026-08-17T11:45:00Z,OP-FORENSIC-107,Metropolitan_Task_Force,Pressed Tablet (Crushed),Mecke Reagent (Selenious Acid/Sulfuric Acid),LOT-2026-MECK-350,564,24.8,FAIL_GLARE,12.72,88.99,2.38,2.22,,,,,,,,,,,,FieldSure-Narcotics-v2.1,0.024,ABSTAIN_FAIL_GLARE,UNVALIDATED_QC_ABSTAIN,LAB-CONFIRM-81640,FTIR (Fourier Transform Infrared Spectroscopy),Procaine / Benzocaine (Local Anesthetic),0.0,N/A (Inert Sample),ABSTAINED_NO_PREDICTION,INDEPENDENT_HELD_OUT_TEST_SET
FS-2026-01642,2026-08-17T12:11:00Z,OP-FORENSIC-102,State_Forensic_Field_Team,Crystalline Powder,Mandelin Reagent (Ammonium Vanadate/Sulfuric Acid),LOT-2026-MAND-549,2363,23.2,PASS,1.135,95.7,1.06,4.15,96.08,0.48,4.48,95.09,0.29,3.0,95.03,0.07,2.36,2.152,0.0359,FieldSure-Narcotics-v2.1,0.896,NEG_NO_REACTION,VALIDATED_LAB_CONFIRMED,LAB-CONFIRM-81641,GC-MS (Gas Chromatography-Mass Spectrometry),Inert Cutting Agent (Lactose/Caffeine),0.0,N/A (Inert Sample),TRUE_NEGATIVE,INDEPENDENT_HELD_OUT_TEST_SET
FS-2026-01643,2026-08-17T13:48:00Z,OP-FORENSIC-118,State_Forensic_Field_Team,Pressed Tablet (Crushed),Scott Reagent (Cobalt Thiocyanate Phase),LOT-2026-SCOT-739,564,29.1,PASS,0.626,93.84,0.25,4.41,93.87,0.81,4.18,92.48,1.68,3.78,90.92,0.6,3.5,3.078,0.0513,FieldSure-Narcotics-v2.1,0.937,NEG_NO_REACTION,VALIDATED_LAB_CONFIRMED,LAB-CONFIRM-81642,GC-MS (Gas Chromatography-Mass Spectrometry),LSD (Lysergic Acid Diethylamide),45.79,Caffeine (14.5%),TRUE_POSITIVE,INDEPENDENT_HELD_OUT_TEST_SET
FS-2026-01644,2026-08-17T14:59:00Z,OP-FORENSIC-104,Border_Control_Post_3,Tar/Sticky Resin,Scott Reagent (Cobalt Thiocyanate Phase),LOT-2026-SCOT-403,564,23.8,PASS,0.793,88.3,0.58,4.27,85.79,0.32,4.98,85.85,0.2,5.99,85.38,0.34,6.57,3.725,0.0621,FieldSure-Narcotics-v2.1,0.983,NEG_NO_REACTION,VALIDATED_LAB_CONFIRMED,LAB-CONFIRM-81643,GC-MS (Gas Chromatography-Mass Spectrometry),Fentanyl HCl (Trace / Weak Response),11.76,Lactose / Starch,TRUE_POSITIVE,INDEPENDENT_HELD_OUT_TEST_SET
FS-2026-01645,2026-08-17T15:54:00Z,OP-FORENSIC-100,Customs_Evidence_Unit,Plant Matter Extract,Mandelin Reagent (Ammonium Vanadate/Sulfuric Acid),LOT-2026-MAND-588,7589,25.3,PASS,1.297,88.83,2.44,5.13,88.31,3.4,5.0,88.05,1.74,5.96,87.84,1.83,6.8,2.035,0.0339,FieldSure-Narcotics-v2.1,0.893,NEG_NO_REACTION,VALIDATED_LAB_CONFIRMED,LAB-CONFIRM-81644,GC-MS (Gas Chromatography-Mass Spectrometry),Procaine / Benzocaine (Local Anesthetic),0.0,N/A (Inert Sample),TRUE_NEGATIVE,INDEPENDENT_HELD_OUT_TEST_SET
FS-2026-01646,2026-08-17T18:51:00Z,OP-FORENSIC-103,Border_Control_Post_3,Crystalline Powder,Mandelin Reagent (Ammonium Vanadate/Sulfuric Acid),LOT-2026-MAND-293,564,20.1,PASS,1.243,95.49,-0.3,5.69,93.72,0.67,5.5,93.54,0.7,6.93,92.47,1.37,7.55,3.92,0.0653,FieldSure-Narcotics-v2.1,0.929,NEG_NO_REACTION,VALIDATED_LAB_CONFIRMED,LAB-CONFIRM-81645,GC-MS (Gas Chromatography-Mass Spectrometry),Methamphetamine HCl,71.11,Caffeine (14.5%),TRUE_POSITIVE,INDEPENDENT_HELD_OUT_TEST_SET
FS-2026-01647,2026-08-17T19:59:00Z,OP-FORENSIC-110,Customs_Evidence_Unit,Pressed Tablet (Crushed),Ehrlich Reagent (p-DMAB/HCl),LOT-2026-EHRL-318,7589,22.3,PASS,0.644,86.68,1.57,2.44,70.7,-1.01,-9.76,57.33,-1.45,-17.07,49.33,-1.69,-21.14,44.291,0.7382,FieldSure-Narcotics-v2.1,0.906,POS_INDOLE_LSD,VALIDATED_LAB_CONFIRMED,LAB-CONFIRM-81646,GC-MS (Gas Chromatography-Mass Spectrometry),LSD (Lysergic Acid Diethylamide),27.98,Levamisole (8.2%),TRUE_POSITIVE,INDEPENDENT_HELD_OUT_TEST_SET
FS-2026-01648,2026-08-17T20:10:00Z,OP-FORENSIC-116,Border_Control_Post_3,Crystalline Powder,Scott Reagent (Cobalt Thiocyanate Phase),LOT-2026-SCOT-925,564,26.7,PASS,1.167,91.0,2.18,4.68,67.18,14.52,23.02,47.02,23.67,36.34,37.6,28.02,44.87,71.655,1.1942,FieldSure-Narcotics-v2.1,0.975,POS_COCAINE,VALIDATED_LAB_CONFIRMED,LAB-CONFIRM-81647,GC-MS (Gas Chromatography-Mass Spectrometry),Cocaine Hydrochloride,81.02,None (High Purity Grade),TRUE_POSITIVE,INDEPENDENT_HELD_OUT_TEST_SET
FS-2026-01649,2026-08-17T21:28:00Z,OP-FORENSIC-117,State_Forensic_Field_Team,Pressed Tablet (Crushed),Mecke Reagent (Selenious Acid/Sulfuric Acid),LOT-2026-MECK-184,564,24.2,PASS,1.811,95.21,0.27,5.38,95.36,-0.78,6.89,94.46,-0.15,6.79,95.01,-0.24,6.44,1.193,0.0199,FieldSure-Narcotics-v2.1,0.894,NEG_NO_REACTION,VALIDATED_LAB_CONFIRMED,LAB-CONFIRM-81648,FTIR (Fourier Transform Infrared Spectroscopy),LSD (Lysergic Acid Diethylamide),23.99,Lactose / Starch,TRUE_POSITIVE,INDEPENDENT_HELD_OUT_TEST_SET
FS-2026-01650,2026-08-17T23:11:00Z,OP-FORENSIC-117,Customs_Evidence_Unit,Off-White Powder,Ehrlich Reagent (p-DMAB/HCl),LOT-2026-EHRL-611,7589,26.4,PASS,1.31,86.34,-0.78,2.86,85.38,-0.33,3.0,83.53,-1.96,2.81,83.65,-2.58,2.08,3.329,0.0555,FieldSure-Narcotics-v2.1,0.943,NEG_NO_REACTION,VALIDATED_LAB_CONFIRMED,LAB-CONFIRM-81649,GC-MS (Gas Chromatography-Mass Spectrometry),Procaine / Benzocaine (Local Anesthetic),0.0,N/A (Inert Sample),TRUE_NEGATIVE,INDEPENDENT_HELD_OUT_TEST_SET
FS-2026-01651,2026-08-18T02:01:00Z,OP-FORENSIC-101,Customs_Evidence_Unit,Off-White Powder,Mandelin Reagent (Ammonium Vanadate/Sulfuric Acid),LOT-2026-MAND-186,2363,25.2,FAIL_BLUR,5.191,87.08,2.42,4.87,,,,,,,,,,,,FieldSure-Narcotics-v2.1,0.098,ABSTAIN_FAIL_BLUR,UNVALIDATED_QC_ABSTAIN,LAB-CONFIRM-81650,GC-MS (Gas Chromatography-Mass Spectrometry),Delta-9-THC,41.76,Dimethylsulfone (18.4%),ABSTAINED_NO_PREDICTION,INDEPENDENT_HELD_OUT_TEST_SET
FS-2026-01652,2026-08-18T02:06:00Z,OP-FORENSIC-122,Metropolitan_Task_Force,Crystalline Powder,Mecke Reagent (Selenious Acid/Sulfuric Acid),LOT-2026-MECK-704,564,27.8,PASS,1.243,94.5,1.09,5.34,93.57,1.76,6.14,95.68,1.82,6.47,94.03,1.45,7.35,2.095,0.0349,FieldSure-Narcotics-v2.1,0.943,NEG_NO_REACTION,VALIDATED_LAB_CONFIRMED,LAB-CONFIRM-81651,GC-MS (Gas Chromatography-Mass Spectrometry),Fentanyl HCl (Trace / Weak Response),5.37,None (High Purity Grade),TRUE_POSITIVE,INDEPENDENT_HELD_OUT_TEST_SET
FS-2026-01653,2026-08-18T04:19:00Z,OP-FORENSIC-106,Customs_Evidence_Unit,Crystalline Powder,Mandelin Reagent (Ammonium Vanadate/Sulfuric Acid),LOT-2026-MAND-921,564,19.6,FAIL_GEOMETRY,11.686,95.42,-1.33,1.82,,,,,,,,,,,,FieldSure-Narcotics-v2.1,0.131,ABSTAIN_FAIL_GEOMETRY,UNVALIDATED_QC_ABSTAIN,LAB-CONFIRM-81652,GC-MS (Gas Chromatography-Mass Spectrometry),Fentanyl HCl (Trace / Weak Response),14.45,Caffeine (14.5%),ABSTAINED_NO_PREDICTION,INDEPENDENT_HELD_OUT_TEST_SET
FS-2026-01654,2026-08-18T10:42:00Z,OP-FORENSIC-102,Customs_Evidence_Unit,Off-White Powder,Mandelin Reagent (Ammonium Vanadate/Sulfuric Acid),LOT-2026-MAND-259,564,16.7,PASS,1.109,86.94,-1.03,1.76,87.51,-0.72,1.62,88.06,-1.04,2.15,87.6,-0.93,2.13,0.763,0.0127,FieldSure-Narcotics-v2.1,0.942,NEG_NO_REACTION,VALIDATED_LAB_CONFIRMED,LAB-CONFIRM-81653,GC-MS (Gas Chromatography-Mass Spectrometry),Fentanyl HCl (Trace / Weak Response),12.47,None (High Purity Grade),TRUE_POSITIVE,INDEPENDENT_HELD_OUT_TEST_SET
FS-2026-01655,2026-08-18T11:17:00Z,OP-FORENSIC-102,State_Forensic_Field_Team,Pressed Tablet (Crushed),Duquenois-Levine Reagent (Vanillin/Acetaldehyde),LOT-2026-DUQN-704,564,22.3,PASS,0.623,86.6,1.98,1.65,83.52,2.23,1.6,83.6,1.59,0.14,82.86,2.75,0.86,3.899,0.065,FieldSure-Narcotics-v2.1,0.93,NEG_NO_REACTION,VALIDATED_LAB_CONFIRMED,LAB-CONFIRM-81654,GC-MS (Gas Chromatography-Mass Spectrometry),"3,4-MDMA (Ecstasy)",74.69,None (High Purity Grade),TRUE_POSITIVE,INDEPENDENT_HELD_OUT_TEST_SET
FS-2026-01656,2026-08-18T11:40:00Z,OP-FORENSIC-114,State_Forensic_Field_Team,Crystalline Powder,Mecke Reagent (Selenious Acid/Sulfuric Acid),LOT-2026-MECK-637,7589,22.7,PASS,0.846,86.89,-1.2,4.43,86.33,-0.84,3.55,84.85,-0.15,4.19,83.87,0.22,5.05,3.394,0.0566,FieldSure-Narcotics-v2.1,0.955,NEG_NO_REACTION,VALIDATED_LAB_CONFIRMED,LAB-CONFIRM-81655,GC-MS (Gas Chromatography-Mass Spectrometry),"3,4-MDMA (Ecstasy)",63.1,Phenacetin (11.0%),TRUE_POSITIVE,INDEPENDENT_HELD_OUT_TEST_SET
FS-2026-01657,2026-08-18T12:33:00Z,OP-FORENSIC-100,Metropolitan_Task_Force,Off-White Powder,Simon's Reagent (Sodium Nitroprusside/Acetaldehyde),LOT-2026-SIMN-463,7589,21.3,PASS,0.958,95.26,1.59,2.13,95.87,0.1,1.21,94.0,1.18,1.75,94.43,0.04,1.1,2.038,0.034,FieldSure-Narcotics-v2.1,0.936,NEG_NO_REACTION,VALIDATED_LAB_CONFIRMED,LAB-CONFIRM-81656,FTIR (Fourier Transform Infrared Spectroscopy),Cocaine Hydrochloride,91.09,Lactose / Starch,TRUE_POSITIVE,INDEPENDENT_HELD_OUT_TEST_SET
FS-2026-01658,2026-08-18T16:27:00Z,OP-FORENSIC-107,Customs_Evidence_Unit,Off-White Powder,Marquis Reagent (Formaldehyde/Sulfuric Acid),LOT-2026-MARQ-680,7589,26.6,PASS,1.68,92.9,-1.26,5.01,93.54,-1.64,5.68,92.61,-2.71,4.05,93.12,-2.83,3.99,1.885,0.0314,FieldSure-Narcotics-v2.1,0.973,NEG_NO_REACTION,VALIDATED_LAB_CONFIRMED,LAB-CONFIRM-81657,GC-MS (Gas Chromatography-Mass Spectrometry),Procaine / Benzocaine (Local Anesthetic),0.0,N/A (Inert Sample),TRUE_NEGATIVE,INDEPENDENT_HELD_OUT_TEST_SET
FS-2026-01659,2026-08-18T22:50:00Z,OP-FORENSIC-124,Border_Control_Post_3,Off-White Powder,Scott Reagent (Cobalt Thiocyanate Phase),LOT-2026-SCOT-461,7589,15.4,FAIL_GLARE,6.079,87.76,2.5,2.6,,,,,,,,,,,,FieldSure-Narcotics-v2.1,0.148,ABSTAIN_FAIL_GLARE,UNVALIDATED_QC_ABSTAIN,LAB-CONFIRM-81658,FTIR (Fourier Transform Infrared Spectroscopy),Cocaine Hydrochloride,78.83,Phenacetin (11.0%),ABSTAINED_NO_PREDICTION,INDEPENDENT_HELD_OUT_TEST_SET
FS-2026-01660,2026-08-19T02:39:00Z,OP-FORENSIC-109,District_Lab_North,Crystalline Powder,Scott Reagent (Cobalt Thiocyanate Phase),LOT-2026-SCOT-424,2363,25.6,PASS,0.835,94.18,0.68,1.49,74.41,21.45,16.68,55.94,38.42,28.29,47.17,47.89,35.69,74.889,1.2481,FieldSure-Narcotics-v2.1,0.946,POS_COCAINE,VALIDATED_LAB_CONFIRMED,LAB-CONFIRM-81659,GC-MS (Gas Chromatography-Mass Spectrometry),Cocaine Hydrochloride,87.62,Levamisole (8.2%),TRUE_POSITIVE,INDEPENDENT_HELD_OUT_TEST_SET
FS-2026-01661,2026-08-19T03:33:00Z,OP-FORENSIC-122,Customs_Evidence_Unit,Off-White Powder,Simon's Reagent (Sodium Nitroprusside/Acetaldehyde),LOT-2026-SIMN-315,564,20.0,PASS,1.736,89.51,-0.34,2.63,87.53,-1.55,3.14,86.66,-1.26,3.18,85.84,-1.79,3.67,4.081,0.068,FieldSure-Narcotics-v2.1,0.952,NEG_NO_REACTION,VALIDATED_LAB_CONFIRMED,LAB-CONFIRM-81660,LC-MS/MS (Liquid Chromatography-Tandem Mass Spectrometry),Methamphetamine HCl,71.23,Dimethylsulfone (18.4%),TRUE_POSITIVE,INDEPENDENT_HELD_OUT_TEST_SET
FS-2026-01662,2026-08-19T04:08:00Z,OP-FORENSIC-100,Border_Control_Post_3,Off-White Powder,Duquenois-Levine Reagent (Vanillin/Acetaldehyde),LOT-2026-DUQN-889,2363,24.4,PASS,1.803,88.71,1.62,2.32,86.91,0.84,2.03,85.78,0.46,2.56,85.01,0.89,3.19,3.87,0.0645,FieldSure-Narcotics-v2.1,0.973,NEG_NO_REACTION,VALIDATED_LAB_CONFIRMED,LAB-CONFIRM-81661,LC-MS/MS (Liquid Chromatography-Tandem Mass Spectrometry),Cocaine Hydrochloride,88.02,Caffeine (14.5%),TRUE_POSITIVE,INDEPENDENT_HELD_OUT_TEST_SET
FS-2026-01663,2026-08-19T04:16:00Z,OP-FORENSIC-118,Metropolitan_Task_Force,Pressed Tablet (Crushed),Scott Reagent (Cobalt Thiocyanate Phase),LOT-2026-SCOT-216,7589,27.6,PASS,0.521,89.42,-0.66,2.54,76.23,-4.09,11.69,61.38,-5.93,16.62,55.35,-7.92,20.42,39.156,0.6526,FieldSure-Narcotics-v2.1,0.995,FALSE_POS_LOCAL_ANESTHETIC,VALIDATED_LAB_CONFIRMED,LAB-CONFIRM-81662,LC-MS/MS (Liquid Chromatography-Tandem Mass Spectrometry),Procaine / Benzocaine (Local Anesthetic),0.0,N/A (Inert Sample),TRUE_POSITIVE,INDEPENDENT_HELD_OUT_TEST_SET
FS-2026-01664,2026-08-19T06:11:00Z,OP-FORENSIC-124,Customs_Evidence_Unit,Off-White Powder,Mandelin Reagent (Ammonium Vanadate/Sulfuric Acid),LOT-2026-MAND-463,564,23.6,PASS,0.977,87.65,0.87,1.72,89.39,-0.23,2.97,87.62,0.57,4.02,88.28,0.5,4.42,2.797,0.0466,FieldSure-Narcotics-v2.1,0.911,NEG_NO_REACTION,VALIDATED_LAB_CONFIRMED,LAB-CONFIRM-81663,FTIR (Fourier Transform Infrared Spectroscopy),Cocaine Hydrochloride,84.98,Lactose / Starch,TRUE_POSITIVE,INDEPENDENT_HELD_OUT_TEST_SET
FS-2026-01665,2026-08-19T13:33:00Z,OP-FORENSIC-118,District_Lab_North,Tar/Sticky Resin,Duquenois-Levine Reagent (Vanillin/Acetaldehyde),LOT-2026-DUQN-137,2363,22.2,PASS,0.543,92.39,0.6,4.12,91.92,0.45,4.55,90.32,0.83,3.48,90.63,1.4,3.14,2.167,0.0361,FieldSure-Narcotics-v2.1,0.926,NEG_NO_REACTION,VALIDATED_LAB_CONFIRMED,LAB-CONFIRM-81664,LC-MS/MS (Liquid Chromatography-Tandem Mass Spectrometry),Methamphetamine HCl,79.55,Dimethylsulfone (18.4%),TRUE_POSITIVE,INDEPENDENT_HELD_OUT_TEST_SET
FS-2026-01666,2026-08-19T14:04:00Z,OP-FORENSIC-101,Border_Control_Post_3,Off-White Powder,Mandelin Reagent (Ammonium Vanadate/Sulfuric Acid),LOT-2026-MAND-873,564,25.3,PASS,1.572,92.38,2.49,2.22,90.74,1.92,1.86,89.09,1.46,2.97,88.78,1.4,2.9,3.822,0.0637,FieldSure-Narcotics-v2.1,0.973,NEG_NO_REACTION,VALIDATED_LAB_CONFIRMED,LAB-CONFIRM-81665,GC-MS (Gas Chromatography-Mass Spectrometry),Procaine / Benzocaine (Local Anesthetic),0.0,N/A (Inert Sample),TRUE_NEGATIVE,INDEPENDENT_HELD_OUT_TEST_SET
FS-2026-01667,2026-08-19T17:02:00Z,OP-FORENSIC-120,State_Forensic_Field_Team,Pressed Tablet (Crushed),Duquenois-Levine Reagent (Vanillin/Acetaldehyde),LOT-2026-DUQN-937,564,30.1,PASS,0.535,95.17,-1.27,4.73,94.09,-1.38,5.24,94.29,0.42,5.69,94.61,-0.83,5.62,1.14,0.019,FieldSure-Narcotics-v2.1,0.979,NEG_NO_REACTION,VALIDATED_LAB_CONFIRMED,LAB-CONFIRM-81666,LC-MS/MS (Liquid Chromatography-Tandem Mass Spectrometry),Cocaine Hydrochloride,91.1,Phenacetin (11.0%),TRUE_POSITIVE,INDEPENDENT_HELD_OUT_TEST_SET
FS-2026-01668,2026-08-19T23:21:00Z,OP-FORENSIC-116,Border_Control_Post_3,Pressed Tablet (Crushed),Mecke Reagent (Selenious Acid/Sulfuric Acid),LOT-2026-MECK-335,2363,25.6,PASS,1.748,86.08,-0.25,4.54,83.06,0.84,5.49,83.23,-1.55,6.97,83.36,-0.27,6.1,3.136,0.0523,FieldSure-Narcotics-v2.1,0.949,NEG_NO_REACTION,VALIDATED_LAB_CONFIRMED,LAB-CONFIRM-81667,GC-MS (Gas Chromatography-Mass Spectrometry),Cocaine Hydrochloride,92.7,None (High Purity Grade),TRUE_POSITIVE,INDEPENDENT_HELD_OUT_TEST_SET
FS-2026-01669,2026-08-20T00:41:00Z,OP-FORENSIC-108,Border_Control_Post_3,Crystalline Powder,Scott Reagent (Cobalt Thiocyanate Phase),LOT-2026-SCOT-494,564,26.9,PASS,1.059,95.6,-0.05,3.0,96.63,0.54,2.69,94.95,-0.12,4.41,95.45,0.38,4.0,1.099,0.0183,FieldSure-Narcotics-v2.1,0.943,NEG_NO_REACTION,VALIDATED_LAB_CONFIRMED,LAB-CONFIRM-81668,GC-MS (Gas Chromatography-Mass Spectrometry),Methamphetamine HCl,77.23,None (High Purity Grade),TRUE_POSITIVE,INDEPENDENT_HELD_OUT_TEST_SET
FS-2026-01670,2026-08-20T07:17:00Z,OP-FORENSIC-104,Metropolitan_Task_Force,Crystalline Powder,Ehrlich Reagent (p-DMAB/HCl),LOT-2026-EHRL-665,564,22.8,PASS,0.826,93.31,-0.03,2.33,92.34,0.13,2.4,90.57,0.95,3.46,89.97,1.0,3.84,3.807,0.0634,FieldSure-Narcotics-v2.1,0.895,NEG_NO_REACTION,VALIDATED_LAB_CONFIRMED,LAB-CONFIRM-81669,LC-MS/MS (Liquid Chromatography-Tandem Mass Spectrometry),Procaine / Benzocaine (Local Anesthetic),0.0,N/A (Inert Sample),TRUE_NEGATIVE,INDEPENDENT_HELD_OUT_TEST_SET
FS-2026-01671,2026-08-20T15:09:00Z,OP-FORENSIC-107,State_Forensic_Field_Team,Off-White Powder,Mecke Reagent (Selenious Acid/Sulfuric Acid),LOT-2026-MECK-163,2363,21.4,PASS,1.086,92.39,1.36,2.12,90.82,0.07,2.28,90.56,1.86,0.88,90.51,1.8,0.56,2.482,0.0414,FieldSure-Narcotics-v2.1,0.937,NEG_NO_REACTION,VALIDATED_LAB_CONFIRMED,LAB-CONFIRM-81670,LC-MS/MS (Liquid Chromatography-Tandem Mass Spectrometry),"3,4-MDMA (Ecstasy)",69.45,None (High Purity Grade),TRUE_POSITIVE,INDEPENDENT_HELD_OUT_TEST_SET
FS-2026-01672,2026-08-20T15:16:00Z,OP-FORENSIC-102,Metropolitan_Task_Force,Crystalline Powder,Marquis Reagent (Formaldehyde/Sulfuric Acid),LOT-2026-MARQ-580,2363,18.6,PASS,0.436,92.28,0.53,3.81,76.19,9.62,-5.1,64.81,17.08,-13.12,57.79,20.88,-16.4,44.857,0.7476,FieldSure-Narcotics-v2.1,0.939,POS_OPIATE_HEROIN,VALIDATED_LAB_CONFIRMED,LAB-CONFIRM-81671,GC-MS (Gas Chromatography-Mass Spectrometry),Heroin Hydrochloride,81.96,Lactose / Starch,TRUE_POSITIVE,INDEPENDENT_HELD_OUT_TEST_SET
FS-2026-01673,2026-08-20T16:08:00Z,OP-FORENSIC-118,Metropolitan_Task_Force,Pressed Tablet (Crushed),Marquis Reagent (Formaldehyde/Sulfuric Acid),LOT-2026-MARQ-679,7589,29.9,FAIL_EXPOSURE,11.075,88.61,0.32,2.72,,,,,,,,,,,,FieldSure-Narcotics-v2.1,0.097,ABSTAIN_FAIL_EXPOSURE,UNVALIDATED_QC_ABSTAIN,LAB-CONFIRM-81672,FTIR (Fourier Transform Infrared Spectroscopy),LSD (Lysergic Acid Diethylamide),47.66,None (High Purity Grade),ABSTAINED_NO_PREDICTION,INDEPENDENT_HELD_OUT_TEST_SET
FS-2026-01674,2026-08-20T16:21:00Z,OP-FORENSIC-108,Customs_Evidence_Unit,Plant Matter Extract,Ehrlich Reagent (p-DMAB/HCl),LOT-2026-EHRL-777,2363,16.6,PASS,0.548,92.32,0.99,4.0,92.06,1.52,4.98,91.68,1.72,4.77,91.9,1.21,3.72,0.551,0.0092,FieldSure-Narcotics-v2.1,0.892,NEG_NO_REACTION,VALIDATED_LAB_CONFIRMED,LAB-CONFIRM-81673,LC-MS/MS (Liquid Chromatography-Tandem Mass Spectrometry),Delta-9-THC,71.2,Phenacetin (11.0%),TRUE_POSITIVE,INDEPENDENT_HELD_OUT_TEST_SET
FS-2026-01675,2026-08-20T21:46:00Z,OP-FORENSIC-112,Customs_Evidence_Unit,Off-White Powder,Simon's Reagent (Sodium Nitroprusside/Acetaldehyde),LOT-2026-SIMN-689,2363,23.5,FAIL_GLARE,6.107,87.84,-1.1,1.62,,,,,,,,,,,,FieldSure-Narcotics-v2.1,0.157,ABSTAIN_FAIL_GLARE,UNVALIDATED_QC_ABSTAIN,LAB-CONFIRM-81674,FTIR (Fourier Transform Infrared Spectroscopy),"3,4-MDMA (Ecstasy)",83.41,Levamisole (8.2%),ABSTAINED_NO_PREDICTION,INDEPENDENT_HELD_OUT_TEST_SET
FS-2026-01676,2026-08-21T03:22:00Z,OP-FORENSIC-113,District_Lab_North,Crystalline Powder,Marquis Reagent (Formaldehyde/Sulfuric Acid),LOT-2026-MARQ-146,564,21.5,PASS,0.893,95.96,-0.43,3.56,93.73,-0.01,4.57,94.06,1.34,3.94,93.78,0.93,5.07,2.98,0.0497,FieldSure-Narcotics-v2.1,0.895,NEG_NO_REACTION,VALIDATED_LAB_CONFIRMED,LAB-CONFIRM-81675,GC-MS (Gas Chromatography-Mass Spectrometry),Inert Cutting Agent (Lactose/Caffeine),0.0,N/A (Inert Sample),TRUE_NEGATIVE,INDEPENDENT_HELD_OUT_TEST_SET
FS-2026-01677,2026-08-21T03:55:00Z,OP-FORENSIC-109,Metropolitan_Task_Force,Pressed Tablet (Crushed),Simon's Reagent (Sodium Nitroprusside/Acetaldehyde),LOT-2026-SIMN-975,564,21.5,PASS,0.744,90.07,0.55,5.13,89.76,1.28,6.0,87.97,-0.01,5.95,88.38,0.35,6.39,2.117,0.0353,FieldSure-Narcotics-v2.1,0.971,NEG_NO_REACTION,VALIDATED_LAB_CONFIRMED,LAB-CONFIRM-81676,LC-MS/MS (Liquid Chromatography-Tandem Mass Spectrometry),Inert Cutting Agent (Lactose/Caffeine),0.0,N/A (Inert Sample),TRUE_NEGATIVE,INDEPENDENT_HELD_OUT_TEST_SET
FS-2026-01678,2026-08-21T04:43:00Z,OP-FORENSIC-112,District_Lab_North,Pressed Tablet (Crushed),Mandelin Reagent (Ammonium Vanadate/Sulfuric Acid),LOT-2026-MAND-712,2363,20.7,PASS,1.232,93.11,-1.28,2.2,91.67,0.4,3.83,90.72,-1.28,3.61,90.26,-0.49,3.18,3.116,0.0519,FieldSure-Narcotics-v2.1,0.949,NEG_NO_REACTION,VALIDATED_LAB_CONFIRMED,LAB-CONFIRM-81677,GC-MS (Gas Chromatography-Mass Spectrometry),Delta-9-THC,34.89,Caffeine (14.5%),TRUE_POSITIVE,INDEPENDENT_HELD_OUT_TEST_SET
FS-2026-01679,2026-08-21T06:48:00Z,OP-FORENSIC-103,Border_Control_Post_3,Crystalline Powder,Marquis Reagent (Formaldehyde/Sulfuric Acid),LOT-2026-MARQ-368,564,21.7,PASS,1.45,94.94,1.88,5.22,92.92,2.29,6.13,91.38,0.01,7.04,91.28,0.45,7.54,4.563,0.076,FieldSure-Narcotics-v2.1,0.898,NEG_NO_REACTION,VALIDATED_LAB_CONFIRMED,LAB-CONFIRM-81678,GC-MS (Gas Chromatography-Mass Spectrometry),Procaine / Benzocaine (Local Anesthetic),0.0,N/A (Inert Sample),TRUE_NEGATIVE,INDEPENDENT_HELD_OUT_TEST_SET
FS-2026-01680,2026-08-21T09:02:00Z,OP-FORENSIC-114,District_Lab_North,Off-White Powder,Mecke Reagent (Selenious Acid/Sulfuric Acid),LOT-2026-MECK-860,564,21.4,PASS,0.972,87.01,1.43,4.16,87.06,1.83,4.25,86.07,2.48,4.79,86.88,2.69,5.13,1.595,0.0266,FieldSure-Narcotics-v2.1,0.957,NEG_NO_REACTION,VALIDATED_LAB_CONFIRMED,LAB-CONFIRM-81679,FTIR (Fourier Transform Infrared Spectroscopy),Methamphetamine HCl,87.6,Phenacetin (11.0%),TRUE_POSITIVE,INDEPENDENT_HELD_OUT_TEST_SET
FS-2026-01681,2026-08-21T10:26:00Z,OP-FORENSIC-116,State_Forensic_Field_Team,Off-White Powder,Simon's Reagent (Sodium Nitroprusside/Acetaldehyde),LOT-2026-SIMN-902,2363,26.5,PASS,0.875,93.5,-0.94,3.04,91.29,-0.76,3.98,90.46,-0.64,4.68,90.03,0.09,5.25,4.241,0.0707,FieldSure-Narcotics-v2.1,0.911,NEG_NO_REACTION,VALIDATED_LAB_CONFIRMED,LAB-CONFIRM-81680,FTIR (Fourier Transform Infrared Spectroscopy),Fentanyl HCl (Trace / Weak Response),16.44,Caffeine (14.5%),TRUE_POSITIVE,INDEPENDENT_HELD_OUT_TEST_SET
FS-2026-01682,2026-08-21T14:10:00Z,OP-FORENSIC-101,Border_Control_Post_3,Off-White Powder,Simon's Reagent (Sodium Nitroprusside/Acetaldehyde),LOT-2026-SIMN-488,7589,25.1,FAIL_BLUR,4.719,92.81,1.33,4.56,,,,,,,,,,,,FieldSure-Narcotics-v2.1,0.124,ABSTAIN_FAIL_BLUR,UNVALIDATED_QC_ABSTAIN,LAB-CONFIRM-81681,LC-MS/MS (Liquid Chromatography-Tandem Mass Spectrometry),Delta-9-THC,71.16,Dimethylsulfone (18.4%),ABSTAINED_NO_PREDICTION,INDEPENDENT_HELD_OUT_TEST_SET
FS-2026-01683,2026-08-21T14:19:00Z,OP-FORENSIC-107,Metropolitan_Task_Force,Pressed Tablet (Crushed),Mecke Reagent (Selenious Acid/Sulfuric Acid),LOT-2026-MECK-910,2363,26.8,PASS,1.419,95.15,0.3,5.22,95.26,0.25,5.37,94.77,1.75,5.29,95.31,0.75,6.04,0.949,0.0158,FieldSure-Narcotics-v2.1,0.947,NEG_NO_REACTION,VALIDATED_LAB_CONFIRMED,LAB-CONFIRM-81682,GC-MS (Gas Chromatography-Mass Spectrometry),Methamphetamine HCl,87.24,Phenacetin (11.0%),TRUE_POSITIVE,INDEPENDENT_HELD_OUT_TEST_SET
FS-2026-01684,2026-08-21T14:36:00Z,OP-FORENSIC-108,State_Forensic_Field_Team,Liquid Solution (Diluted),Duquenois-Levine Reagent (Vanillin/Acetaldehyde),LOT-2026-DUQN-288,2363,18.3,PASS,0.629,90.34,2.0,2.79,90.85,0.36,2.02,90.08,1.79,2.04,89.96,2.47,1.77,1.186,0.0198,FieldSure-Narcotics-v2.1,0.994,NEG_NO_REACTION,VALIDATED_LAB_CONFIRMED,LAB-CONFIRM-81683,LC-MS/MS (Liquid Chromatography-Tandem Mass Spectrometry),Cocaine Hydrochloride,75.25,Lactose / Starch,TRUE_POSITIVE,INDEPENDENT_HELD_OUT_TEST_SET
FS-2026-01685,2026-08-21T20:19:00Z,OP-FORENSIC-105,Metropolitan_Task_Force,Crystalline Powder,Mandelin Reagent (Ammonium Vanadate/Sulfuric Acid),LOT-2026-MAND-964,2363,18.5,PASS,1.347,94.6,1.93,5.61,93.43,2.79,5.82,92.66,1.63,4.74,92.73,1.26,5.31,2.009,0.0335,FieldSure-Narcotics-v2.1,0.983,NEG_NO_REACTION,VALIDATED_LAB_CONFIRMED,LAB-CONFIRM-81684,GC-MS (Gas Chromatography-Mass Spectrometry),Cocaine Hydrochloride,76.76,None (High Purity Grade),TRUE_POSITIVE,INDEPENDENT_HELD_OUT_TEST_SET
FS-2026-01686,2026-08-21T23:02:00Z,OP-FORENSIC-123,Border_Control_Post_3,Crystalline Powder,Ehrlich Reagent (p-DMAB/HCl),LOT-2026-EHRL-615,2363,17.8,PASS,1.112,88.84,0.03,1.65,89.46,1.44,1.55,88.83,1.54,1.45,88.7,0.82,1.31,0.871,0.0145,FieldSure-Narcotics-v2.1,0.949,NEG_NO_REACTION,VALIDATED_LAB_CONFIRMED,LAB-CONFIRM-81685,GC-MS (Gas Chromatography-Mass Spectrometry),Cocaine Hydrochloride,87.71,Caffeine (14.5%),TRUE_POSITIVE,INDEPENDENT_HELD_OUT_TEST_SET
FS-2026-01687,2026-08-21T23:45:00Z,OP-FORENSIC-104,Border_Control_Post_3,Liquid Solution (Diluted),Mandelin Reagent (Ammonium Vanadate/Sulfuric Acid),LOT-2026-MAND-188,564,25.0,PASS,0.885,92.56,0.01,5.62,92.72,-0.02,5.66,90.96,0.62,5.24,90.61,1.8,5.22,2.677,0.0446,FieldSure-Narcotics-v2.1,0.956,NEG_NO_REACTION,VALIDATED_LAB_CONFIRMED,LAB-CONFIRM-81686,GC-MS (Gas Chromatography-Mass Spectrometry),LSD (Lysergic Acid Diethylamide),51.63,Lactose / Starch,TRUE_POSITIVE,INDEPENDENT_HELD_OUT_TEST_SET
FS-2026-01688,2026-08-22T01:08:00Z,OP-FORENSIC-121,District_Lab_North,Crystalline Powder,Duquenois-Levine Reagent (Vanillin/Acetaldehyde),LOT-2026-DUQN-385,7589,21.1,FAIL_BLUR,4.749,94.02,2.43,1.53,,,,,,,,,,,,FieldSure-Narcotics-v2.1,0.088,ABSTAIN_FAIL_BLUR,UNVALIDATED_QC_ABSTAIN,LAB-CONFIRM-81687,GC-MS (Gas Chromatography-Mass Spectrometry),LSD (Lysergic Acid Diethylamide),22.96,None (High Purity Grade),ABSTAINED_NO_PREDICTION,INDEPENDENT_HELD_OUT_TEST_SET
FS-2026-01689,2026-08-22T08:12:00Z,OP-FORENSIC-113,Customs_Evidence_Unit,Tar/Sticky Resin,Scott Reagent (Cobalt Thiocyanate Phase),LOT-2026-SCOT-431,564,23.4,PASS,0.477,90.02,1.76,2.29,90.9,1.57,3.88,90.02,0.59,3.54,90.02,1.36,4.16,1.912,0.0319,FieldSure-Narcotics-v2.1,0.907,NEG_NO_REACTION,VALIDATED_LAB_CONFIRMED,LAB-CONFIRM-81688,GC-MS (Gas Chromatography-Mass Spectrometry),Heroin Hydrochloride,56.73,Phenacetin (11.0%),TRUE_POSITIVE,INDEPENDENT_HELD_OUT_TEST_SET
FS-2026-01690,2026-08-22T14:50:00Z,OP-FORENSIC-118,Border_Control_Post_3,Crystalline Powder,Duquenois-Levine Reagent (Vanillin/Acetaldehyde),LOT-2026-DUQN-515,564,28.0,PASS,0.393,90.26,0.68,3.82,91.18,1.17,5.8,90.24,0.79,6.58,89.89,1.25,4.93,1.301,0.0217,FieldSure-Narcotics-v2.1,0.96,NEG_NO_REACTION,VALIDATED_LAB_CONFIRMED,LAB-CONFIRM-81689,GC-MS (Gas Chromatography-Mass Spectrometry),LSD (Lysergic Acid Diethylamide),40.44,Dimethylsulfone (18.4%),TRUE_POSITIVE,INDEPENDENT_HELD_OUT_TEST_SET
FS-2026-01691,2026-08-22T17:45:00Z,OP-FORENSIC-115,District_Lab_North,Crystalline Powder,Mandelin Reagent (Ammonium Vanadate/Sulfuric Acid),LOT-2026-MAND-914,564,24.4,PASS,0.775,89.14,1.48,1.41,88.91,0.25,2.14,88.07,-0.03,0.72,88.05,0.51,1.41,1.459,0.0243,FieldSure-Narcotics-v2.1,0.935,NEG_NO_REACTION,VALIDATED_LAB_CONFIRMED,LAB-CONFIRM-81690,GC-MS (Gas Chromatography-Mass Spectrometry),LSD (Lysergic Acid Diethylamide),16.22,Caffeine (14.5%),TRUE_POSITIVE,INDEPENDENT_HELD_OUT_TEST_SET
FS-2026-01692,2026-08-22T18:09:00Z,OP-FORENSIC-102,Border_Control_Post_3,Pressed Tablet (Crushed),Scott Reagent (Cobalt Thiocyanate Phase),LOT-2026-SCOT-245,564,27.9,PASS,0.517,91.13,1.54,5.72,90.63,1.76,6.66,90.87,3.52,4.61,90.51,1.95,6.0,0.794,0.0132,FieldSure-Narcotics-v2.1,0.909,NEG_NO_REACTION,VALIDATED_LAB_CONFIRMED,LAB-CONFIRM-81691,GC-MS (Gas Chromatography-Mass Spectrometry),Fentanyl HCl (Trace / Weak Response),7.39,Phenacetin (11.0%),TRUE_POSITIVE,INDEPENDENT_HELD_OUT_TEST_SET
FS-2026-01693,2026-08-22T19:30:00Z,OP-FORENSIC-119,Border_Control_Post_3,Off-White Powder,Duquenois-Levine Reagent (Vanillin/Acetaldehyde),LOT-2026-DUQN-582,564,27.8,PASS,0.822,95.97,1.78,3.57,94.08,1.69,4.02,94.36,1.29,3.16,94.85,1.08,3.26,1.357,0.0226,FieldSure-Narcotics-v2.1,0.915,NEG_NO_REACTION,VALIDATED_LAB_CONFIRMED,LAB-CONFIRM-81692,FTIR (Fourier Transform Infrared Spectroscopy),Procaine / Benzocaine (Local Anesthetic),0.0,N/A (Inert Sample),TRUE_NEGATIVE,INDEPENDENT_HELD_OUT_TEST_SET
FS-2026-01694,2026-08-23T00:47:00Z,OP-FORENSIC-106,Customs_Evidence_Unit,Crystalline Powder,Mandelin Reagent (Ammonium Vanadate/Sulfuric Acid),LOT-2026-MAND-263,564,24.3,FAIL_GLARE,5.912,89.62,0.26,2.98,,,,,,,,,,,,FieldSure-Narcotics-v2.1,0.072,ABSTAIN_FAIL_GLARE,UNVALIDATED_QC_ABSTAIN,LAB-CONFIRM-81693,GC-MS (Gas Chromatography-Mass Spectrometry),"3,4-MDMA (Ecstasy)",70.55,Dimethylsulfone (18.4%),ABSTAINED_NO_PREDICTION,INDEPENDENT_HELD_OUT_TEST_SET
FS-2026-01695,2026-08-23T02:08:00Z,OP-FORENSIC-105,State_Forensic_Field_Team,Plant Matter Extract,Marquis Reagent (Formaldehyde/Sulfuric Acid),LOT-2026-MARQ-205,2363,21.8,PASS,0.399,95.42,1.9,4.14,94.72,1.76,2.77,91.81,1.74,4.12,92.39,1.8,4.15,3.032,0.0505,FieldSure-Narcotics-v2.1,0.935,NEG_NO_REACTION,VALIDATED_LAB_CONFIRMED,LAB-CONFIRM-81694,GC-MS (Gas Chromatography-Mass Spectrometry),Delta-9-THC,54.16,None (High Purity Grade),TRUE_POSITIVE,INDEPENDENT_HELD_OUT_TEST_SET
FS-2026-01696,2026-08-23T03:41:00Z,OP-FORENSIC-118,Metropolitan_Task_Force,Pressed Tablet (Crushed),Ehrlich Reagent (p-DMAB/HCl),LOT-2026-EHRL-235,2363,26.0,FAIL_EXPOSURE,11.361,94.58,2.34,3.59,,,,,,,,,,,,FieldSure-Narcotics-v2.1,0.264,ABSTAIN_FAIL_EXPOSURE,UNVALIDATED_QC_ABSTAIN,LAB-CONFIRM-81695,LC-MS/MS (Liquid Chromatography-Tandem Mass Spectrometry),Delta-9-THC,35.03,Caffeine (14.5%),ABSTAINED_NO_PREDICTION,INDEPENDENT_HELD_OUT_TEST_SET
FS-2026-01697,2026-08-23T03:42:00Z,OP-FORENSIC-110,Customs_Evidence_Unit,Liquid Solution (Diluted),Scott Reagent (Cobalt Thiocyanate Phase),LOT-2026-SCOT-501,564,21.3,PASS,0.825,91.31,0.44,2.51,91.33,-0.06,2.73,88.54,-0.16,3.53,89.69,-0.8,3.86,2.446,0.0408,FieldSure-Narcotics-v2.1,0.898,NEG_NO_REACTION,VALIDATED_LAB_CONFIRMED,LAB-CONFIRM-81696,LC-MS/MS (Liquid Chromatography-Tandem Mass Spectrometry),"3,4-MDMA (Ecstasy)",56.72,Caffeine (14.5%),TRUE_POSITIVE,INDEPENDENT_HELD_OUT_TEST_SET
FS-2026-01698,2026-08-23T10:44:00Z,OP-FORENSIC-108,Metropolitan_Task_Force,Pressed Tablet (Crushed),Duquenois-Levine Reagent (Vanillin/Acetaldehyde),LOT-2026-DUQN-343,7589,27.6,PASS,1.324,95.89,-1.46,3.63,94.19,-2.34,4.69,94.45,-1.14,4.73,93.61,-1.34,4.58,2.473,0.0412,FieldSure-Narcotics-v2.1,0.933,NEG_NO_REACTION,VALIDATED_LAB_CONFIRMED,LAB-CONFIRM-81697,GC-MS (Gas Chromatography-Mass Spectrometry),Cocaine Hydrochloride,72.55,Levamisole (8.2%),TRUE_POSITIVE,INDEPENDENT_HELD_OUT_TEST_SET
FS-2026-01699,2026-08-23T14:00:00Z,OP-FORENSIC-115,State_Forensic_Field_Team,Pressed Tablet (Crushed),Scott Reagent (Cobalt Thiocyanate Phase),LOT-2026-SCOT-860,564,19.5,PASS,1.521,87.32,0.1,5.85,86.9,-0.13,8.23,87.11,1.46,8.25,85.7,1.35,7.56,2.667,0.0444,FieldSure-Narcotics-v2.1,0.929,NEG_NO_REACTION,VALIDATED_LAB_CONFIRMED,LAB-CONFIRM-81698,GC-MS (Gas Chromatography-Mass Spectrometry),Inert Cutting Agent (Lactose/Caffeine),0.0,N/A (Inert Sample),TRUE_NEGATIVE,INDEPENDENT_HELD_OUT_TEST_SET
FS-2026-01700,2026-08-23T15:36:00Z,OP-FORENSIC-112,Customs_Evidence_Unit,Pressed Tablet (Crushed),Scott Reagent (Cobalt Thiocyanate Phase),LOT-2026-SCOT-974,7589,20.2,FAIL_BLUR,10.716,95.54,0.31,5.81,,,,,,,,,,,,FieldSure-Narcotics-v2.1,0.213,ABSTAIN_FAIL_BLUR,UNVALIDATED_QC_ABSTAIN,LAB-CONFIRM-81699,GC-MS (Gas Chromatography-Mass Spectrometry),LSD (Lysergic Acid Diethylamide),50.24,Lactose / Starch,ABSTAINED_NO_PREDICTION,INDEPENDENT_HELD_OUT_TEST_SET
FS-2026-01701,2026-08-23T15:49:00Z,OP-FORENSIC-110,District_Lab_North,Tar/Sticky Resin,Simon's Reagent (Sodium Nitroprusside/Acetaldehyde),LOT-2026-SIMN-136,7589,14.4,PASS,1.526,94.18,1.61,1.72,93.73,2.03,3.2,93.67,1.69,1.71,92.74,0.57,1.74,1.776,0.0296,FieldSure-Narcotics-v2.1,0.908,NEG_NO_REACTION,VALIDATED_LAB_CONFIRMED,LAB-CONFIRM-81700,GC-MS (Gas Chromatography-Mass Spectrometry),Methamphetamine HCl,82.62,Phenacetin (11.0%),TRUE_POSITIVE,INDEPENDENT_HELD_OUT_TEST_SET
FS-2026-01702,2026-08-23T18:10:00Z,OP-FORENSIC-107,Border_Control_Post_3,Pressed Tablet (Crushed),Ehrlich Reagent (p-DMAB/HCl),LOT-2026-EHRL-358,564,24.1,PASS,1.109,95.42,1.97,1.57,95.11,1.99,0.83,94.69,2.02,2.95,94.27,2.0,2.17,1.297,0.0216,FieldSure-Narcotics-v2.1,0.982,NEG_NO_REACTION,VALIDATED_LAB_CONFIRMED,LAB-CONFIRM-81701,LC-MS/MS (Liquid Chromatography-Tandem Mass Spectrometry),"3,4-MDMA (Ecstasy)",86.84,Dimethylsulfone (18.4%),TRUE_POSITIVE,INDEPENDENT_HELD_OUT_TEST_SET
FS-2026-01703,2026-08-23T18:32:00Z,OP-FORENSIC-102,Metropolitan_Task_Force,Pressed Tablet (Crushed),Duquenois-Levine Reagent (Vanillin/Acetaldehyde),LOT-2026-DUQN-849,564,24.9,PASS,0.453,88.98,0.79,2.38,88.67,1.08,2.4,88.35,0.95,3.3,88.54,1.22,1.77,0.866,0.0144,FieldSure-Narcotics-v2.1,0.981,NEG_NO_REACTION,VALIDATED_LAB_CONFIRMED,LAB-CONFIRM-81702,LC-MS/MS (Liquid Chromatography-Tandem Mass Spectrometry),Inert Cutting Agent (Lactose/Caffeine),0.0,N/A (Inert Sample),TRUE_NEGATIVE,INDEPENDENT_HELD_OUT_TEST_SET
FS-2026-01704,2026-08-23T18:58:00Z,OP-FORENSIC-115,District_Lab_North,Pressed Tablet (Crushed),Simon's Reagent (Sodium Nitroprusside/Acetaldehyde),LOT-2026-SIMN-521,564,27.7,PASS,1.419,95.43,1.68,5.27,95.04,2.29,5.83,94.31,3.23,7.57,95.19,2.63,6.76,1.783,0.0297,FieldSure-Narcotics-v2.1,0.912,NEG_NO_REACTION,VALIDATED_LAB_CONFIRMED,LAB-CONFIRM-81703,GC-MS (Gas Chromatography-Mass Spectrometry),"3,4-MDMA (Ecstasy)",69.07,None (High Purity Grade),TRUE_POSITIVE,INDEPENDENT_HELD_OUT_TEST_SET
FS-2026-01705,2026-08-23T20:03:00Z,OP-FORENSIC-114,Border_Control_Post_3,Pressed Tablet (Crushed),Scott Reagent (Cobalt Thiocyanate Phase),LOT-2026-SCOT-650,564,16.1,PASS,1.345,88.0,0.02,3.21,68.04,12.81,-9.38,52.25,25.31,-17.53,43.85,30.2,-23.26,59.672,0.9945,FieldSure-Narcotics-v2.1,0.938,FALSE_POS_LOCAL_ANESTHETIC,VALIDATED_LAB_CONFIRMED,LAB-CONFIRM-81704,FTIR (Fourier Transform Infrared Spectroscopy),Procaine / Benzocaine (Local Anesthetic),0.0,N/A (Inert Sample),TRUE_POSITIVE,INDEPENDENT_HELD_OUT_TEST_SET
FS-2026-01706,2026-08-23T23:43:00Z,OP-FORENSIC-114,Customs_Evidence_Unit,Crystalline Powder,Simon's Reagent (Sodium Nitroprusside/Acetaldehyde),LOT-2026-SIMN-987,2363,23.4,PASS,1.038,94.49,-0.91,3.1,92.56,0.98,3.6,92.64,0.64,4.84,92.14,-0.03,4.8,3.031,0.0505,FieldSure-Narcotics-v2.1,0.894,NEG_NO_REACTION,VALIDATED_LAB_CONFIRMED,LAB-CONFIRM-81705,GC-MS (Gas Chromatography-Mass Spectrometry),Procaine / Benzocaine (Local Anesthetic),0.0,N/A (Inert Sample),TRUE_NEGATIVE,INDEPENDENT_HELD_OUT_TEST_SET
FS-2026-01707,2026-08-24T07:01:00Z,OP-FORENSIC-104,State_Forensic_Field_Team,Off-White Powder,Mandelin Reagent (Ammonium Vanadate/Sulfuric Acid),LOT-2026-MAND-504,564,26.4,PASS,1.279,91.39,2.27,3.7,89.19,2.7,4.4,89.45,1.87,5.8,90.19,2.13,4.55,1.477,0.0246,FieldSure-Narcotics-v2.1,0.99,NEG_NO_REACTION,VALIDATED_LAB_CONFIRMED,LAB-CONFIRM-81706,LC-MS/MS (Liquid Chromatography-Tandem Mass Spectrometry),Cocaine Hydrochloride,77.01,Dimethylsulfone (18.4%),TRUE_POSITIVE,INDEPENDENT_HELD_OUT_TEST_SET
FS-2026-01708,2026-08-24T08:53:00Z,OP-FORENSIC-117,State_Forensic_Field_Team,Crystalline Powder,Mandelin Reagent (Ammonium Vanadate/Sulfuric Acid),LOT-2026-MAND-260,564,32.3,PASS,1.743,91.7,-0.61,5.59,91.75,-0.85,5.07,91.19,-0.98,5.24,91.32,-0.11,5.71,0.639,0.0106,FieldSure-Narcotics-v2.1,0.983,NEG_NO_REACTION,VALIDATED_LAB_CONFIRMED,LAB-CONFIRM-81707,GC-MS (Gas Chromatography-Mass Spectrometry),LSD (Lysergic Acid Diethylamide),16.45,Lactose / Starch,TRUE_POSITIVE,INDEPENDENT_HELD_OUT_TEST_SET
FS-2026-01709,2026-08-24T10:39:00Z,OP-FORENSIC-109,Border_Control_Post_3,Crystalline Powder,Simon's Reagent (Sodium Nitroprusside/Acetaldehyde),LOT-2026-SIMN-757,2363,24.1,PASS,1.112,93.21,-0.21,5.94,91.79,-0.69,6.48,91.75,-1.63,8.09,90.3,-1.38,7.86,3.677,0.0613,FieldSure-Narcotics-v2.1,0.989,NEG_NO_REACTION,VALIDATED_LAB_CONFIRMED,LAB-CONFIRM-81708,FTIR (Fourier Transform Infrared Spectroscopy),Fentanyl HCl (Trace / Weak Response),4.75,Lactose / Starch,TRUE_POSITIVE,INDEPENDENT_HELD_OUT_TEST_SET
FS-2026-01710,2026-08-24T11:38:00Z,OP-FORENSIC-116,Customs_Evidence_Unit,Off-White Powder,Marquis Reagent (Formaldehyde/Sulfuric Acid),LOT-2026-MARQ-881,2363,25.2,PASS,0.802,89.81,1.0,4.11,87.8,0.81,4.26,87.62,-0.53,4.39,85.79,0.18,4.19,4.104,0.0684,FieldSure-Narcotics-v2.1,0.954,NEG_NO_REACTION,VALIDATED_LAB_CONFIRMED,LAB-CONFIRM-81709,GC-MS (Gas Chromatography-Mass Spectrometry),Cocaine Hydrochloride,72.66,Levamisole (8.2%),TRUE_POSITIVE,INDEPENDENT_HELD_OUT_TEST_SET
FS-2026-01711,2026-08-24T12:35:00Z,OP-FORENSIC-104,Customs_Evidence_Unit,Plant Matter Extract,Scott Reagent (Cobalt Thiocyanate Phase),LOT-2026-SCOT-493,2363,27.0,PASS,1.385,94.75,1.09,5.96,92.89,0.14,6.75,95.36,2.18,6.01,94.71,2.51,6.17,1.436,0.0239,FieldSure-Narcotics-v2.1,0.966,NEG_NO_REACTION,VALIDATED_LAB_CONFIRMED,LAB-CONFIRM-81710,LC-MS/MS (Liquid Chromatography-Tandem Mass Spectrometry),LSD (Lysergic Acid Diethylamide),50.03,Caffeine (14.5%),TRUE_POSITIVE,INDEPENDENT_HELD_OUT_TEST_SET
FS-2026-01712,2026-08-24T14:43:00Z,OP-FORENSIC-106,District_Lab_North,Tar/Sticky Resin,Marquis Reagent (Formaldehyde/Sulfuric Acid),LOT-2026-MARQ-989,7589,29.7,PASS,0.571,93.75,0.98,1.82,78.89,-7.44,20.91,65.94,-10.36,36.18,59.4,-15.2,44.92,57.44,0.9573,FieldSure-Narcotics-v2.1,0.908,POS_OPIATE_HEROIN,VALIDATED_LAB_CONFIRMED,LAB-CONFIRM-81711,GC-MS (Gas Chromatography-Mass Spectrometry),Heroin Hydrochloride,84.41,Dimethylsulfone (18.4%),TRUE_POSITIVE,INDEPENDENT_HELD_OUT_TEST_SET
FS-2026-01713,2026-08-24T16:18:00Z,OP-FORENSIC-105,State_Forensic_Field_Team,Crystalline Powder,Ehrlich Reagent (p-DMAB/HCl),LOT-2026-EHRL-897,564,19.4,PASS,1.717,92.84,-0.72,2.72,93.34,0.24,3.93,92.08,0.11,4.51,92.08,0.75,4.57,2.482,0.0414,FieldSure-Narcotics-v2.1,0.988,NEG_NO_REACTION,VALIDATED_LAB_CONFIRMED,LAB-CONFIRM-81712,LC-MS/MS (Liquid Chromatography-Tandem Mass Spectrometry),Heroin Hydrochloride,51.88,Dimethylsulfone (18.4%),TRUE_POSITIVE,INDEPENDENT_HELD_OUT_TEST_SET
FS-2026-01714,2026-08-24T18:40:00Z,OP-FORENSIC-100,Customs_Evidence_Unit,Crystalline Powder,Ehrlich Reagent (p-DMAB/HCl),LOT-2026-EHRL-818,564,18.8,PASS,1.639,89.65,-1.36,4.32,88.94,-3.1,5.72,88.52,-2.08,7.22,88.78,-2.55,7.35,3.37,0.0562,FieldSure-Narcotics-v2.1,0.938,NEG_NO_REACTION,VALIDATED_LAB_CONFIRMED,LAB-CONFIRM-81713,GC-MS (Gas Chromatography-Mass Spectrometry),Fentanyl HCl (Trace / Weak Response),11.94,Lactose / Starch,TRUE_POSITIVE,INDEPENDENT_HELD_OUT_TEST_SET
FS-2026-01715,2026-08-24T21:23:00Z,OP-FORENSIC-117,Border_Control_Post_3,Plant Matter Extract,Marquis Reagent (Formaldehyde/Sulfuric Acid),LOT-2026-MARQ-507,564,22.9,FAIL_EXPOSURE,6.927,94.0,0.26,5.73,,,,,,,,,,,,FieldSure-Narcotics-v2.1,0.231,ABSTAIN_FAIL_EXPOSURE,UNVALIDATED_QC_ABSTAIN,LAB-CONFIRM-81714,FTIR (Fourier Transform Infrared Spectroscopy),LSD (Lysergic Acid Diethylamide),30.33,Caffeine (14.5%),ABSTAINED_NO_PREDICTION,INDEPENDENT_HELD_OUT_TEST_SET
FS-2026-01716,2026-08-24T21:38:00Z,OP-FORENSIC-114,Customs_Evidence_Unit,Crystalline Powder,Mandelin Reagent (Ammonium Vanadate/Sulfuric Acid),LOT-2026-MAND-169,564,21.1,FAIL_EXPOSURE,6.52,86.44,-1.37,3.2,,,,,,,,,,,,FieldSure-Narcotics-v2.1,0.279,ABSTAIN_FAIL_EXPOSURE,UNVALIDATED_QC_ABSTAIN,LAB-CONFIRM-81715,GC-MS (Gas Chromatography-Mass Spectrometry),Inert Cutting Agent (Lactose/Caffeine),0.0,N/A (Inert Sample),ABSTAINED_NO_PREDICTION,INDEPENDENT_HELD_OUT_TEST_SET
FS-2026-01717,2026-08-25T00:30:00Z,OP-FORENSIC-114,Customs_Evidence_Unit,Crystalline Powder,Mandelin Reagent (Ammonium Vanadate/Sulfuric Acid),LOT-2026-MAND-511,2363,21.2,FAIL_GEOMETRY,6.103,90.51,-0.11,4.8,,,,,,,,,,,,FieldSure-Narcotics-v2.1,0.231,ABSTAIN_FAIL_GEOMETRY,UNVALIDATED_QC_ABSTAIN,LAB-CONFIRM-81716,GC-MS (Gas Chromatography-Mass Spectrometry),Heroin Hydrochloride,40.6,Lactose / Starch,ABSTAINED_NO_PREDICTION,INDEPENDENT_HELD_OUT_TEST_SET
FS-2026-01718,2026-08-25T00:50:00Z,OP-FORENSIC-102,Customs_Evidence_Unit,Tar/Sticky Resin,Ehrlich Reagent (p-DMAB/HCl),LOT-2026-EHRL-593,564,23.5,PASS,0.604,89.23,0.56,5.54,90.14,1.18,5.35,88.42,-0.24,5.78,89.16,1.15,4.71,1.021,0.017,FieldSure-Narcotics-v2.1,0.928,NEG_NO_REACTION,VALIDATED_LAB_CONFIRMED,LAB-CONFIRM-81717,GC-MS (Gas Chromatography-Mass Spectrometry),Methamphetamine HCl,86.79,Levamisole (8.2%),TRUE_POSITIVE,INDEPENDENT_HELD_OUT_TEST_SET
FS-2026-01719,2026-08-25T02:09:00Z,OP-FORENSIC-103,Border_Control_Post_3,Crystalline Powder,Scott Reagent (Cobalt Thiocyanate Phase),LOT-2026-SCOT-967,564,19.2,PASS,0.681,93.76,0.75,4.39,92.22,1.19,6.92,90.98,0.52,6.81,90.8,0.46,6.32,3.546,0.0591,FieldSure-Narcotics-v2.1,0.992,NEG_NO_REACTION,VALIDATED_LAB_CONFIRMED,LAB-CONFIRM-81718,LC-MS/MS (Liquid Chromatography-Tandem Mass Spectrometry),LSD (Lysergic Acid Diethylamide),58.27,Levamisole (8.2%),TRUE_POSITIVE,INDEPENDENT_HELD_OUT_TEST_SET
FS-2026-01720,2026-08-25T04:53:00Z,OP-FORENSIC-101,District_Lab_North,Pressed Tablet (Crushed),Simon's Reagent (Sodium Nitroprusside/Acetaldehyde),LOT-2026-SIMN-982,564,25.9,PASS,1.511,92.92,1.9,5.96,91.74,2.81,6.16,91.85,1.99,5.37,91.63,3.42,5.13,2.159,0.036,FieldSure-Narcotics-v2.1,0.947,NEG_NO_REACTION,VALIDATED_LAB_CONFIRMED,LAB-CONFIRM-81719,LC-MS/MS (Liquid Chromatography-Tandem Mass Spectrometry),Fentanyl HCl (Trace / Weak Response),9.61,Levamisole (8.2%),TRUE_POSITIVE,INDEPENDENT_HELD_OUT_TEST_SET
FS-2026-01721,2026-08-25T16:51:00Z,OP-FORENSIC-123,State_Forensic_Field_Team,Pressed Tablet (Crushed),Scott Reagent (Cobalt Thiocyanate Phase),LOT-2026-SCOT-427,2363,28.9,PASS,1.394,93.2,-0.79,5.57,90.88,-1.3,6.18,89.81,-0.52,7.66,89.49,-1.47,8.52,4.788,0.0798,FieldSure-Narcotics-v2.1,0.965,NEG_NO_REACTION,VALIDATED_LAB_CONFIRMED,LAB-CONFIRM-81720,GC-MS (Gas Chromatography-Mass Spectrometry),Heroin Hydrochloride,74.51,Phenacetin (11.0%),TRUE_POSITIVE,INDEPENDENT_HELD_OUT_TEST_SET
FS-2026-01722,2026-08-25T17:56:00Z,OP-FORENSIC-123,Border_Control_Post_3,Pressed Tablet (Crushed),Mecke Reagent (Selenious Acid/Sulfuric Acid),LOT-2026-MECK-854,2363,23.1,PASS,1.249,91.11,-1.49,5.69,90.73,-0.66,5.24,90.62,-1.31,6.73,89.86,-1.98,7.82,2.518,0.042,FieldSure-Narcotics-v2.1,0.986,NEG_NO_REACTION,VALIDATED_LAB_CONFIRMED,LAB-CONFIRM-81721,GC-MS (Gas Chromatography-Mass Spectrometry),Fentanyl HCl (Trace / Weak Response),9.93,Dimethylsulfone (18.4%),TRUE_POSITIVE,INDEPENDENT_HELD_OUT_TEST_SET
FS-2026-01723,2026-08-25T23:58:00Z,OP-FORENSIC-115,Metropolitan_Task_Force,Pressed Tablet (Crushed),Duquenois-Levine Reagent (Vanillin/Acetaldehyde),LOT-2026-DUQN-491,564,31.0,PASS,1.67,89.05,1.06,5.54,86.8,2.35,7.5,85.51,1.12,7.39,85.04,1.17,5.88,4.026,0.0671,FieldSure-Narcotics-v2.1,0.971,NEG_NO_REACTION,VALIDATED_LAB_CONFIRMED,LAB-CONFIRM-81722,GC-MS (Gas Chromatography-Mass Spectrometry),Methamphetamine HCl,73.84,Caffeine (14.5%),TRUE_POSITIVE,INDEPENDENT_HELD_OUT_TEST_SET
FS-2026-01724,2026-08-26T03:04:00Z,OP-FORENSIC-115,District_Lab_North,Off-White Powder,Duquenois-Levine Reagent (Vanillin/Acetaldehyde),LOT-2026-DUQN-211,2363,28.7,FAIL_GEOMETRY,9.261,94.94,2.03,3.0,,,,,,,,,,,,FieldSure-Narcotics-v2.1,0.026,ABSTAIN_FAIL_GEOMETRY,UNVALIDATED_QC_ABSTAIN,LAB-CONFIRM-81723,LC-MS/MS (Liquid Chromatography-Tandem Mass Spectrometry),"3,4-MDMA (Ecstasy)",86.04,None (High Purity Grade),ABSTAINED_NO_PREDICTION,INDEPENDENT_HELD_OUT_TEST_SET
FS-2026-01725,2026-08-26T08:35:00Z,OP-FORENSIC-114,Border_Control_Post_3,Pressed Tablet (Crushed),Ehrlich Reagent (p-DMAB/HCl),LOT-2026-EHRL-910,564,28.7,PASS,1.471,91.9,-0.28,1.92,67.61,7.12,9.77,49.57,14.02,14.92,38.38,17.42,17.54,58.495,0.9749,FieldSure-Narcotics-v2.1,0.914,POS_INDOLE_LSD,VALIDATED_LAB_CONFIRMED,LAB-CONFIRM-81724,GC-MS (Gas Chromatography-Mass Spectrometry),LSD (Lysergic Acid Diethylamide),28.92,Levamisole (8.2%),TRUE_POSITIVE,INDEPENDENT_HELD_OUT_TEST_SET
FS-2026-01726,2026-08-26T10:56:00Z,OP-FORENSIC-113,Customs_Evidence_Unit,Pressed Tablet (Crushed),Ehrlich Reagent (p-DMAB/HCl),LOT-2026-EHRL-505,2363,26.8,PASS,1.331,86.49,1.17,5.57,86.37,-0.48,5.81,84.46,0.38,5.64,84.21,1.62,5.63,2.325,0.0388,FieldSure-Narcotics-v2.1,0.895,NEG_NO_REACTION,VALIDATED_LAB_CONFIRMED,LAB-CONFIRM-81725,FTIR (Fourier Transform Infrared Spectroscopy),Inert Cutting Agent (Lactose/Caffeine),0.0,N/A (Inert Sample),TRUE_NEGATIVE,INDEPENDENT_HELD_OUT_TEST_SET
FS-2026-01727,2026-08-26T12:48:00Z,OP-FORENSIC-106,State_Forensic_Field_Team,Crystalline Powder,Duquenois-Levine Reagent (Vanillin/Acetaldehyde),LOT-2026-DUQN-686,564,27.0,PASS,1.072,90.09,1.32,2.98,87.96,1.34,4.0,87.08,1.85,3.84,86.52,0.61,3.87,3.747,0.0624,FieldSure-Narcotics-v2.1,0.925,NEG_NO_REACTION,VALIDATED_LAB_CONFIRMED,LAB-CONFIRM-81726,LC-MS/MS (Liquid Chromatography-Tandem Mass Spectrometry),Methamphetamine HCl,74.73,Phenacetin (11.0%),TRUE_POSITIVE,INDEPENDENT_HELD_OUT_TEST_SET
FS-2026-01728,2026-08-26T13:15:00Z,OP-FORENSIC-108,District_Lab_North,Off-White Powder,Mecke Reagent (Selenious Acid/Sulfuric Acid),LOT-2026-MECK-569,564,21.9,PASS,1.495,87.52,0.75,4.29,85.93,-0.61,3.58,85.49,-0.2,4.77,85.03,-0.71,4.42,2.889,0.0482,FieldSure-Narcotics-v2.1,0.932,NEG_NO_REACTION,VALIDATED_LAB_CONFIRMED,LAB-CONFIRM-81727,GC-MS (Gas Chromatography-Mass Spectrometry),LSD (Lysergic Acid Diethylamide),39.62,Phenacetin (11.0%),TRUE_POSITIVE,INDEPENDENT_HELD_OUT_TEST_SET
FS-2026-01729,2026-08-26T15:50:00Z,OP-FORENSIC-103,Border_Control_Post_3,Crystalline Powder,Mandelin Reagent (Ammonium Vanadate/Sulfuric Acid),LOT-2026-MAND-287,564,26.9,PASS,1.356,93.22,0.14,5.29,92.88,-0.19,4.87,91.64,-0.51,5.8,91.36,-0.75,5.91,2.153,0.0359,FieldSure-Narcotics-v2.1,0.926,NEG_NO_REACTION,VALIDATED_LAB_CONFIRMED,LAB-CONFIRM-81728,GC-MS (Gas Chromatography-Mass Spectrometry),Heroin Hydrochloride,52.46,Dimethylsulfone (18.4%),TRUE_POSITIVE,INDEPENDENT_HELD_OUT_TEST_SET
FS-2026-01730,2026-08-26T17:00:00Z,OP-FORENSIC-111,Customs_Evidence_Unit,Tar/Sticky Resin,Mecke Reagent (Selenious Acid/Sulfuric Acid),LOT-2026-MECK-289,7589,34.2,PASS,0.682,91.06,1.8,1.61,92.07,1.43,2.61,92.84,1.32,2.41,91.21,1.47,2.49,0.952,0.0159,FieldSure-Narcotics-v2.1,0.91,NEG_NO_REACTION,VALIDATED_LAB_CONFIRMED,LAB-CONFIRM-81729,LC-MS/MS (Liquid Chromatography-Tandem Mass Spectrometry),Inert Cutting Agent (Lactose/Caffeine),0.0,N/A (Inert Sample),TRUE_NEGATIVE,INDEPENDENT_HELD_OUT_TEST_SET
FS-2026-01731,2026-08-26T23:13:00Z,OP-FORENSIC-109,Border_Control_Post_3,Crystalline Powder,Mandelin Reagent (Ammonium Vanadate/Sulfuric Acid),LOT-2026-MAND-466,564,28.2,PASS,1.673,90.44,1.67,2.77,89.27,1.52,1.28,88.98,1.62,1.76,88.58,1.11,2.51,1.96,0.0327,FieldSure-Narcotics-v2.1,0.968,NEG_NO_REACTION,VALIDATED_LAB_CONFIRMED,LAB-CONFIRM-81730,LC-MS/MS (Liquid Chromatography-Tandem Mass Spectrometry),Heroin Hydrochloride,48.53,Lactose / Starch,TRUE_POSITIVE,INDEPENDENT_HELD_OUT_TEST_SET
FS-2026-01732,2026-08-27T00:11:00Z,OP-FORENSIC-103,Metropolitan_Task_Force,Plant Matter Extract,Mecke Reagent (Selenious Acid/Sulfuric Acid),LOT-2026-MECK-994,564,22.7,PASS,1.348,87.33,-1.33,1.51,85.74,-1.38,-0.11,86.51,-0.28,1.07,86.14,-0.31,2.89,2.088,0.0348,FieldSure-Narcotics-v2.1,0.936,NEG_NO_REACTION,VALIDATED_LAB_CONFIRMED,LAB-CONFIRM-81731,GC-MS (Gas Chromatography-Mass Spectrometry),Cocaine Hydrochloride,92.69,Caffeine (14.5%),TRUE_POSITIVE,INDEPENDENT_HELD_OUT_TEST_SET
FS-2026-01733,2026-08-27T06:50:00Z,OP-FORENSIC-108,State_Forensic_Field_Team,Crystalline Powder,Duquenois-Levine Reagent (Vanillin/Acetaldehyde),LOT-2026-DUQN-126,564,21.4,PASS,1.282,88.86,2.09,2.14,88.68,2.66,2.32,86.96,2.92,3.72,86.03,2.68,4.65,3.828,0.0638,FieldSure-Narcotics-v2.1,0.901,NEG_NO_REACTION,VALIDATED_LAB_CONFIRMED,LAB-CONFIRM-81732,FTIR (Fourier Transform Infrared Spectroscopy),Fentanyl HCl (Trace / Weak Response),3.75,Levamisole (8.2%),TRUE_POSITIVE,INDEPENDENT_HELD_OUT_TEST_SET
FS-2026-01734,2026-08-27T08:46:00Z,OP-FORENSIC-111,Border_Control_Post_3,Tar/Sticky Resin,Mecke Reagent (Selenious Acid/Sulfuric Acid),LOT-2026-MECK-763,564,18.1,PASS,1.114,89.87,0.07,4.65,89.28,0.33,6.25,88.85,1.17,7.22,89.17,1.19,7.65,3.278,0.0546,FieldSure-Narcotics-v2.1,0.945,NEG_NO_REACTION,VALIDATED_LAB_CONFIRMED,LAB-CONFIRM-81733,GC-MS (Gas Chromatography-Mass Spectrometry),"3,4-MDMA (Ecstasy)",50.21,Phenacetin (11.0%),TRUE_POSITIVE,INDEPENDENT_HELD_OUT_TEST_SET
FS-2026-01735,2026-08-27T09:10:00Z,OP-FORENSIC-108,Metropolitan_Task_Force,Pressed Tablet (Crushed),Marquis Reagent (Formaldehyde/Sulfuric Acid),LOT-2026-MARQ-312,7589,19.0,PASS,1.771,88.47,2.19,2.24,76.7,13.24,-2.04,66.76,24.41,-3.61,61.06,28.95,-5.5,39.081,0.6514,FieldSure-Narcotics-v2.1,0.983,POS_MDMA,VALIDATED_LAB_CONFIRMED,LAB-CONFIRM-81734,FTIR (Fourier Transform Infrared Spectroscopy),"3,4-MDMA (Ecstasy)",59.92,Dimethylsulfone (18.4%),TRUE_POSITIVE,INDEPENDENT_HELD_OUT_TEST_SET
FS-2026-01736,2026-08-27T09:24:00Z,OP-FORENSIC-114,District_Lab_North,Off-White Powder,Marquis Reagent (Formaldehyde/Sulfuric Acid),LOT-2026-MARQ-102,564,26.3,PASS,1.091,94.93,2.18,1.5,78.35,16.12,-5.11,64.8,27.93,-10.04,57.49,34.44,-13.3,51.59,0.8598,FieldSure-Narcotics-v2.1,0.987,POS_OPIATE_HEROIN,VALIDATED_LAB_CONFIRMED,LAB-CONFIRM-81735,LC-MS/MS (Liquid Chromatography-Tandem Mass Spectrometry),Heroin Hydrochloride,51.75,Dimethylsulfone (18.4%),TRUE_POSITIVE,INDEPENDENT_HELD_OUT_TEST_SET
FS-2026-01737,2026-08-27T12:52:00Z,OP-FORENSIC-112,State_Forensic_Field_Team,Pressed Tablet (Crushed),Simon's Reagent (Sodium Nitroprusside/Acetaldehyde),LOT-2026-SIMN-527,564,28.2,FAIL_BLUR,11.004,91.93,1.49,1.43,,,,,,,,,,,,FieldSure-Narcotics-v2.1,0.029,ABSTAIN_FAIL_BLUR,UNVALIDATED_QC_ABSTAIN,LAB-CONFIRM-81736,GC-MS (Gas Chromatography-Mass Spectrometry),Procaine / Benzocaine (Local Anesthetic),0.0,N/A (Inert Sample),ABSTAINED_NO_PREDICTION,INDEPENDENT_HELD_OUT_TEST_SET
FS-2026-01738,2026-08-27T17:48:00Z,OP-FORENSIC-124,Customs_Evidence_Unit,Off-White Powder,Scott Reagent (Cobalt Thiocyanate Phase),LOT-2026-SCOT-327,2363,27.1,FAIL_GLARE,7.706,94.76,-1.24,5.77,,,,,,,,,,,,FieldSure-Narcotics-v2.1,0.143,ABSTAIN_FAIL_GLARE,UNVALIDATED_QC_ABSTAIN,LAB-CONFIRM-81737,GC-MS (Gas Chromatography-Mass Spectrometry),Fentanyl HCl (Trace / Weak Response),13.64,Phenacetin (11.0%),ABSTAINED_NO_PREDICTION,INDEPENDENT_HELD_OUT_TEST_SET
FS-2026-01739,2026-08-27T18:08:00Z,OP-FORENSIC-121,District_Lab_North,Pressed Tablet (Crushed),Scott Reagent (Cobalt Thiocyanate Phase),LOT-2026-SCOT-811,7589,20.1,PASS,0.9,95.15,1.79,1.51,95.46,1.95,3.98,95.06,0.4,5.11,94.68,0.02,4.68,3.661,0.061,FieldSure-Narcotics-v2.1,0.987,NEG_NO_REACTION,VALIDATED_LAB_CONFIRMED,LAB-CONFIRM-81738,GC-MS (Gas Chromatography-Mass Spectrometry),LSD (Lysergic Acid Diethylamide),48.68,Caffeine (14.5%),TRUE_POSITIVE,INDEPENDENT_HELD_OUT_TEST_SET
FS-2026-01740,2026-08-27T18:22:00Z,OP-FORENSIC-108,Metropolitan_Task_Force,Crystalline Powder,Mandelin Reagent (Ammonium Vanadate/Sulfuric Acid),LOT-2026-MAND-150,564,22.4,PASS,1.322,91.38,-0.98,3.49,91.05,-3.59,4.9,89.41,-2.1,6.08,88.92,-2.24,6.12,3.815,0.0636,FieldSure-Narcotics-v2.1,0.973,NEG_NO_REACTION,VALIDATED_LAB_CONFIRMED,LAB-CONFIRM-81739,GC-MS (Gas Chromatography-Mass Spectrometry),"3,4-MDMA (Ecstasy)",65.49,Dimethylsulfone (18.4%),TRUE_POSITIVE,INDEPENDENT_HELD_OUT_TEST_SET
FS-2026-01741,2026-08-27T20:17:00Z,OP-FORENSIC-107,Metropolitan_Task_Force,Crystalline Powder,Marquis Reagent (Formaldehyde/Sulfuric Acid),LOT-2026-MARQ-704,564,18.4,PASS,0.798,94.56,-0.04,3.97,92.72,-0.27,4.81,92.96,-0.84,3.04,92.5,-0.43,3.75,2.108,0.0351,FieldSure-Narcotics-v2.1,0.956,NEG_NO_REACTION,VALIDATED_LAB_CONFIRMED,LAB-CONFIRM-81740,LC-MS/MS (Liquid Chromatography-Tandem Mass Spectrometry),Delta-9-THC,52.27,Caffeine (14.5%),TRUE_POSITIVE,INDEPENDENT_HELD_OUT_TEST_SET
FS-2026-01742,2026-08-27T20:57:00Z,OP-FORENSIC-118,Metropolitan_Task_Force,Pressed Tablet (Crushed),Simon's Reagent (Sodium Nitroprusside/Acetaldehyde),LOT-2026-SIMN-362,2363,27.8,PASS,1.466,87.57,2.21,2.24,84.91,2.14,1.74,85.12,2.18,2.25,86.19,3.14,1.99,1.683,0.028,FieldSure-Narcotics-v2.1,0.912,NEG_NO_REACTION,VALIDATED_LAB_CONFIRMED,LAB-CONFIRM-81741,LC-MS/MS (Liquid Chromatography-Tandem Mass Spectrometry),Fentanyl HCl (Trace / Weak Response),5.04,Lactose / Starch,TRUE_POSITIVE,INDEPENDENT_HELD_OUT_TEST_SET
FS-2026-01743,2026-08-27T22:49:00Z,OP-FORENSIC-109,Customs_Evidence_Unit,Off-White Powder,Simon's Reagent (Sodium Nitroprusside/Acetaldehyde),LOT-2026-SIMN-477,564,21.3,PASS,0.7,89.63,-0.64,1.14,87.65,0.66,1.72,87.74,0.21,0.58,87.56,0.78,0.49,2.593,0.0432,FieldSure-Narcotics-v2.1,0.933,NEG_NO_REACTION,VALIDATED_LAB_CONFIRMED,LAB-CONFIRM-81742,LC-MS/MS (Liquid Chromatography-Tandem Mass Spectrometry),Heroin Hydrochloride,57.37,Dimethylsulfone (18.4%),TRUE_POSITIVE,INDEPENDENT_HELD_OUT_TEST_SET
FS-2026-01744,2026-08-27T23:36:00Z,OP-FORENSIC-105,Border_Control_Post_3,Tar/Sticky Resin,Marquis Reagent (Formaldehyde/Sulfuric Acid),LOT-2026-MARQ-112,564,20.3,PASS,1.84,89.19,1.04,5.09,71.73,3.03,20.12,58.56,6.05,30.0,51.65,5.98,36.55,49.228,0.8205,FieldSure-Narcotics-v2.1,0.926,POS_FENTANYL_WEAK,VALIDATED_LAB_CONFIRMED,LAB-CONFIRM-81743,GC-MS (Gas Chromatography-Mass Spectrometry),Fentanyl HCl (Trace / Weak Response),9.2,Phenacetin (11.0%),TRUE_POSITIVE,INDEPENDENT_HELD_OUT_TEST_SET
FS-2026-01745,2026-08-28T04:45:00Z,OP-FORENSIC-116,State_Forensic_Field_Team,Off-White Powder,Duquenois-Levine Reagent (Vanillin/Acetaldehyde),LOT-2026-DUQN-482,564,32.6,PASS,1.173,95.38,-0.33,4.31,95.08,0.07,3.88,95.04,-0.77,4.07,94.8,-0.05,4.71,0.758,0.0126,FieldSure-Narcotics-v2.1,0.95,NEG_NO_REACTION,VALIDATED_LAB_CONFIRMED,LAB-CONFIRM-81744,FTIR (Fourier Transform Infrared Spectroscopy),LSD (Lysergic Acid Diethylamide),35.13,Levamisole (8.2%),TRUE_POSITIVE,INDEPENDENT_HELD_OUT_TEST_SET
FS-2026-01746,2026-08-28T05:21:00Z,OP-FORENSIC-118,Border_Control_Post_3,Crystalline Powder,Ehrlich Reagent (p-DMAB/HCl),LOT-2026-EHRL-537,564,22.2,PASS,1.019,86.89,0.53,2.56,87.09,0.38,2.04,87.65,-0.68,3.58,87.18,0.67,3.34,0.844,0.0141,FieldSure-Narcotics-v2.1,0.932,NEG_NO_REACTION,VALIDATED_LAB_CONFIRMED,LAB-CONFIRM-81745,GC-MS (Gas Chromatography-Mass Spectrometry),Inert Cutting Agent (Lactose/Caffeine),0.0,N/A (Inert Sample),TRUE_NEGATIVE,INDEPENDENT_HELD_OUT_TEST_SET
FS-2026-01747,2026-08-28T05:39:00Z,OP-FORENSIC-100,Customs_Evidence_Unit,Pressed Tablet (Crushed),Simon's Reagent (Sodium Nitroprusside/Acetaldehyde),LOT-2026-SIMN-640,564,23.0,PASS,0.534,93.15,-1.03,1.97,92.18,-1.92,1.45,90.28,-1.67,1.41,89.79,-2.45,1.45,3.685,0.0614,FieldSure-Narcotics-v2.1,0.94,NEG_NO_REACTION,VALIDATED_LAB_CONFIRMED,LAB-CONFIRM-81746,LC-MS/MS (Liquid Chromatography-Tandem Mass Spectrometry),Methamphetamine HCl,71.05,None (High Purity Grade),TRUE_POSITIVE,INDEPENDENT_HELD_OUT_TEST_SET
FS-2026-01748,2026-08-28T06:49:00Z,OP-FORENSIC-110,Border_Control_Post_3,Off-White Powder,Marquis Reagent (Formaldehyde/Sulfuric Acid),LOT-2026-MARQ-889,7589,20.6,PASS,1.423,92.33,-0.89,5.57,92.22,-1.37,6.95,91.0,-2.27,5.33,91.84,-3.24,4.62,2.582,0.043,FieldSure-Narcotics-v2.1,0.949,NEG_NO_REACTION,VALIDATED_LAB_CONFIRMED,LAB-CONFIRM-81747,GC-MS (Gas Chromatography-Mass Spectrometry),Procaine / Benzocaine (Local Anesthetic),0.0,N/A (Inert Sample),TRUE_NEGATIVE,INDEPENDENT_HELD_OUT_TEST_SET
FS-2026-01749,2026-08-28T12:50:00Z,OP-FORENSIC-119,Border_Control_Post_3,Pressed Tablet (Crushed),Mandelin Reagent (Ammonium Vanadate/Sulfuric Acid),LOT-2026-MAND-482,2363,27.9,PASS,0.691,95.35,0.63,4.93,94.87,1.4,5.85,93.09,0.96,6.25,91.93,0.83,5.54,3.48,0.058,FieldSure-Narcotics-v2.1,0.989,NEG_NO_REACTION,VALIDATED_LAB_CONFIRMED,LAB-CONFIRM-81748,LC-MS/MS (Liquid Chromatography-Tandem Mass Spectrometry),Inert Cutting Agent (Lactose/Caffeine),0.0,N/A (Inert Sample),TRUE_NEGATIVE,INDEPENDENT_HELD_OUT_TEST_SET
FS-2026-01750,2026-08-28T19:58:00Z,OP-FORENSIC-123,Border_Control_Post_3,Crystalline Powder,Marquis Reagent (Formaldehyde/Sulfuric Acid),LOT-2026-MARQ-337,564,20.6,PASS,0.376,95.51,-1.1,2.23,95.51,-0.63,3.2,93.83,-0.73,4.04,93.86,-0.05,4.0,2.638,0.044,FieldSure-Narcotics-v2.1,0.987,NEG_NO_REACTION,VALIDATED_LAB_CONFIRMED,LAB-CONFIRM-81749,LC-MS/MS (Liquid Chromatography-Tandem Mass Spectrometry),Delta-9-THC,38.93,Phenacetin (11.0%),TRUE_POSITIVE,INDEPENDENT_HELD_OUT_TEST_SET
